:10000000C0AC002011530000B3900200FD5200006C
:10001000FD520000FD520000FD52000000000000F3
:10002000000000000000000000000000D5530000A8
:10003000FD5200000000000075530000FD5200005A
:10004000D9550000F9940100D9550000D955000098
:10005000D9550000D9550000D9550000D9550000E8
:10006000D9550000D9550000D9550000D9550000D8
:10007000D9550000D9550000D9550000D9550000C8
:10008000D9550000D9550000D9550000D9550000B8
:10009000D9550000D9550000D9550000D9550000A8
:1000A000D9550000D9550000D9550000D955000098
:1000B000D9550000D9550000D9550000D955000088
:1000C000D9550000D9550000D9550000D955000078
:1000D000D9550000D9550000D9550000D955000068
:1000E000D9550000D9550000D9550000D955000058
:1000F000D9550000D9550000D9550000D955000048
:100100007BB972B90029BEBF00204FF0004106E064
:1001100008BF00281CBF6FF000414FF0FF3000F017
:1001200057B8ADF1080C6DE904CE002909DB002BAE
:100130001ADB00F069F8DDF804E0DDE9022304B021
:100140007047404261EB4101002B1BDB00F05CF883
:10015000DDF804E0DDE9022304B0404261EB410137
:10016000524263EB43037047524263EB430300F098
:100170004BF8DDF804E0DDE9022304B0404261EB16
:1001800041017047524263EB430300F03DF8DDF854
:1001900004E0DDE9022304B0524263EB43037047FD
:1001A00053B94AB9002908BF00281CBF4FF0FF31DE
:1001B0004FF0FF3000F00CB8ADF1080C6DE904CE43
:1001C00000F022F8DDF804E0DDE9022304B0704716
:1001D000704700BF10F8012B11F8013B012A28BF1E
:1001E0009A42F7D0D01A7047034611F8012B03F852
:1001F000012B002AF9D17047034613F8012B002A7E
:10020000FBD1181A013870472DE9F04786468C4615
:100210000846089E154674461946002B40F0C280D9
:100220008542B2FA82F245D94AB1C2F1200300FAFE
:1002300002FC2EFA03F3954043EA0C0C94404FEA7B
:10024000154EA8B2BCFBFEF8230C0EFB18CC08FB25
:1002500000F943EA0C43994528D9EB1808F1FF3718
:1002600004D2994502D9A8F102072B44A3EB090354
:10027000A4B2B3FBFEFC0EFB1C330CFB00F044EA03
:100280000344A04214D92C190CF1FF3304D2A0422C
:1002900002D9ACF102032C44241A43EA07401EB1F0
:1002A000D440002334607360BDE8F0874746DDE743
:1002B0006346F1E792BB431B01214FEA154EAFB2F3
:1002C000B3FBFEFC200C0EFB1C330CFB07F840EAD2
:1002D0000343984562D9EB180CF1FF3004D29845DE
:1002E00002D9ACF102002B44A3EB0803A4B2B3FB88
:1002F000FEFC0EFB1C330CFB07F744EA0344A74249
:100300004ED92C190CF1FF3304D2A74202D9ACF11B
:1003100002032C44E41B43EA0040C0E7C2F120037F
:1003200020FA03F1954090402EFA03F303434FEA7D
:10033000154EAFB2B1FBFEFC0EFB1C10190C0CFBF2
:1003400007F841EA0041884504FA02F422D9691805
:100350000CF1FF3004D2884502D9ACF102002944E7
:10036000A1EB08019BB2B1FBFEFC0EFB1C110CFBC8
:1003700007F743EA01439F420ED9EB180CF1FF3116
:1003800004D29F4202D9ACF102012B44DB1B41EAAB
:10039000004192E76046E3E76146F7E76046A3E77E
:1003A0006346B7E7834206D916B9002108467BE7C2
:1003B000C6E900E0F9E7B3FA83F78FB9834201D3C6
:1003C000724508D8BEEB020460EB030301209C4693
:1003D0001EB9002168E73846FAE7C6E9004CF8E79D
:1003E000C7F1200CBB4022FA0CF41C432EFA0CF18E
:1003F00020FA0CF3B84001434FEA14490EFA07F50E
:10040000B3FBF9F81FFA84FE09FB18300B0C08FB4C
:100410000EFA43EA00439A4502FA07F240D9E3187C
:1004200008F1FF3004D29A4502D9A8F10200234412
:10043000A3EB0A0389B2B3FBF9F809FB183308FBF5
:100440000EFE41EA03418E452CD9611808F1FF33B5
:1004500004D28E4502D9A8F10203214443EA0040A8
:10046000A0FB0298A1EB0E014145CE46434602D3C4
:1004700006D14D4504D2B9EB020E68EB04030138F6
:10048000002EA6D0B5EB0E0261EB030101FA0CFCC5
:1004900022FA07F34CEA0303F940C6E9003198E772
:1004A0004046C5E74346D9E7F7B50022114640F676
:1004B000034006F031FD0446002853D106F014FA3B
:1004C000214601AA41F2030006F026FD0446002859
:1004D00048D1019AAD4DD168D1F80100D1F805108D
:1004E00005F1780303C3104605F0F8FC214601AA84
:1004F00041F2010006F010FD044698BB0198C36864
:100500005A7885F870205A88A5F872201A7985F8EB
:100510007120B3F80720A5F87420B3F80530A5F8CA
:10052000763005F0DBFC214601AA41F2020006F01C
:10053000F3FC0446B0B9019FFA6805F18006531C2C
:10054000413218685968344603C40833934226463A
:10055000F7D1384605F0C2FC95F87C305B0604D430
:100560006FF01204204603B0F0BD01AA002142F250
:10057000030006F0D1FC04460028F3D1019B844E11
:10058000DA68D2F80100D2F8051003C6184605F063
:10059000A5FC214601AA42F2020006F0BDFC044679
:1005A0000028DFD1019CE368B3F8012091B249B182
:1005B000D97839B1A5F80421DA78114606F1280076
:1005C0002DF0C0FE204605F089FC95F87C601F23C5
:1005D00016F02006A5F8203119D14FF0FF304FF06A
:1005E000FF3106F039FB0446002800F0C7800221E5
:1005F0000C3005F0DDFD01230370467021463246C4
:1006000040F66D4006F088FC04460028AAD195F813
:100610009C301F0712D501AA002142F21C0006F0EF
:100620007BFC044600289DD10198C368D3F80120C3
:10063000D3F80530C5E9382305F050FC95F8D830DB
:100640009E0625D50DF10201684629F056F90446AB
:10065000002887D14FF0FF304FF0FF3106F0FCFA51
:100660000646002800F08A8004210C3005F0A0FD29
:10067000BDF800300380BDF8023043802246314689
:1006800042F2240006F048FC044600287FF46AAFDA
:1006900095F8D8305C0610D501AA002142F22A0054
:1006A00006F03AFC044600287FF45CAF0198C3686A
:1006B0005B7885F8223105F011FC4FF0FF304FF0E8
:1006C000FF3106F0C9FA0446002857D008210C3043
:1006D00005F06EFD95F8D81011F0400F024640F27B
:1006E000022308BF032388074CBF43F02C0043F0CC
:1006F0000C0095F8D9308F0648BF40F0400013F049
:10070000090F18BF40F40060CE0748BF40F010004A
:10071000002128F033FF2146002242F2010006F0BA
:10072000FBFB044600287FF41DAF95F87C30B5F83C
:100730000411980625D4C9B901AA41F2050006F0B2
:10074000EBFB044600287FF40DAFB5F80431019CA3
:100750004BB9E368B3F80120A5F804219A880D4845
:1007600011462DF0EFFD204605F0B8FB4FF0FF30AD
:100770004FF0FF3106F070FA044668B96FF0680474
:10078000F0E60029F2D16FF00404EBE6000000204F
:10079000D80000200801002008210C3005F008FDD9
:1007A00095F8D830D907024652D42D484FF0005161
:1007B00028F0E4FE2146002240F6014006F0ACFBA2
:1007C000044600287FF4CEAE014601AA4FF6014050
:1007D00006F0A2FB044620BB019805F07FFB2146F2
:1007E00001AA4FF6024006F097FB0446C8B90198EB
:1007F000C368B3F80130A5F8C13005F06FFB95F878
:10080000C1305B070DD501AA21464FF6034006F023
:1008100083FB30B90198C3685B7885F8C03005F078
:100820005DFB29F01AFA044600287FF49BAE08F01D
:10083000E9FE044600287FF495AEEB79002B3FF4E7
:1008400091AE0821074828F0F9FD06F0B9FA89E6CB
:1008500001A1D1E90001ABE79088000200800020EF
:1008600010880002D40000202DE9F843D0E90738B1
:10087000856903EB08042F34A5420F46164619D8A4
:10088000DFF86C80A3FB080117A3D3E90023FFF76F
:1008900087FC0346601BA0FB080123F07F4412A3E2
:1008A000D3E90023FFF77CFC20F07F403C60306000
:1008B000BDE8F883DFF838900BA3D3E90023A5FB4C
:1008C0000901FFF76DFC20F07F440A480A2106A3C6
:1008D000D3E90023E8FB0901FFF762FC20F07F4029
:1008E0003C603060BDE8F8838D49FD1A07000000C8
:1008F00000CA9A3B00166BF1002800F03C812DE9FC
:10090000F04FC74C94F85E2012F001058DB040F016
:100910006E81607EFF2300F00300A37618F028F9B3
:1009200094F85E00420726D4627F94F8293004EBE5
:10093000820204EB8303166AD3F82C8086B1B84890
:10094000314611F069FD33785B0605D506210CF0C0
:10095000A1FE002800F04D81B148414611F05CFD38
:10096000337813F00E0F40F09D8063698BB10C203B
:100970000DB0BDE8F08F2A4604F15F01C0F3C0005E
:1009800018F07AFAFF28A076CED0284618F00AF997
:10099000CAE70FF0E7F98146002800F038810FF030
:1009A000EDF98246002800F02F8112F061F805462B
:1009B000002800F04581D0F888004FF6FF73AB8423
:1009C00005F1100B002800F01A8105F17C0205F1F9
:1009D00078010CF06BFEB5F8763023F4EF6323F06A
:1009E000070343F48C7343F00103A5F8763095F8C0
:1009F000373003F03F0363F07F0385F8373095F815
:100A00008E3023F0070385F88E3095F83C3023F0C4
:100A10000F03002785F83C304FF4C023C5F8883118
:100A20002846C5E91277C5F88870A5F88C7085F856
:100A300039706F85C5F82E702F65A5F88E71A5F8F1
:100A4000847114F0C5F985F85071C5F8549112F00D
:100A5000E7FA95F8943160F3020385F8943112F0C7
:100A6000E5FA95F8943160F3C50385F8943195F86B
:100A7000803167F3410385F880310121284612F067
:100A80000FFF05F1D40013F07BFFC4E9159AC4F8F9
:100A900014B0C5E902772F702D6119F059FB0028B9
:100AA00040F0A980237E0121C3F342030DF12B0006
:100AB0008DF82B300CF096FF024600285DD098F898
:100AC0000110304611F064FA5649574BB4F85C7087
:100AD000A0FB0101C0184FF000054FA3D3E900238C
:100AE00041F10701C4E902552570FFF759FB606029
:100AF0000EF04CFA00F109083FB9357805F00F0502
:100B0000A5F10105B5FA85F56D09207E636865F3E9
:100B1000000010F00105207636D0444A09920020EA
:100B200010600225424A434F04930BAE0193059295
:100B30000321CDE9020006944346009008960797EA
:100B40002A460B950EF024F931460FF0C9F9A0B9E9
:100B5000394905914AF2D8330093CDE90300CDE934
:100B600001000797089606944346012203210B953E
:100B70000EF0F2F82EE011F05BB96369002B3FF440
:100B8000F6AE11F011F9F2E6284A2C48049303F26C
:100B900047130694029591211360A7FB000301FB04
:100BA0000731244B0793224B05934FF6FF730992AD
:100BB000022703930BAE18A3D3E900230B970896E3
:100BC000FFF7EEFA4346CDE900503A4628460321A6
:100BD0000EF0DEF831460FF083F90028CDD194F8FD
:100BE0005E300120034384F85E3017F0A3FF00203D
:100BF000BEE61220BCE611F0D7F80320B8E605F1F6
:100C00008000C5F88800E0E648460FF0B1F80720FC
:100C1000AEE600BFAFF300808D49FD1A070000006B
:100C2000D43F002000CA9A3B8C49FD1AC83F0020DF
:100C30000D200100EDF00000F91A0100002AE78400
:100C400050460FF0A1F848460FF092F8DFE700BFDA
:100C500070B5037E8AB0C3F342030D4604460121FA
:100C60000DF1230016468DF823300CF0BBFE717891
:100C70000246284611F08CF91F49204AA0FB013199
:100C8000981841F107011AA3D3E90023FFF788FA66
:100C900063689842054621D21B1A00220192184A25
:100CA0000293184BA21AA3FB02320221520900231D
:100CB0000A4409AE099114490591CDE90333032192
:100CC000D2B20696009318460EF0C2F831460FF0E5
:100CD00007F938B9656000200AB070BDFBD9C21AA7
:100CE0000023DBE70C200AB070BD00BFAFF300802B
:100CF0008D49FD1A0700000000CA9A3B8C49FD1A75
:100D0000D43F00204FECC44EEDF000000000000086
:100D10002DE9F04F06468DB08A4601200221994602
:100D200015461BF0DBF900220B90022101200CF08C
:100D30000DFD3B494FF4D07230460CF097FCC71CB8
:100D4000384B0093FFB201964B463A4601210020F2
:100D50000EF0D8F810F0FD0F0ED0334A3349344866
:100D600040F6B40327F0B2FB002383F31188BFF3EE
:100D70006F8F0323184602DF2E4CA5FB044526A3E4
:100D8000D3E9002320462946FFF70AFA089606967B
:100D900073680493284B20F07F48A8FB0331E01AC6
:100DA000264B07934FF00702254B059302FB0811D2
:100DB0004FF6FE7365EB010103934FF47A72002343
:100DC000FFF7EEF94FF0000BCDE90180CDF800A060
:100DD0004B463A46012158460DF0BEFF10F0FD0F7C
:100DE0000DD0114A1149124840F6C90327F06EFB95
:100DF0008BF31188BFF36F8F0323184602DF0B9B21
:100E000013B90DB0BDE8F08F0122022110460DB0DC
:100E1000BDE8F04F0CF09ABC8D49FD1A07000000A8
:100E2000302D002085290100D4F8020098F9020035
:100E300054F3020000CA9A3B8D49FD1A252901008E
:100E40004D7F0100000000002DE9F0418468A28C74
:100E50004FF6FF739A428CB044D00546204614F0FA
:100E600055FA2B7D012B00F02081022B00F013811D
:100E7000002B00F0F28094F85061002E40F00E81BB
:100E80002B8AE78D94F93720CDE90A666BB3002AE7
:100E9000C0F258810023A4F88A31AB7CA28D03F004
:100EA0000303551C012BADB23AD0B4F88E31002BA0
:100EB00000F00481AB4240F258815B1B9BB20022E0
:100EC000062BA4F88E31E28540F2F58094F9373094
:100ED0009342C0F24F81002325E09DF82710204661
:100EE00012F082F90CB0BDE8F081002AB8BF84F896
:100EF0007561AB7CA28D03F00303551C012BADB2D1
:100F00000ED0B4F88A31002BCFD0AB4240F23C81F6
:100F10005B1BA4F88A31B4F88E31002BCAD102E0F1
:100F20000023A4F88E3194F83C2063F3820284F805
:100F30003C2029460DF12702204613F085FF74302E
:100F4000CBD0B4F888312BB1AB4240F2EC805B1BC4
:100F5000A4F88831B4F884312BB1AB4240F2DA8086
:100F60005B1BA4F88431E58D16B9AF4200F0C9804F
:100F70000135ADB294F8D13013F0010731D1DDE97C
:100F80000A130A46002B40F0CC80002900F0BB80F9
:100F90001F461846A28C24690694CDE903560332F5
:100FA000994D0290CDE90017D2B20121002005959C
:100FB0000DF04EFF10F0FD0F94D00EF0BBFF8442F9
:100FC00090D0924A9249934840F2825327F07EFA99
:100FD000002383F31188BFF36F8F0323184602DFCA
:100FE00080E794F937206FF30003002A84F8D130AA
:100FF0007FDB94F87600C0F3C00100F0070018F022
:10100000BFFEB4F86E20B4F86C301344E28B03F2E8
:101010003F1313440344804A80480721E3FB002127
:10102000104677A3D3E90023FFF7BAF8DDE90A13E6
:1010300020F07F4260686260904235BF171A801AC4
:10104000002000270A46002BA4D157EA010CA1D1A9
:10105000002858D019461F469CE794F88E3003F0BC
:101060001803182B7FF407AF218DB4F886218B1D50
:101070009A42C4BF931F5B1AB4F88211CCBF9BB2D3
:101080001346994200F09C80A4F88231A4F8843180
:10109000A4F88821EFE63D2684F8506131462046C9
:1010A0000CB0BDE8F04112F09FB80023A4F88831DD
:1010B000A4F88431DFE60126334634E7E28C052AC2
:1010C00097BF013240F2E2434FF4FA7392B203FB4E
:1010D00002F2B4F88C3142F2107101FB0323013BA0
:1010E000B3FBF2F39BB2A4F88E31002B7FF4E2AE97
:1010F00019E794F87700012100F0070018F042FE8C
:101100007FE7354636E7002D43D0002711463846A5
:101110003B463FE70023A4F88431204613F036FF16
:1011200021E7384636E70EF06FFE0146A0B30023F4
:10113000A4F88831A38CC3801B23037100680EF0D0
:1011400035FE07E794F875316BB3013B84F87531D0
:1011500004F1D408404613F055FCB8B3404613F0F0
:1011600051FCB8B30023E38594E60821204612F031
:101170003BF8B7E6A7B9D4F878315A0813F0010361
:1011800036D1C4F87821A6E63E21204612F02CF88C
:10119000A8E6002EB9D1A5E60123A4F88831D9E646
:1011A00013460126BFE60AAA0BA92846FFF75CFBF7
:1011B000DDE90A231343CBD0237884F87531C7E7E0
:1011C000B4F8881100297FF456AE5FE7FF2011F0D4
:1011D000CDFFC3E70246D4E91E010CF07FFA0028D8
:1011E000C0D194F83C301B0744BF238DE38551E602
:1011F00042F000421E46C4F878213B4693E600BF09
:101200008D49FD1A07000000E1280100D4F8020012
:1012100014FA020054F302008C49FD1A00CA9A3BEA
:101220002DE9F04F87B0CDE90423BDF844200378C1
:101230000292BDF84820BDF840B0BDF84C90078E32
:10124000019104460392002B00F00C81013FBFB2D4
:1012500094F87600D4F80C81A7EB09039DB2C0F393
:10126000C00100F00700009518F08AFDE68C052EFD
:1012700040F2F08016FB05F6B6B240F2E24ABBF14E
:10128000050F40F2DB80B4F86E20B4F86C301344E4
:1012900003F2D5130344824A82480721E3FB00216D
:1012A0004FF09613E3619623104623847AA3D3E983
:1012B0000023FEF775FF5D4620F07F4040F2E243D9
:1012C0000AFB06F203FB05F5531E2B44B3FBF5F3B3
:1012D0001FFA83FA606005FB0AF08242564680F0EE
:1012E0009F807049801AA0FB01016BA3D3E9002302
:1012F000FEF756FF20F07F408044628DB4F8143131
:101300001A44914494F83720A9EB07094E44D209B6
:10131000668500F0AE80216C624F03FB0112009BDA
:1013200001FB03F3A16C0A44616C8A4294BFC3EBD6
:101330000203C3EB0103A36418F05AFF064694F8B6
:101340007401C0F3420018F057FF064405FB06F68F
:10135000554B06F5742606F23F26A3FB0636B60C5F
:10136000A36C26640AFB06F06A080344963A93428B
:1013700028BF1346C4E91123049B40F2E24909FB4C
:1013800003F323650023A0FB0701C4F87C3142A3CB
:10139000D3E90023FEF704FF444B059AA8EB0008AD
:1013A000A3FB0230800A09FB00F0A0FB07013AA36F
:1013B000D3E90023FEF7F4FEAE1B20F07F47029B2B
:1013C0002385039BA4F88C3129462046A4F826B037
:1013D00013F076FD364B218D2B44881DB3FBF5F3BE
:1013E0009AB29042A4F8862104D2C1F57F41FA3125
:1013F0000A4492B2019BA4F8822113B10023A4F8FD
:101400008E314346324639462046FFF781FC94F838
:10141000803143F0010384F8803107B0BDE8F08FDC
:10142000121A2048A2FB00011BA3D3E90023FEF7F8
:10143000B7FE20F07F40A8EB00085EE74FF0961360
:101440000BF10105E36196232384ADB20A204FF42A
:10145000FA7335E7009B013616FB03F6B6B24FF47C
:10146000FA7A0CE7438D1F44B0F814311F44BFB221
:10147000EEE6104A1049114840F6851327F026F889
:10148000002787F31188BFF36F8F0323184602DF0D
:101490002E4694E7AFF300808D49FD1A0700000047
:1014A0008C49FD1A00CA9A3B83DE1B435917B7D1FA
:1014B0007FC3C901D4F8020030F4020054F30200E3
:1014C0002DE9F04F0B6891F81180D3F80090037F5D
:1014D000176895B00446C3F38013D0F81E008DF84A
:1014E0003F30B8F1FF0F638C12900E461546ADF8F1
:1014F0004C300DF1480A52D19AE803001090ADF833
:1015000044102346E28D53F82EBB9B78AB722A81A0
:10151000D4F82A306B60D4F83A30C5F8223005F19F
:10152000220094F83E30037105210CF05BFA95F827
:10153000273000F03F0060F3050385F8273094F86A
:101540003F30C3F3040285F82820A28EEA820128E6
:1015500003F01F0392B20AD91B3303F01F030B2BB6
:1015600005D8063A92B240F67A439A4223D900222D
:10157000C9F8082095F82C3062F3000385F82C3068
:10158000E56801265846214626710EF003FC2868BE
:101590002E7129460EF00AFC15B0BDE8F08F10AA96
:1015A0000DF13F01404616F0F7FF9DF83F30023342
:1015B0008DF83F30A5E7336800215960E38EEA8A51
:1015C0002B8340F2E24303FB02F20B92638E0D93F6
:1015D000384613F089FC94F83F2097F874115209AB
:1015E00062F3430187F8741118F002FE0C9097F82B
:1015F0007401C0F3420018F0FFFD0C9A0B991044DF
:1016000001FB00F0BC4A00F5742000F23F20A2FB71
:1016100000204A08800C963A28636A6394F83120C7
:1016200040F2E24302FB03F36B64238FA7F88C3193
:10163000384613F045FC0B99B04BB14AC7F89021DE
:101640000B44B3FBF1F39AB2A7F88621298B881DCE
:10165000824204DDC1F57F41FA310A4492B2A7F813
:1016600082216B68C7F87831234613F81C2FC2F328
:1016700040120C92DA0700F1FC804FF48073A383D0
:1016800099F81A0017F018FD04F12B03002800F058
:10169000EC80626AC4F82B20228D9A80B8F1FF0F8B
:1016A00000F00A81BAF804301298A4F82930C4F87E
:1016B00025009DF83F30A3771098BDF84430C4F85A
:1016C0001F00A4F82330EB8A63862B8BA386B7F820
:1016D0008C31E38697F87431C3F3420384F83830D1
:1016E000384611F0D1F9A882E08021465846746846
:1016F0000EF050FBAB8AE3801C2323710C9BD4F8C3
:101700000080002B40F0CC800C9B23772146404684
:101710000EF04CFB95F86700B5F85C80B5F85E40BC
:10172000012100F0070018F02DFB444404F2D51409
:1017300082460444DFF8CC8173484FF096130721AA
:10174000C5E90333E4FB080169A3D3E90023FEF7ED
:1017500027FD20F07F4078602A6B0B9B0D989D1A27
:10176000F36840F2E24101FB003404F2B344022189
:10177000A41A012000220BF0E9FF484610F008FEF1
:10178000A4EB0A040246A4FB0801144658A3D3E9BB
:101790000023FEF705FDCDF80490B3685B49009186
:1017A00020F07F4AA21C3A3BD2B2534401210020D0
:1017B0000DF0A8FB012800F0858099F81830DB07B0
:1017C00066D4384611F060F94E4BA5FB03980446E9
:1017D00047A3D3E9002348464146FEF7E1FC4C4BC2
:1017E000B6684C4A079220F07F45A5FB0331B9EB60
:1017F0000300494B05934FF4F873069708937B68F1
:101800004FF0000BCDE903B34FF0070303FB0511C5
:1018100068EB01014FF47A720023FEF7C1FC033438
:101820003A3EE4B2CDE90150CDF800A0334622465D
:10183000012158460DF090FA10F0FD0F0DD0374AF7
:101840003749384840F2F11326F040FE8BF31188F7
:10185000BFF36F8F0323184602DF012202211046D7
:101860000BF074FF15B0BDE8F08FC4F82B00988022
:1018700014E72A4A2C492B48FD2326F027FE002393
:1018800083F31188BFF36F8F0323184602DFF4E65A
:10189000002301220093184611460DF0F1FA90E75B
:1018A00095F8273043F0400385F82730281D16F0BF
:1018B00063FC0123288528E70022C4F82520A4F82A
:1018C0002920F6E60EF036FB81453FF476AF134A49
:1018D000164914484FF4267326F0F8FD002383F3CD
:1018E0001188BFF36F8F0323184602DF65E700BF3F
:1018F0008D49FD1A0700000083DE1B437FC3C90129
:10190000404B4C0000CA9A3B8C49FD1A0D7F0100E8
:101910008D49FD1AD97E01004D7F0100F4FE0200C1
:1019200098F9020054F3020074F6020050FF02001E
:101930002DE9F04F8FB00DF137010446DFF8F0A02C
:10194000DFF8F0800DF136000EF0A0FA9DF8363089
:101950009DF837B00B930DF019FBDAF80060A6FB89
:10196000085631A3D3E90023002781463146284693
:10197000FEF716FCCDE90777069420F07F44DAF8ED
:1019800004002D4B0593A0FB080127A3D3E90023F6
:10199000FEF706FC294B20F07F40A4FB0331072211
:1019A00002FB0411CDE90370E81A66EB01014FF464
:1019B0007A720023FEF7F4FB0097CDE901404B4615
:1019C0000B985A4603210DF0C7F910F0FD0404D01E
:1019D0006FF08B000FB0BDE8F08F1948194A002353
:1019E00022F030FD20B9DAF80C000FB0BDE8F08F1E
:1019F0009DF837209DF836000094234603210DF012
:101A00003FFA10F0FD0F0CD00F49104A1048E423A4
:101A100026F05CFD0F4826F059FD0C48E42126F025
:101A20004CFD6FF07300D5E78D49FD1A07000000EB
:101A3000D449002000CA9A3BB19301008D49FD1A98
:101A4000BC490020447B0B00CC0203005C02030075
:101A500054F302001403030038B50F4D04460DF093
:101A600095FAA9680DF094FA696803460B48B3FB30
:101A7000F4F4A1FB00011C4405A3D3E90023FEF705
:101A80008FFB20F07F40844294BF0020012038BDAE
:101A90008D49FD1A07000000D449002000CA9A3B76
:101AA000F0B5C468636883B00546002B64D119F0B3
:101AB00079FE002019F09CFE0021084619F08AFEEC
:101AC00000222521082019F0C7FE474B019301A8E9
:101AD00019F0AEFE454940F25B6019F05DFF237AD4
:101AE000C3F3420262F306132046237218F0A2FDEC
:101AF00017F0BEFB58BB637A9B071FD127682E687F
:101B0000384618F0E3F806446A6806F10901012036
:101B10001AF08AF81AF048F9204610F045FC811CAA
:101B20003246C9B2384618F0D3F8054678BB20468D
:101B300018F074F888B9002003B0F0BD012016F049
:101B4000EDFF4178821C00781AF00EF8D6E7607A33
:101B500010F0030018BF0120F1E7254A2549264867
:101B600040F2294326F0B2FC85F31188BFF36F8F52
:101B70000323184602DFDEE793F82C309A0796D04D
:101B80001E48214619F0CCFD19F0B2FED3E7184AE1
:101B90001B49194840F2114326F098FC194B0721C4
:101BA000A5FB030301FB05310DA3D3E90023FEF7D9
:101BB000F7FA15490246154826F088FC002585F3FA
:101BC0001188BFF36F8F0323184602DF10482146A8
:101BD00019F0A6FD19F08CFE6FF08B00ACE700BF8A
:101BE00000CA9A3B00000000D6BE898E55555500AC
:101BF000F005030040F5020054F30200659E010069
:101C000030F402008D49FD1AA0060300740603009B
:101C100005A20100000000002DE9F041C468A28A7D
:101C20004FF6FF739A4282B000F0DF80054619F04C
:101C300045F82B89628B208CA3831A4492B21044FE
:101C400094F82730E28380B2411C21845E064FF075
:101C50000001618304F1220100F1A18003F03F0043
:101C60000B4694F82810009004F1290016F03CFA75
:101C70000646D4E90C31A28B02FB0333A26B13445A
:101C8000E26B8B4294BFD21852188A4228BF0A4690
:101C9000E263616C226C94F867301144616494F8DB
:101CA0007E2094F82C10C3F3020363F3061112F0A4
:101CB00004024FF0000384F82C10A363236478D04F
:101CC00019F070FD002019F093FD201D19F0B0FDF2
:101CD0002389A17A40F25B6043EA014119F05CFE7E
:101CE000304618F007F82146594819F019FDA08927
:101CF00019F08EFF94F8662094F86700C2F3C003D1
:101D0000002102F0070200F0070019F0ABFE2046A8
:101D100019F086F827682E68384617F0D7FF064472
:101D20006A6806F10901002019F07EFF80461AF06A
:101D30000FF800201AF026F8E36B94F8670003F11F
:101D40002F02636C00F00700012103EB420519F03C
:101D5000C1FD4544054494F8670000F007000228DF
:101D600025D004280CBF4FF4BC73282301211D4447
:101D700019F0B2FD284419F0DDFFA18A0331324683
:101D8000C9B2384617F0A4FF0546002834D12046D2
:101D900017F044FFD0B9002002B0BDE8F0810A4638
:101DA00003F03F03218D16F0EBF9064661E7182397
:101DB000DCE7D4E91A010BF091FC002880D194F8FB
:101DC0007E3043F0040384F87E3079E7214A2249CB
:101DD00022484FF4B07326F079FB85F31188BFF3E6
:101DE0006F8F0323184602DFD5E71D48214619F0FF
:101DF00097FC19F07DFDCEE7164A1A4917484FF4B3
:101E0000AB7326F063FB184B0721A5FB030301FB13
:101E100005310DA3D3E90023FEF7C2F913490246A9
:101E2000134826F053FB002585F31188BFF36F8F0D
:101E30000323184602DF0F48214619F071FC19F000
:101E400057FD6FF08B00A7E700CA9A3B0000000027
:101E500099B001002C07030040F5020054F3020082
:101E6000659E010030F402008D49FD1A80070300D1
:101E700074060300419E01002DE9F3410D461C4903
:101E8000804616461F46FEF7A5F9044690B9042D74
:101E900010D12A4601A93846B047042825D1019B14
:101EA000144A002B136008BF6FF01504204602B0DF
:101EB000BDE8F08110494046FEF78CF9044688B928
:101EC000012D0FD18DF804002A4601A93846B047EC
:101ED00001280AD19DF80430084A003B18BF0123AD
:101EE0001370E3E76FF00104E0E76FF00404DDE74F
:101EF000751503008C010020811503004D5800204A
:101F000037B5034600681B7901249C4043681B6871
:101F10001C420ED10E490F4A0F4840F2356326F09D
:101F2000D5FA0E4826F0D2FA0A4840F2356126F07A
:101F3000C4FA0569836801A95B68984730B92A68C3
:101F4000019B5340234214BF0120002003B030BD49
:101F500003150300D2140300411503005E150300AE
:101F600013B5124B12490446D1F81C24186882425A
:101F700088BF1A601B680F4801939A424FF0040211
:101F800038BFC1F81C340DEB020102F0C5FD50B999
:101F900009488DF8034001220DF1030102F0BCFD58
:101FA00008B9064B1C7002B010BD00BF8C010020A8
:101FB000501A0020701503007C1503004D580020B6
:101FC00030B589B00DF1030302930123022203937C
:101FD00001ABCDE90532002407238DF803208DF8ED
:101FE00010408DF81C300F489DF81C308168134359
:101FF0008DF81C308D68362302A9A8470A4A10B113
:10200000148009B030BDBDF804305BBA40F27121D4
:102010009BB24B434FF4FA51B3FBF1F39BB21380E5
:10202000EFE700BF7CE90200F85700200A4BD3F825
:102030001424002A0EDAB3F810140022A3F58053FA
:102040008A4201D30120704793F83000283310B141
:102050000132F5E700207047501A002030B589B0F2
:1020600002AB83E8030012B9FFF7E0FF58B3012089
:10207000FFF776FF034618BB144D0446EB68B4EB3C
:10208000931F11D395E80F0004AC84E80F00009370
:1020900094E80E000D4825F0F7FC034680B909B01E
:1020A000BDE83040FFF75CBFAB682046984708B1F9
:1020B0000134E3E7204601F0A9F903460028F7D0F0
:1020C000184609B030BD4FF0FF33F9E7500A002041
:1020D00002460B46014821F099BD00BFD8070020F9
:1020E000014821F063BE00BFD807002010B50346A9
:1020F0000A46006819790469012303FA01F143686B
:102100001B6819420ED10E490E4A0F4840F28E63E9
:1021100026F0DCF90D4826F0D9F90A4840F28E6124
:1021200026F0CBF92368194218BF82F0010222B1D0
:102130008368DB68BDE81040184783681B69F9E7CE
:1021400003150300D2140300411503005E150300BC
:102150002DE9F04103460A461979DB8800681343EC
:1021600003F03002302AD0E9014706690ED1324926
:10217000324A334840F2E33326F0A8F9314826F0DA
:10218000A5F940F2E3312D4826F097F92E4A2F4D5C
:102190001A40AA420CD12E49284A294840F2E73376
:1021A00026F094F92B4826F091F940F2E731EAE75E
:1021B00003F00602042A09D12749204A204840F2A8
:1021C000EA3326F083F940F2EA31DCE713F4402FDA
:1021D00013D09A030CD42149184A194840F2ED3320
:1021E00026F074F91E4826F071F940F2ED31CAE785
:1021F0001C4A9A4308BF83F44023246801258D407C
:10220000254223F480120CD117490C4A0C4840F2A5
:10221000FD3326F05BF9154826F058F940F2FD3100
:10222000B1E73468DB074CBF2C43AC4334603B68F8
:10223000BDE8F041184700BF87150300D214030022
:1022400041150300C0150300020003000200010055
:10225000FD1503004A16030099160300CC1603006F
:102260001B17030001001000031503005E15030097
:1022700008B508480021FFF739FF07480021FFF79C
:1022800035FF064B064800221A70BDE8084025F0CD
:102290008BBB00BF08EE0200F0ED02004E5800209C
:1022A0008031002008B50748FFF72AFE48B10648EC
:1022B0000021FFF71BFF054825F076FB044B0122A8
:1022C0001A7008BDF8ED020008EE0200803100200F
:1022D000DA05002038B5154D2B782BB301211448B1
:1022E000FFF704FF022025F044FB124805220121DC
:1022F00025F05DFB30B100212970BDE838400C4865
:10230000FFF7F4BE0B482322022125F050FB0446C0
:102310000028F0D11E2025F02CFB02210548224682
:1023200025F045FB2146E8E738BD00BF4C580020AA
:10233000E8ED02007CE9020008B5034825F005FB42
:10234000003818BF012008BD80310020F7B52948AA
:1023500025F0FBFA20B94FF0FF34204603B0F0BD62
:10236000254F97F82C34002BF5D1244D2B78012BD9
:10237000F1D02B78022BEED0214825F0E6FA044666
:102380000028E8D11F4E25F0E6FAD6E90023904256
:102390009941E0DAFFF74AFE0028DCD00022002352
:1023A0001448C6E9002325F0FFFA02232146164807
:1023B0002B70FFF79BFE154B1C70154B0093154BB4
:1023C000019302AB224613E90300FFF747FE0446E0
:1023D00028B1012387F82C3404232B70BDE705486E
:1023E000012125F0D6FA0C4B1B78002B0CBF0023E3
:1023F0000323F2E77C310020501A00204F580020C0
:1024000080310020380A0020F0ED02004E580020F4
:10241000611F00000D340000DA050020F8B5EFF36D
:102420001187202383F31288BFF36F8F224824F093
:1024300055FA68B9214A22492248882326F046F8ED
:102440001D49214826F042F888211C4826F035F81D
:102450001E4E194824F066FAD6E9004554EA0503F1
:1024600011D025F078FA1A4AD2E90034C01A61EB8B
:1024700004014FF47A720023FDF742FED6E90045CD
:10248000041945EB01050C4824F036FA68B90B4AEB
:1024900010490C4840F2311326F018F806490E484E
:1024A00026F014F840F23111CFE787F31188BFF31B
:1024B0006F8F20462946F8BD84310020561703004F
:1024C000831703004115030098170300480A0020F2
:1024D000400A0020AE170300C51703002DE9F04F96
:1024E000AE4BAF4E93E80700ADF62C0D07AC84E879
:1024F00007001E2200210DF132002CF0E4F8A94B58
:102500000E94CDE90A3328238DF830303C238DF822
:10251000313002238DF84C3001238DF84E301023DA
:102520000F93BFF35B8F56E8003F013346E800325C
:10253000002AF8D1BFF35B8FDFF86C82DFF86CB252
:10254000DFF86CA251E09AF800301BB1404625F04C
:102550002BFA52E0974825F0F8F90028F6D0964B70
:102560001B8840F647529BB29342EFD94FF0FF31A0
:102570004FF0FF30FFF7ACFDFFF750FF02460B4670
:102580008E48DFF83C9225F0CCFB0446FFF7A8FD0F
:102590001CB1042389F80030D8E7DBF808408348F1
:1025A00023680AA9984790B386480021FFF79EFD4B
:1025B0004FF0FF314FF0FF30FFF78AFD01217F48D8
:1025C00025F05AFCFFF78CFD404625F0EDF9042379
:1025D00089F80030BFF35B8F56E8003F013346E8CF
:1025E0000032002AF8D1BFF35B8F404625F0ADF9E9
:1025F0000028A8D10A2025F0BCF9BFF35B8F56E86C
:10260000003F013346E80032002AECD0F7E79AF8A1
:102610000030002BC8D1404625F097F90028C3D0E0
:1026200068480121FFF762FD322025F0A2F99AF8EF
:102630000030002BB8D1404625F087F90028B3D0F0
:10264000636801215846984705460028ACD101230C
:1026500089F800300223029314E0029B002B00F063
:102660008580013B05995848029321F013F8BFF388
:102670005B8F56E8003F013346E80032002AF8D16C
:10268000BFF35B8F404625F060F9002800F0BA8068
:102690009AF8003003F0FF07002B40F0B380CDE93B
:1026A0000577DBF808304148FA2200929C6805AAB9
:1026B00006AB3946A04704460028CED0BFF35B8F57
:1026C000424B53E8002F012A03D143E8007100294F
:1026D000F7D1BFF35B8F3B480021FFF707FDDBF825
:1026E00008703248022389F8003000217B6898473F
:1026F00000210091D7F808C006AB05AA5846E0476C
:10270000002800F0E5804FF0FF304FF0FF31FFF779
:10271000DFFC35B12CB92948AAB214A925F066FB13
:102720000446211E18BF0121244825F0A5FB0546BB
:10273000FFF7D6FC404625F037F9244825F034F958
:10274000002C00F0CA8004231C3489F8003000F00B
:10275000F080FFF78DFDBFF35B8F56E8003F01333C
:1027600046E80032002A00F0C580F6E7069B9B078A
:102770002ED00599144820F08DFFBFF35B8F134BCB
:1027800053E8002F012A03D143E800410029F7D183
:10279000BFF35B8F6FF04C049DE700BF40ED02007C
:1027A000743100200088130080310020BCE9020051
:1027B000DA0500207C310020F8570020500A002064
:1027C0004F58002008EE02006007002078310020FA
:1027D000059B029F0393069BB7EB530F20D30599EC
:1027E000594820F057FFBFF35B8F584B002753E841
:1027F000002F012A03D143E800710029F7D1BFF36C
:102800005B8F49D0404625F0A0F8044600283FF4ED
:1028100062AF9AF80030002B3FF429AF00245AE74A
:10282000039B039A023332F9172033F9173013440C
:1028300003EBD37314AA5B1053530235B5F5FB6F4A
:102840000FD14FF0FF314FF0FF30FFF741FC404810
:102850002A4614A925F0CAFA0446FFF741FC14B928
:1028600025460237B7E70599374820F013FFBFF335
:102870005B8F3649002251E8000F012803D141E85F
:102880000023002BF7D1BFF35B8F0CBF012515464A
:102890007FF421AF15461EE74FF0FF304FF0FF31B8
:1028A000FFF716FC55B12A48AAB214A925F09EFAE2
:1028B000044618B1FFF714FC3D460CE7244825F008
:1028C0000FFB04460025FFF70BFC002C9AD002E713
:1028D00005991D4820F0DEFE0AE775B1042389F84A
:1028E0000030BFF35B8F56E8003F013346E800320B
:1028F000002AF8D1BFF35B8F22E69AF8003063B16B
:10290000032389F80030BFF35B8F56E8003F0133A3
:1029100046E80032002AEDD0F7E789F80040BFF31F
:102920005B8F56E8003F013346E80032002AE1D0D1
:10293000F7E7BFF35B8F56E8003F013346E800320C
:10294000002AD7D0F7E700BF6007002078310020C9
:10295000500A002070B505460C46EFF3118620237F
:1029600083F31288BFF36F8F194823F0B7FF68B95C
:10297000184A19491948882325F0A8FD1449184810
:1029800025F0A4FD8821134825F097FD104823F079
:10299000C9FF144BC3E9005424F0DDFF124BC3E917
:1029A00000010B4823F0A8FF68B90A4A0F490B48F9
:1029B00040F2311325F08AFD05490D4825F086FDCA
:1029C00040F23111DFE786F31188BFF36F8F70BDDE
:1029D00084310020561703008317030041150300BC
:1029E00098170300480A0020400A0020AE17030091
:1029F000C517030008B50D4824F0F2FF18B10C48C4
:102A00000021FFF773FB094824F0EAFF18B10948D9
:102A10000021FFF76BFB054824F0E2FF18B10648E0
:102A20000021FFF763FB012001F0ACFADCE80200B3
:102A300008EE0200F0ED0200E8ED02002DE9F04F93
:102A4000A548A1B024F0CCFF002871D0A24824F002
:102A5000C7FF00286CD0A14C204624F0C1FF0028FD
:102A600066D09D4824F0BCFF002861D09A4824F02D
:102A7000B7FF00285CD09A484FF4B011FFF768FB0D
:102A800098484FF4B011FFF763FB97484FF4B0112B
:102A9000FFF75EFB95484FF48031FFF759FB4FF489
:102AA00080319348FFF754FB9249934B4B604FF4AE
:102AB00080738B60A368DB6913B1012220469847BD
:102AC000D4E901329469C4B11B68DB050ED48B498B
:102AD0008B4A8C484FF4657325F0F8FC8A4825F042
:102AE000F5FC87484FF4657125F0E7FC7B484FF013
:102AF000C0634FF0A0720821A0477C48DFF80C8229
:102B0000834CFFF7FDF9003818BF012088F800005A
:102B100098F80030002B0CBF002303230220237001
:102B200024F027FF7B482BF06EFB30B90423237081
:102B30006FF0120021B0BDE8F08F77482BF063FBF7
:102B40000028F3D00223237000F0D6FF30B1FFF746
:102B50008FFB042323706FF00400EBE74FF0FF318D
:102B60004FF0FF30FFF7B4FA00F09AFB6B4E0028ED
:102B700000F0E680012386F82C3404232370FFF74D
:102B8000AFFA674BD6F81C241B689A4238BFC6F8C8
:102B90001C34FFF715FA00220023CDE90623002399
:102BA0000522CDE90323CDE9013300935D495E4B56
:102BB0005E484FF4805222F09BFC5D4D28462BF07E
:102BC00022FBA8B15B4BAE680FCB18AC84E80F00BA
:102BD0002146B368584C284698470028206007DBF8
:102BE000022133682846984710B14FF0FF33236025
:102BF00024F0B1FE4FF0000BCDE90E01CDE90ABB88
:102C0000CDE910BBCDE908BBCDE912BBCDE90CBBCA
:102C10005F46DA46D84624F09EFE044634480D4608
:102C2000FFF76EF906463148FFF76AF9374BB0F106
:102C3000000914BF012200221A70354A00F0B48046
:102C400000212848FFF752FA3C4824F0ADFE304AF4
:102C5000117809B903211170002E05DAFFF708FB7E
:102C60002B4A0421117000260B9B9E4240F0A2804B
:102C7000B74200F0A180129BE11A139B65EB03029F
:102C8000192972F10002C0F29780002E40F0AF8047
:102C9000B8F1000F07D114F59673109345F10003B6
:102CA0000BF1010B1193BBF1000F12D0109B9C4252
:102CB000119B75EB0302C0F24A81154FBBF1010F66
:102CC0003B7800F30781012B40F01B811B4824F067
:102CD0006BFE0027BB46B4E0DCE80200BCE8020063
:102CE000F0ED020008EE0200E8ED0200F8ED02004F
:102CF00000EE020068310020A52200000315030049
:102D0000D2140300411503005E150300DA0500200C
:102D10004F580020BCE902007CE90200501A002054
:102D20008C01002000620020DD240000B809002092
:102D30001CE902004CED02008801002080310020D7
:102D400014AD284600F058FB95E80F00A6F5805713
:102D500087E80F004FF0FF33C6F81434814B1B781F
:102D60001CADB3B1804B1C93804B1D9395E80300C1
:102D70000122FFF773F900287FF4FCAE7C480121A3
:102D800024F007FE98F80030002B0CBF002303232B
:102D9000F4E6284600F030FB1F9B009395E80E00F8
:102DA000384624F071FEE6E71178032908BF82F85F
:102DB000009051E7CDE91245002F3FF474AFB8F110
:102DC000000F3BD1089BE01A099B40F6B83165EB38
:102DD0000302884272F1000230DB664B1A78002A47
:102DE00040F0828000F0C0FEFFF774FA84E0CDE985
:102DF00008454FF000083746C246089BE01A099B79
:102E000042F2107165EB0302884272F1000218DB96
:102E1000584B1A782AB11A78032A02D01B78042B4F
:102E200007D147F23053E318534A45F10001C2E994
:102E300000314FF0000B4FF0010A02E0BAF1000F31
:102E4000DBD00C9B9C420D9B75EB030222DBFFF752
:102E5000B7F830B9494A128840F6E34192B28A4243
:102E600002D8474824F0A0FD00214648FFF73EF96C
:102E7000454A00211170414A128841F29A0192B2EA
:102E80008A4201D9FFF7F4F914F5FA630C9345F17E
:102E900000030D933D4824F058FD0A9B8342814670
:102EA00057D10E9BE41A0F9B40F6B83265EB030531
:102EB000944275F100054FDA354A1168002903DBA9
:102EC00034488268D26890470A2024F052FDCDE948
:102ED0000A96A0E6012BD9B27FF4FBAE2E4824F06F
:102EE00058FDFFF7F7F9F4E61A78032A3FF47AAFB2
:102EF0001B78042B3FF476AF4FF0000B4FF0010826
:102F00009FE73B78002B7FF4E4AEB9F1000F7FF42C
:102F1000E0AE1A4B1B8840F6AB529BB293427FF651
:102F2000D8AE134824F011FD00283FF4D2AE0020A3
:102F30000021FFF7CDF800287FF4CBAE3B781BB91A
:102F40000F48012124F025FDFFF7CAF8C9E7002743
:102F500077E7CDE90E45AFE7FFF78AF9054A042187
:102F60001170B1E74D580020611F00000D340000C2
:102F70007C3100204F580020380A0020F8570020EC
:102F800080310020F0ED02004E5800207431002006
:102F9000880100201CE902007831002030B5094D7D
:102FA000C0430A44914201D1C04330BD11F8013BF6
:102FB0005840082340F300042C40013B84EA5000B1
:102FC000F8D1EFE72083B8ED10B5034624F00AFDF1
:102FD0000D4A904215D11A79012A12D103F110003D
:102FE00024F000FDB0F5FB6F0BD803F1240024F0B2
:102FF000F9FC0446184624F01AFD231A5842584199
:1030000010BD0020FCE700BF415241332DE9F74FCE
:1030100000F5805A1F46DDE90EB38946DAF8181428
:1030200001930446904624F0E7FCCAF81804E268CD
:103030009042054664D204F5A1560D364FF4006265
:10304000FF2130462BF03FFB2F493046012224F070
:10305000CBFC8AF831249DF844208AF8332404F507
:10306000A1500022414615308AF832948AF834245F
:1030700024F0BAFC04F5A1503946193024F0B4FC10
:1030800004F5A1500D991D3024F0AEFC04F5A250BA
:103090005946013024F0A8FC04F5A25001990530EE
:1030A00024F0A2FC04F5A2501099093024F09CFCF5
:1030B00004F5A25011460D3024F096FC0D9B33B15F
:1030C00004F5A2500C991A4615302BF0D4FA30466C
:1030D00024F0ADFC014604F5A250113004F58057F0
:1030E00024F082FC6B1CC7F818346368314628460C
:1030F000984710B1012387F82C3403B0BDE8F08F56
:103100006FF01B00F9E700BF41524133B0F5806F0B
:103110003FBFC308054AD35C00F007003ABF23FA5B
:1031200000F000F001000120704700BF5060002057
:1031300070B58CB0CDE904010692DDE91064174842
:1031400004AD08AAA3B107930023CDE908310223F7
:10315000CDE90A64CDE9013200950393A4B18368F7
:103160001C6802AB0E490D486A46A0470CB070BD02
:10317000CDE90743CDE909160B94009544B9012325
:10318000CDE901320223039383681C680023E9E739
:103190000223CDE901320393E1E700BF9CE902007D
:1031A00014EE020070B5B0F5803F86B005460C46BF
:1031B0006FD28009FFF7AAFF00286AD13649284656
:1031C00025F01EF8002859D1334B064613F8012B81
:1031D000FF2A55D10136B6F5006FF7D106238DF8D9
:1031E0000E300023CDE900331A4601210DF10E0007
:1031F000FFF79EFF002841D10DF10F01C02024F000
:1032000062FF00283AD19DF80F309A073BD5234B37
:103210001A889B78ADF81020CDE900008DF81230A7
:1032200022463346032104A8FFF782FF30BB102358
:10323000ADF814306BBACDE90000ADF81630024697
:103240000346042105A8FFF773FFB8B90DF10F007D
:1032500024F04BFF90B99DF80F301B0716D40E4990
:10326000284624F0CDFF48B90B494FF400622046B0
:103270002BF031FA002818BF6FF04C0006B070BD7B
:103280006FF01000FAE76FF00C00F7E76FF0040042
:10329000F4E76FF01500F1E7505800205CED0200F4
:1032A0002DE9F04186B051482AF0ADFF28B96FF002
:1032B0001204204606B0BDE8F0814D482AF0A3FF75
:1032C0000028F4D0FF238DF80C300023CDE9003323
:1032D0001A46012103A8FFF72BFF04460028E8D176
:1032E0000021422022F0CEFF0DF10D0024F0FDFE62
:1032F00004460028DDD19F23ADF81030032301934D
:1033000005AB009302460346022104A8FFF710FF15
:1033100004460028CDD19DF81430EF2BC7D19DF87D
:103320001530AA2BC3D19DF81630212BBFD108210F
:10333000B02024F00CFF04460028BAD101468022B8
:103340002C482C4E2BF0BFF901274FEA841800259A
:1033500016E001220DF10E014FF4006024F019FF78
:10336000A8B901220DF10F0124F013FF78B99DF8DF
:103370000E309DF80F201340FF2B08D17DB9012599
:10338000002105EB080024F018FF0028E1D0E20836
:1033900004F00703B15C07FA03F30B43B3540134A1
:1033A000B4F5806FD1D10021A02024F0D0FE0446D6
:1033B00000287FF47EAF1821B02024F0C8FE044618
:1033C00000287FF476AF0DF10D01B02024F07BFED4
:1033D000044600287FF46DAF9DF80D3003F018030C
:1033E000182B18BF6FF0040463E700BF9CE90200CC
:1033F000DCE8020050600020034B10B504460FCB00
:1034000084E80F00204610BD60ED0200B0F5806F2B
:103410007FB505464DD2FFF779FE0346002848D117
:103420000622CDE900008DF80A20012102460DF1A7
:103430000A00FFF77DFE28BB0DF10B01C02024F030
:1034400042FEF8B99DF80B309B0735D5D823AD0166
:10345000ADF80C306BBACDE90000ADF80E30024685
:103460000346042103A8FFF763FE58B90DF10B00D2
:1034700024F03BFE30B99DF80B4014F0040403D057
:103480006FF0040004B070BD0D4E3146601924F099
:10349000B7FE0028F6D10A4A034612F8011BFF299D
:1034A000EED10133B3F5006FF7D10134402CECD1EC
:1034B000E8E76FF01500E5E76FF00C00E2E700BF0A
:1034C00050580020024840F6CD42002321F0EEBDC6
:1034D0002027002010B5044641B9022126F023FE22
:1034E00020460349BDE8104008F07ABB10BD00BF7C
:1034F000900100202DE9FF4104460D4616461F4667
:10350000DFF83C804FF0FF324FF0FF33404620F0B1
:103510007DFB0C4B1B8802930B4B0193BDF82830AD
:10352000009332463B462946204628F03DF90446A2
:10353000404624F089FE204604B0BDE8F08100BF7B
:10354000EC070020D8050020EC050020F8B5EFF3CB
:103550001185202383F31288BFF36F8F1F4823F058
:10356000BDF968B91E4A1F491F48882324F0AEFFE1
:103570001A491E4824F0AAFF8821194824F09DFF0B
:10358000164823F0CFF91A4BD3E900462AF0C5FFBD
:103590004FF47A77A0FB073207FB0121DB0B43EAEC
:1035A0004143E41A0D4866EBD13623F0A5F968B91A
:1035B0000B4A10490C4840F2311324F087FF0749A9
:1035C0000D4824F083FF40F23111D6E785F31188CE
:1035D000BFF36F8F20463146F8BD00BF9831002001
:1035E00056170300831703004115030098170300C3
:1035F00050270020AE170300C5170300F0B58FB0A9
:1036000004F0B0FCFFF7A2FF012871F100030646A9
:10361000ACBF012000200C4609F098F903F0B4FE7D
:1036200000202E49039003AA09F020FD012E74F119
:10363000000302DA039B002B31D0294D0FCD09AFD7
:103640000FC709AF0FCFD5F800C004AD0FC5012ECD
:1036500074F10003B4BFC023002343F003030593B8
:103660000123C5F800C01F49009302221E4B04A885
:1036700004F046FC012E74F1000410DBFFF766FF36
:10368000012871F100010CDAFFF760FF012871F1E8
:1036900000010EDA21220023144821F007FD0FB0AB
:1036A000F0BDFFF753FF012871F10001ECDA0022B1
:1036B000F1E7FFF74BFFC90341EA504140F2E7331E
:1036C000C003C0184FF47A724FF0000341F10001BB
:1036D000FCF766FD02460B46DEE700BF37820200BC
:1036E00070ED020030EE020028EE020020270020DC
:1036F0002DE9F041A94CB6B0CA22002103A82AF056
:10370000E2FFA37865788DF80E30E3788DF80D50E0
:103710008DF80F30A2484FF0FF324FF0FF3320F00A
:1037200075FA032D45D19F4D2B78012B08D19C486C
:1037300024F08AFD09249C4B1B578DF80C30B5E012
:103740002B78022BF3D0FEF7F7FD0028EFD1974B33
:103750001B880E2B3CD1201D24F069FD804604F10E
:10376000080024F064FDA3895A1EB32A07462FD807
:1037700002222E782A704146009302460DF11A0368
:103780008B4824F003FCF6B2042E044605D0894B86
:103790001B78002B0CBF00260326002C2E7080F215
:1037A000C6807F4824F050FD1634162CC3D904235C
:1037B000C3E7013D052D0BD8DFE815F006006200D8
:1037C0000A00D40012012C01784B1B88042B04D072
:1037D000734824F039FD0024ADE701238DF8103043
:1037E000704B754C1B788DF81130724B94F82C246B
:1037F0001B788DF81230714B1B7883F0010343EA7C
:1038000042038DF813306E4BA4F580501B88ADF841
:10381000143024F068FA0DF11601002224F0FEFCA9
:10382000B4F81014D4F814041346A4F5805491424B
:103830001CDC5B48ADF81A3024F006FD10244FF074
:10384000FF334FF0FF325F4820F0E0F9224603A932
:103850005D482AF010FF5D4B5A481C805C4B0022EB
:103860001A7024F0F1FC36B0BDE8F08194F83050C5
:103870001DB990421CBF01339BB201322834D6E7F8
:103880004A4B1B88062BA3D14B4BA288B3F81004DC
:10389000D3F81454A3F5805300241E46A04207DC3D
:1038A00006238DF80C303E4824F0CEFC0424C6E7F5
:1038B00093F8301081B9A5420ED0511E89B252B989
:1038C000282202FB046595F8323043B1344824F0D5
:1038D000BBFC11242FE70A4601342833DEE704FB42
:1038E0000222286904A924F099FCB318B0585C6836
:1038F00005A924F093FC204606A924F08FFCE86972
:1039000007A924F08BFC286A08A924F087FC4FF44F
:103910007A53099341F20103ADF82830204895F815
:1039200031308DF82A301F2424F08EFC87E704A95B
:10393000404624F073FC05A9384624F06FFC22466B
:103940000DF11A010020ADF81840FFF727FB03AB7B
:1039500004F10E01194424F061FC1148123424F0E2
:1039600073FC6CE7114B1B88102B7FF431AF1948A7
:1039700024F05DFC0146184824F059FC0246174823
:1039800024F055FC03460A4824F0C8FA04460448CB
:1039900024F05AFC002C7FF407AF87E7D1600020A9
:1039A000D80700204F580020DF170300FA570020E7
:1039B000500A0020DA050020501A00204E5800203E
:1039C000F8570020EC070020EC050020D805002067
:1039D000D0600020D5600020D9600020DD6000208C
:1039E000144B1B880C2B7FF4F3AE1348134B144C71
:1039F00024F01DFC0146134824F019FCC31861F1A2
:103A000000029C424FF000039341FFF4E1AEFEF749
:103A1000A1FF48E7074B1B88082B7FF4D9AE094864
:103A2000094B24F004FC98427FF4D2AEFEF78EFCE2
:103A3000ACE700BFFA570020D9600020001FF4A1B6
:103A400000767A96D560002045524153F8B51C4661
:103A5000BDF818301546002B37D1231F102B34D852
:103A60009DF81C30DB0730D41678012E30D11A4F68
:103A70001A484FF0FF334FF0FF3220F0C7F83B7881
:103A80002BB1164824F0E0FB6FF0FD00F8BD224694
:103A9000294613482AF0EFFD124A134B0F481C80A9
:103AA00013463E7003F8016BB5F80110A2F801103F
:103AB000EA789A700D4B04221A8024F0C5FB0C4959
:103AC0000C482AF0A4FC2046E0E76FF00C00DDE78C
:103AD0006FF01200DAE700BFD0600020EC07002092
:103AE000D1600020EC050020FA570020D805002006
:103AF000883100208026002013B51449144820F096
:103B00009FFF1449144821F099F9002313491448E0
:103B100000934FF48052072321F020F9114805F05B
:103B20003FFD044670B903F0BDFA044650B925F0D4
:103B300075F9044630B908F009FF07480022002350
:103B400021F0B4FA204602B010BD00BFF1360000EB
:103B500088310020FD350000202700204072002021
:103B6000802600209401002070B5EFF311842023FB
:103B700083F31288BFF36F8F234822F0AFFE68B93A
:103B8000224A23492348882324F0A0FC1E492248C6
:103B900024F09CFC88211D4824F08FFC1A4822F058
:103BA000C1FE2AF0BAFC4FF47A72A0FB020302FBBA
:103BB0000131C30B43EA41434EF660229B18174D77
:103BC00011484FEAD13141F10001C5E9003122F03D
:103BD00093FE68B90D4A12490E4840F2311324F0A1
:103BE00075FC09490F4824F071FC40F23111D2E70D
:103BF00084F31188BFF36F8F0B48BDE8704000223B
:103C0000002321F053BA00BF98310020561703005B
:103C10008317030041150300981703005027002065
:103C2000AE170300C51703002027002010B5094C6C
:103C30000A44914200D110BD11F8013B58400309DC
:103C40000001E35CC0B2434018091B01205CDBB2F9
:103C50005840EEE7FB17030070B50C46002934D03E
:103C600002680B1F9B1AD90823F0070313445D88D1
:103C7000E8070DD4154A16491648AF2324F026FC50
:103C80002146154824F022FCAF21104824F015FCF1
:103C9000104624F0E5FA084432F83060801B814277
:103CA0000BD00A4A0D490B48B72324F00FFC2146DC
:103CB0000B4824F00BFCB721E7E725F001055D80F8
:103CC000BDE87040104624F088BB70BD0B1803009F
:103CD0002E180300411503003F1803007718030056
:103CE0009D1803002DE9F8434B1E0B4006680F4654
:103CF000144611D0C1F1000909EA01094A46042A13
:103D000003F1FF3128BF042219420CD11F46E4B948
:103D100000252846BDE8F883042913D8BDE8F843F8
:103D2000114624F08BBB3049304A31484FF4A6731A
:103D300024F0CCFB2F4824F0C9FB2C484FF4A6718B
:103D400024F0BBFB99460422E1E7BA1A04F007030A
:103D500002F007010B330B44E10801EBD20101EB48
:103D6000D301B368994228BF1946304624F0CEFAF1
:103D700080460028CCD009F1040505EBC0057B1E68
:103D800035441D44B5FBF7F57D43A5EB09052C44EF
:103D90002B1F07349B1B24F00704A41BB0EBD30F8D
:103DA0004FEAD3074FEAE40408D201463A463046C8
:103DB00024F0F9FA4146304624F057FA39463046A5
:103DC00024F04EFA3844844207D23046224624F08A
:103DD000EAFA2146304624F048FA06EBC706738813
:103DE00043F00103738094E7D91803000B18030014
:103DF00041150300F4180300B2F5802F2DE9F041BE
:103E00000ED33C493C4A3D4840F2132324F05EFB6C
:103E10003B4824F05BFB40F21321374824F04DFB74
:103E2000042A0CD83749344A344840F21A2324F083
:103E30004DFB354824F04AFB40F21A21EDE7043AE5
:103E4000CD1D8E1825F0070526F00706761B172EC8
:103E50004FEAD6070CD82D49274A284840F2232399
:103E600024F034FB284824F031FB40F22321D4E72E
:103E7000B7FA87F4C4F12002C4F12404A400073483
:103E8000E408631C4FF00008BB420560AF60C5F852
:103E90000C800CD91E49184A18484FF40E7324F0B0
:103EA00015FB194824F012FB4FF40E71B5E741469B
:103EB000920005F110002AF006FC630043F00103B4
:103EC0006B8005EBC4023B1B5900A5F800805180B4
:103ED000AA1925F83440A2F80280AB5305EBC703BA
:103EE00021465A8842F001025A802846BDE8F04136
:103EF00024F0BBB9111903000B180300411503008E
:103F0000271903003E1903005F1903007819030005
:103F1000A1190300014B1B68184700BFC001002016
:103F200030B585B004460D461022002168462AF0BF
:103F3000CAFB02238DF802302A46044B0193214626
:103F4000684623F0A5FA05B030BD00BF153F00005C
:103F500080B505460E461746984622F04DFA0346B0
:103F60002AF046FCDFF81890044649F80030424633
:103F700030463946A84754F8090001F0E5F900BF7A
:103F80000800000008B50446EFF31183202383F3F3
:103F90001288BFF36F8F1AF0CFFC204602F038F979
:103FA000024824F07DFA25F096F8FCE7CC190300CE
:103FB0002DE9F84F04460846A38B1907154612D47D
:103FC000022803F0070165D1204624F020FB88B1C8
:103FD0000138042800F23781DFE810F05C00350179
:103FE0008200D400040101280CBF43F0100143F00B
:103FF0002001A1831434204622F07EFC002840F0EA
:104000009D819A499A4A9B4840F2311324F05EFA06
:104010002146B1E003F00702501F01281ED80020FE
:10402000062A2768C4E9000014D13A4603E0E08B71
:104030000130E0831268002AF9D123F0070343F02E
:104040000202A283204624F0E2FA90B342F020025A
:10405000A2832EE023F007039AB2F2E7042A33D1B9
:1040600023F007039AB2A283204624F0D0FA10B1BD
:1040700042F02002A283A38B03F00709894540F098
:10408000EC80A18BCA0640F1508121F01003A3837C
:1040900001F00701D4F81880A38BB8F1000FB9DA4A
:1040A0000022276823F00703C4E9002243F001033C
:1040B000A383A38B03F00709894540F0CF80002F2D
:1040C000DFD00026B24644E06B496C4A694840F2B2
:1040D0001B1324F0FBF940F21B11684824F0EDF9A2
:1040E00049B16749654A63484FF4AB7324F0EEF970
:1040F0004FF4AB71F1E723684BB962495F4A5D4801
:1041000040F2571324F0E2F940F25711E5E7236932
:104110001E684EB95C49594A56484FF4AD7324F0B5
:10412000D5F94FF4AD71D8E7A38B23F0070343F023
:1041300006039BB2A3830F4688464FF00609A26888
:10414000002A40F08D80002F40F08D80002E98D006
:10415000BA4643F0080304F1140BA383584622F037
:10416000CBFB002840F09A804049414A414840F248
:10417000311324F0ABF95946444824F0A7F940F232
:104180003111ADE0022909D041493C4A394840F299
:104190005D1324F09BF940F25D119EE7E78B4FB170
:1041A0003C49364A33484FF4AF7324F08FF94FF44B
:1041B000AF7192E723695E684EB933492F4A2D48A3
:1041C00040F2611324F082F940F2611185E7A38B7C
:1041D00023F0070343F004039BB2A383B8464FF0D8
:1041E0000409ACE7012909D02B49244A21484FF49E
:1041F000B27324F06BF94FF4B2716EE723684BB9D8
:1042000020491E4A1B4840F2651324F05FF940F232
:10421000651162E723699E684EB91B49174A154824
:104220004FF4B47324F052F94FF4B47155E7A38BF3
:1042300023F0070343F005039BB20027A383B8468E
:104240004FF005097BE70C490C4A0A4840F26B1312
:1042500024F03CF940F26B113FE7002700266EE79F
:104260004FF0010A75E7924673E700BFAE170300EF
:10427000561703004115030019170300F519030031
:104280001A1A0300261A0300491A0300C51703006F
:10429000601A0300761A0300851A030085F311885B
:1042A000BFF36F8FBAF1000F1CD177BB16B126494F
:1042B0002046B047EFF31185202383F31288BFF324
:1042C0006F8F584622F00AFB38BB204A204921480C
:1042D000882324F0FBF859461F4824F0F7F888217A
:1042E0001A48FBE6A1680029DFD00D680029DCD060
:1042F000D1F804A043464A462046D0471DB12B685A
:1043000029461D46F2E72B46FAE7394643464A4618
:1043100020463F6824F0A7F9C7E7584622F002FB81
:10432000A38B23F00803A383ABE68B067FF562AE75
:1043300021F02003A38301F0070145E685F31188EE
:10434000BFF36F8FBDE8F88F5D4300005617030081
:10435000831703004115030098170300F8B50446BE
:104360000D4600F11406EFF31187202383F3128822
:10437000BFF36F8F304622F0B1FA68B90C4A0D498D
:104380000D48882324F0A2F80C48314624F09EF80A
:104390000748882124F091F8304622F0C3FAA5613D
:1043A0003A4620460121BDE8F840FFF701BE00BFB4
:1043B00056170300831703004115030098170300E5
:1043C0002DE9F04704460F4624F03DF9051E68DB51
:1043D00004F11409EFF3118A202383F31288BFF349
:1043E0006F8F484622F07AFA804660B9384A3949D8
:1043F0003948882324F06AF84946384824F066F89A
:104400008821334842E0484622F08CFAE38BA68BA1
:104410004FF6FF72934206F0070645D0022E15D1E3
:104420000133E3833546484622F066FA002841D13D
:10443000274A2B49284840F2311324F047F84946CF
:10444000284824F043F840F23111DAE7062E13D859
:10445000DFE806F0092D1212090409006FF0850546
:104460004FF00008DFE700233B60636883B9C4E9CD
:10447000007786B13546F3E71B4917481B4A4FF4CE
:10448000E47324F023F819484FF4E47124F015F88C
:104490001F606760EDE7524602212046FFF788FD66
:1044A00035462846BDE8F0876FF00A05D8E76FF07B
:1044B0000405D5E78AF31188BFF36F8FB8F1000FB9
:1044C000EFD0002332463946204624F0CCF8E8E706
:1044D00056170300831703004115030098170300C4
:1044E000AE170300C5170300851A0300F519030072
:1044F000F8B5054600F11406EFF31187202383F386
:104500001288BFF36F8F304622F0E8F960B9264A6F
:1045100026492748882323F0D9FF3146254823F030
:10452000D5FF882120482BE0304622F0FBF9AC8BE8
:1045300004F00704022C17D0012C0CBF6FF0040408
:104540006FF08504304622F0D7F938BB164A1A4975
:10455000174840F2311323F0B9FF3146174823F0D2
:10456000B5FF40F23111DDE7EB8B5BB91449104820
:10457000144A40F2EF1323F0A9FF124840F2EF1162
:1045800023F09BFF013B9BB2EB83002BDAD13A4631
:1045900021462846FFF70CFD2046F8BD87F3118819
:1045A000BFF36F8FF8E700BF5617030083170300B0
:1045B0004115030098170300AE170300C517030049
:1045C0009B1A0300F51903002DE9F0410F4605463B
:1045D000002850D000294ED000F11406EFF31188C6
:1045E000202383F31288BFF36F8F304622F076F9D1
:1045F00060B9224A22492348882323F067FF3146C5
:10460000214823F063FF88211C4817E0304622F040
:1046100089F939462846AC8B23F0DEFF80B104F0DF
:104620000704231F022B0DD918491648184A40F2D7
:104630002D2323F04BFF164840F22D2123F03DFFA0
:104640006FF07704304622F057F968B90B4A1149E8
:104650000C4840F2311323F039FF31460E4823F065
:1046600035FF40F23111CFE788F31188BFF36F8F28
:104670002046BDE8F0816FF01504F9E756170300F6
:10468000831703004115030098170300A91A0300BC
:10469000F5190300AE170300C517030008B54268FB
:1046A000816002F00302022A03460AD0032A4FF077
:1046B000000103D0012A0AD1596006E01868596048
:1046C00008BD186800225A6058B90020F8E706496A
:1046D0000648074A452323F0F9FE0548452123F003
:1046E000ECFE22F03BFDF0E7191703004115030033
:1046F000201B03002DE9F7430F4606460821C06A38
:10470000DFF8509024F055F83C68241A80463C604D
:1047100004EA0905AC4203D8002003B0BDE8F083E9
:1047200008236A462146304623F0DBFF0028F4D1F7
:104730006946304624F047F840B1BDF80230BDF874
:1047400004203C6005EA090513441D44A4EB080459
:10475000E0E700BF0000FFFF73B504460821C06A10
:10476000124E24F026F84FF6FF726368ADF8002071
:104770008DF80620A289191833401344181A002511
:1047800060606846ADF80210ADF8045024F008F8F7
:104790006946204624F0D7F82046211D23F0DAFF91
:1047A000636828463340A36002B070BD0000FFFF7D
:1047B0002DE9F047044688B000F11407384629F087
:1047C00088FDA06A8368DB689847E06228B96FF0CB
:1047D0001505284608B0BDE8F087A06A8368DB6845
:1047E00098470368013B1F2BF1D8A06A216805AAEE
:1047F00027F0FCFF0028EAD1A589002DE7D0069B11
:10480000B5FBF3F203FB1255002DE0D1E389012B38
:10481000DDD9E36A009593F805904FF0FF334FF030
:10482000FF3238461FF0F2F9E06A082123F0C1FF99
:10483000A8460646E3891FFA85FA534508D8E38956
:10484000434523D138461FF0B1FA6FF02C05C0E77D
:10485000A1892B04891B13FA81F14A4608232046BB
:10486000009123F04CFF78B16946204623F072FF97
:1048700008F10108009908234A4620461FFA88F8E3
:1048800023F03DFF0028DAD00135D3E753450BD1A3
:10489000009908234A46891B204623F030FF18B9A7
:1048A0006946204623F056FF69462046FFF722FF5F
:1048B000054618B138461FF079FA8AE7009B636015
:1048C0004FEA13484FEA0848C4F80880D4E90113B6
:1048D00099420FD3082301AA204623F002FF054680
:1048E0000028E7D101AB13F8012B914533D10135F5
:1048F000082DF8D163681B0C1B0469462046009301
:1049000023F028FFA38900994A46204623F0F7FEAA
:10491000051ECFDB636876D006EB03084FF6FF7900
:10492000A389CDF800801FFA88F29B1B9A422ED3F0
:1049300000236168002B43D0090C09040091204634
:10494000694623F007FF0099204623F010FF054633
:10495000002D74D0AEE701A9204623F034FF626831
:1049600010B9921B6260B1E7BDF80850BDF806109F
:10497000E06AC4F80880294423F01BFF40449042B9
:10498000A060EED1002DECD06FF01C0568E008238C
:1049900003AA4146204623F0A4FE0546002889D1FB
:1049A00003A9204623F00FFF30B1BDF80C304B4572
:1049B00002D1BDF810300BB1B044B1E70123B8E724
:1049C000204623F0D4FE054600287FF473AF6368C9
:1049D000264AA18913400B44A3EB460363601340AE
:1049E000A360204623F0D7FFB1E75B1A4A46204672
:1049F00023F085FE051EFFF65DAF08D0E26AA368CE
:104A000012681344A360D4E901318B42EDD8616888
:104A1000A38901EB46029A429AD1DFF85080A2683E
:104A200001EA08039A4293D0204623F0A0FE0546EF
:104A300000287FF43FAF636803EA0803A360A389FB
:104A4000A288A3EB46039A4206D038461FF0AEF97F
:104A5000012323740025BCE6204623F085FF05468C
:104A600038461FF0A3F9002DF2D0B2E60000FFFF98
:104A7000014B036000207047A4EE020070B5104B9C
:104A80001C680D46B4B10F4B196800238B4202DB42
:104A90006FF0010070BD224612F8106B864202D002
:104AA00001331446F2E7E06829F0ADFB28B12C6031
:104AB0000020EFE76FF00C00ECE76FF01200E9E781
:104AC000C4010020A4EE020010B588B04368029330
:104AD0008368C068CDE903320A680023CDE9062364
:104AE0000C4601AA0449059327F084FE079808B9EB
:104AF000059B236008B010BDA78D020002460B463F
:104B000001481FF083B800BF0008002001481FF0D3
:104B10004DB900BF000800202DE9F0410E4B1C6884
:104B200005460E4617469CB14FF0FF304FF0FF315F
:104B3000FFF7E4FF63682046D3F8108032463B4617
:104B40002946C0470446FFF7E1FF2046BDE8F08153
:104B50006FF00104F9E700BF9C31002000230360DF
:104B6000044B5A6812B9C3E90000704710605860DE
:104B7000704700BFA0310020014B1860704700BF94
:104B80009C31002030B585B00023019005464FF0E0
:104B9000FF314FF0FF30CDE90233FFF7AFFF094B94
:104BA0001C6844B9284600F09DF80446FFF7AEFFA4
:104BB000204605B030BD636820461B6801A99847B0
:104BC0002468EEE7A03100201FB5CDE901014FF0C8
:104BD000FF304FF0FF310392FFF790FF074B1C6847
:104BE00024B9FFF793FF204604B010BD6368204648
:104BF0001B6801A998472468F2E700BFA031002094
:104C0000024B0022C3E90022704700BFA031002000
:104C1000024B0022C3E90022FFF7F2BFA8310020B7
:104C20002DE9F74307460C4609B100230B60264DDA
:104C3000DFF8989000264D4524D92549254A264875
:104C40009C2323F043FC254823F040FC21489C2171
:104C500023F033FCD5F8008001AA4146384624F001
:104C6000E4F850B116B954B92E4606E03168002276
:104C7000404624F0DAF80028F5D11835DBE7019B2F
:104C80002360F1E7E6D3164B1D68C5B155F8188CC3
:104C900001AA41463846183D24F0C7F850B116B96C
:104CA00054B92E4606E031680022404624F0BDF893
:104CB0000028F5D1AD69E8E7019B2360F1E73046B4
:104CC00003B0BDE8F08300BF90EC020038ED0200B5
:104CD000781B0300461B030041150300A01B0300C3
:104CE000A83100202DE9F047DFF8CC90DFF8CCA008
:104CF00080464FF000470026314C3D464C4530D9A8
:104D00003049314A314840F2111323F0DFFB30487B
:104D100023F0DCFB2C4840F2111123F0CEFB2F4690
:104D2000EAE7B8F1000F03D122694AB91834E5E780
:104D300020680022414624F078F80028F4D1F5E7F5
:104D40006368BB4205DDAF4209D09D42A8BF1D4646
:104D5000ECE7EBD19047002E08BF0646E6E71D467C
:104D6000E4E7DED3DAF8004004B3183CB8F1000FF2
:104D700003D122694AB9A469F6E7206800224146B6
:104D800024F053F80028F4D1F5E76368BB4205DD51
:104D9000BD4209D09D42A8BF1D46ECE7EBD190472C
:104DA000002E08BF0646E6E71D46E4E7AF42B6D14F
:104DB0003046BDE8F08700BF38ED0200A831002082
:104DC00090EC0200781B0300461B03004115030012
:104DD000A01B030038B50C4D0C484FF0FF334FF0CB
:104DE000FF321EF013FF2B783BB9FFF711FF00F0E5
:104DF0006DF8044610B901232B70002403481EF0FF
:104E0000D5FF204638BD00BFE56000200008002027
:104E10002DE9F047048FDFF8B0A0013498B00646C2
:104E20008946A4B200F10807651EADB2B5F5004F82
:104E300047D04A2305AA2946384623F0ACFF04F59B
:104E40007F543F34A4B28046214601230DF10B026A
:104E5000384623F0A0FFB8F1000F014610DC00280F
:104E600010DC338FAB4209D132466B1E22F8383F3B
:104E70004FF400410223384623F05AFE2C46D3E774
:104E8000002808DC2946384623F021FF2146384611
:104E900023F01DFFE5E708F160030DEB0308002395
:104EA00008F84C3C5246CDF8009003AB05A8039798
:104EB000ADF8104023F0EFFF0028DFD018B0BDE8B8
:104EC000F0870020FAE700BF058F02007FB50125BB
:104ED000694628460195FFF7D1FD044660BB02AA4A
:104EE00001A9284623F081FF044610B110F10C0FF0
:104EF00022D10399B1F5803F23D2009A0023946810
:104F00001846084484421AD30133082BF9D10E4DB8
:104F1000A982EB825368AB602846D368EB6324F028
:104F200089F8044640B9094E6E602846FFF716FE20
:104F300028466E60FFF720FE204604B070BD9BB28D
:104F4000E5E76FF02004F7E7B0310020C80100204A
:104F500030BFFFF7FDBF00BF2DE9F0410B4EDFF87A
:104F6000308006EB0807CC1B05463246094920462F
:104F700029F081FBA01942460021083C29F0A3FB3F
:104F80006C6707F10800BDE8F08100BF0000000079
:104F90000800000038ED0200054B5A699B689A42F0
:104FA0001FBF044A536843F080535360704700BFEB
:104FB000A457002000ED00E0F8B52F4B15469A6A83
:104FC00012F0100F9A6A14BF1124102412F0080F67
:104FD0009A6A18BF1224970706460AD5586B9A6A30
:104FE000140634D519B19A6A22F080029A62132409
:104FF00001E06FF01500204B9A6A12F0010F9A6AD7
:1050000018BF142412F0200F9A6A18BF1524D10675
:1050100002D49B6A9A070AD5174F7B681B0506D5F1
:10502000314600F093FAA8B180F309880224124BAC
:105030009A6A920642BF5A6A22F400525A629A6AE7
:1050400042F0FF029A6200232B702046F8BD6FF0F9
:105050001500CCE7BB6AD906E9D50849084A0948D2
:105060004FF4927323F032FA074823F02FFA0448E2
:105070004FF4927123F021FA00ED00E0F11B0300E0
:10508000BF1B0300411503003B1C0300134B9A6A2E
:1050900012F0007F9A6A14BF1E201D2012F0807F3C
:1050A0009A6A18BF1F2012F4002F9A6A18BF212095
:1050B00012F4802F9A6A18BF222012F4003F9A6AD5
:1050C00018BF232012F4803F9A6A6FEA02426FEA07
:1050D00012429A6218BF2420704700BF00ED00E022
:1050E00010B5194B0246986A9C6A10F4805F14BF91
:1050F0001720162014F4006F9C6A18BF1820A4050E
:1051000009D5986B986A000404D51AB19A6A22F4FA
:1051100000429A6219200C4B9A6A12F4806F9A6AC4
:1051200018BF1A20D2050CD49B6A13F4005F18BF75
:105130001C20054A936A43F47F43936200230B705B
:1051400010BD1B20F5E700BF00ED00E0F0B55D4BA2
:105150005B688BB00446C3F30803002585F3118810
:10516000BFF36F8F02F07F40B0F17F4F08D102F0A4
:105170000C00082804D012074CBF0C46012574B956
:105180005149524A524840F2114323F09FF9514885
:1051900023F09CF940F211414C4823F08EF9002293
:1051A000033B8DF80720032B00F28480DFE803F037
:1051B000027A7E5D434AD36A13F002037AD1D16A40
:1051C00000291ADBD36A5B005FD55369A16943F4F8
:1051D00080735361BFF34F8FBFF36F8F536931F803
:1051E000021C23F480735361BFF34F8FBFF36F8FA3
:1051F0004DF6027399421FD123689DF80720CAB962
:1052000002AE04F1200720686168324603C2083408
:10521000BC421646F7D1099A002D4DD0C2F30801C1
:1052200021B96FEA52226FEA4222099202A9184676
:1052300023F035FF0BB0F0BD936ADBB23BB10DF14B
:10524000070201212046FFF7B7FE0346D5E7936A20
:1052500013F47F4F05D00DF107010120FFF740FF48
:10526000F3E7936AB3F5803F02D3FFF70FFFECE754
:105270001949164A164840F2EA2323F027F917483D
:1052800023F024F940F2EA2186E713490F4A104837
:1052900040F2ED2323F01AF9114823F017F940F2F8
:1052A000ED2179E70DF107020021CBE70DF10701B0
:1052B0000020D3E70023A0E722F4FF7222F00102CE
:1052C000B3E700BF00ED00E05E1C0300BF1B03005E
:1052D00041150300711C030019170300AF1C0300E4
:1052E000D31C0300044B5A6942F010025A615A69F8
:1052F00022F008025A61704700ED00E0EFF30880E9
:10530000EFF3098101B57246FFF720FF01BD00BF31
:105310000B4880F3088819F0DFFB202080F3118808
:1053200008484FF40461401880F30988EFF31480B3
:105330000221084380F31488BFF36F8F00F0CEF88A
:10534000C0AC002000930020084B9B6883420BD127
:10535000EFF3058343B1064B5A6842F080525A601E
:105360005A6A22F400425A6221F04CB8A457002035
:1053700000ED00E014498A684FF030001044EFF36C
:10538000098C80E8F01F202080F31288BFF36F8F14
:105390000E4F4FF000664A698A603E60506F0C4CB9
:1053A0002060906F0023936780F3118804B5104646
:1053B00000F030F9BDE8044002F1300090E8F01F41
:1053C0008CF3098870470000A457002004ED00E02A
:1053D000F03100201EF0040F0CBFEFF30880EFF354
:1053E0000980816911F8021C0229FFD001B57246BB
:1053F00023F05BFE01BD00BF40B2002807DB044A7A
:105400004109012300F01F00834042F8213070471A
:1054100000E100E040B200280CDB4309064900F03F
:105420001F0020330122824041F82320BFF34F8F19
:10543000BFF36F8F704700BF00E100E0054B4209EA
:1054400000F01F0053F82220012303FA00F010405F
:10545000704700BF00E100E038B54B1C072B044645
:105460000D460FD9114A124912486B2323F02EF82A
:10547000114829460723224623F028F80B486B21C0
:1054800023F01BF840B20028ACBF00F160400B4A8B
:105490004FEA4313B8BF00F00F00DBB2AABF00F51C
:1054A0006140135480F8003338BD00BF031D030072
:1054B0003A1D030041150300551D030014ED00E0E3
:1054C000044B054A23F07F039360BFF34F8FBFF374
:1054D0006F8F70470000000000ED00E008B5FFF797
:1054E000EFFF0B4AD2F8883023F47003C2F88830FB
:1054F000EFF3148323F0040383F31488BFF36F8F57
:105500001DF0ECFE21F016FA00F05AF81DF02AFF0B
:1055100000ED00E042F8203C009B42F81C3C0A49A8
:10552000019B42F8183C029B42F8143C21F0010117
:105530004FF0807342F8043C42F8081C0023203AE4
:1055400002658367704700BF513F0000094A034668
:10555000906870B113F1160F406E05D0A0F14002B3
:105560009A4205D8834203D2814228BF0020704767
:1055700000207047A457002008B515460B4A0C4B75
:105580009060426F1A600E4600F044F82C4686F395
:1055900009880020034B9847204600210022002361
:1055A000014C2047C9900200513F0000A457002041
:1055B000F0310020014B10221A61704700ED00E02D
:1055C000044800232021C2180133302B82F8001335
:1055D000F9D1704700E100E008B5EFF30583064A12
:1055E000103B02EBC30152F8330049688847BDE81D
:1055F0000840FFF7D1BC00BFFCE90200024B034AA0
:105600000348012100F076B80000042000000020CB
:10561000C8EE0200426E054B403A1A60044A40212F
:10562000C3E901121846012100F08AB8F4310020C4
:1056300000000B15084AC2F898000B6823F01F03FE
:10564000034343F01003C2F89C308B6843F001031E
:10565000C2F8A030704700BF00ED00E02DE9F04334
:10566000DFF8608085B00E461F4604464FF0000903
:10567000B14523DA6068D8B13FB1411E08421BD161
:105680001F2819D92368194216D12368019323F0E2
:105690003EFDA36803430393D8F89050C5F3072554
:1056A000D0B2013DA84207D801A9FFF7C3FF421CB1
:1056B00009F101090C34DBE76FF01502104605B063
:1056C000BDE8F08300ED00E0044B0522C3F8942010
:1056D000BFF34F8FBFF36F8F704700BF00ED00E047
:1056E000BFF35F8F024B0022C3F89420704700BFC6
:1056F00000ED00E038B50D4D01232A780C46FFF788
:10570000ADFF287016300FD1094A0A490A484FF4F4
:10571000BB7322F0DBFE0948214622F0D7FE044885
:105720004FF4BB7122F0C9FE38BD00BFE660002017
:10573000951D03001917030041150300C41D030044
:1057400010B5144A002312780C46FFF787FF10F1BA
:10575000160F08D0104A0021D2F89030C3F3072367
:10576000984210DB10BD0D4A0D490E4840F29513CA
:1057700022F0ACFE0C48214622F0A8FE074840F279
:10578000951122F09AFEC2F89800C2F8A0100130DC
:10579000E2E700BFE660002000ED00E0951D030099
:1057A0001917030041150300F01D03002DE9F04F08
:1057B000774E784CD6F890302568C3F307239D4286
:1057C00085B013D9744A7549754840F2AD1322F07B
:1057D0007DFED6F8902073482946C2F3072222F0B6
:1057E00075FE40F2AD116C4822F067FEFFF778FFBE
:1057F00000200C2685422DD16B4C6C4F25706846DD
:10580000FFF736F9DFF88881DFF8A4910646002516
:10581000AE4226D123785E490020D1F89020C2F311
:1058200007229342C0F2AA80FFF74EFFD1F89030D2
:10583000C3F30723082B00F0A7805E49564A584857
:1058400040F21F2322F042FE5B4822F03FFE40F26E
:105850001F21C8E7616806FB0011FFF7EBFE01306E
:10586000C8E7009A02EB05132901D3F80CA00AEA55
:105870000700B0F5000F64D00AD8B0F5001F3AD089
:10588000B0F5800F50D0B0F5801F12D00135BFE7C2
:10589000B0F1807F60D0B0F1007FF7D19868D3F885
:1058A00004A0525823F033FCCDE901A240F480203B
:1058B0000BE09868D3F804A0525823F028FCCDE9F7
:1058C00001A240F0885040F430200390D8F8903086
:1058D0002078C3F30723013B984248D92F492E4A29
:1058E0002F4840F2D71322F0F1FD344822F0EEFDAC
:1058F00040F2D71177E79868D3F804B0525823F0F4
:1059000006FC1AF0010F40EA0900CDE901B203904C
:10591000DCD02B49204A22487B2322F0D7FD29489E
:1059200022F0D4FD7B215EE79868D3F804A052589A
:1059300023F0EDFB40F00070CDE901A240F400300F
:10594000C3E79868D3F804A0525823F0E0FBCDE9F0
:1059500001A240F08270B8E79868D3F804A05258CA
:1059600023F0D5FBCDE901A240F08870ADE701A995
:10597000FFF760FE23780133237087E7C1F8983082
:10598000C1F8A000013348E7002005B0BDE8F08F62
:1059900000ED00E0D4EE0200951D0300191703008E
:1059A000411503001D1E0300E66000200000F0FF0B
:1059B00000000811D01E0300201F0300A61E0300D4
:1059C000511E0300771E030008B50649064821F062
:1059D0000701C1F1005202F58022FEF70DFA002006
:1059E00008BD00BF034601200032002008B5094869
:1059F0004FF0FF324FF0FF331EF008F948B106496F
:105A00000648074A7F2322F061FD05487F2122F0E6
:105A100054FD08BDE40100208A1F03004115030066
:105A2000501F030001481EF0C1B900BFE40100206F
:105A300038B50546FFF7DAFF08482A460821FEF781
:105A400051F9044628B925B128F0D2FE044B0C22A6
:105A50001A50FFF7E7FF204638BD00BF0032002094
:105A60000C00000010B50446FFF7C0FF21460348B4
:105A7000FEF7F2F8BDE81040FFF7D4BF0032002077
:105A800070B5A0FB01543CB92846FFF7D1FF06468C
:105A900040B90026304670BD28F0AAFE044B0C2207
:105AA0001A50F6E72A46214628F00DFEF2E700BF1D
:105AB0000C00000070B54169867A0B4D044659B15F
:105AC000437ADB0706D4342303FB0653DB6A1B68E7
:105AD0009B689847002363613420214606FB0050F1
:105AE000BDE8704028F020BC48080020024B34225A
:105AF00002FB0030704700BF48080020827A074B45
:105B0000342101FB02331A6B93F824301B33801AC3
:105B100023F00303B0FBF3F0704700BF48080020F8
:105B200038B5074B827A342404FB0233DB6AD3E9AD
:105B300001240C601568FFF7E1FF04FB005038BD3D
:105B40004808002008B5437A4BB10C490C4A0D486F
:105B50005A2322F0BBFC5A21094822F0AEFC4368CC
:105B60003BB10949064A07485B2322F0AFFC5B21A1
:105B7000F2E703824369C36008BD00BFBD1F030095
:105B8000981F030041150300CE1F03002DE9FF47B6
:105B900005466846039117461C4628F0C0FCDDE91F
:105BA000008945B95E495F4A5F48EE2322F08EFCCA
:105BB000EE215C4818E005F11C06EFF3118A202362
:105BC00083F31288BFF36F8F304620F087FE68B9E9
:105BD000564A57495448882322F078FC31465548A4
:105BE00022F074FC8821514822F067FC304620F0F6
:105BF00099FE6B8C002B5CD02A8C9A4239D90022FA
:105C0000002328461EF010FB0446002831D0304601
:105C100020F072FE68B9454A4749434840F23113C3
:105C200022F054FC3146454822F050FC40F231113C
:105C3000D9E78AF31188BFF36F8F039D002D5ED0E3
:105C400042464B46684628F08FFCA27A3C4B3421F2
:105C500001FB02332046DB6A1B6803A91E68DDE9ED
:105C60000023B0476061002839D12046FFF722FFAA
:105C700030E06C8C631E6B84304620F03DFE0028C3
:105C8000C9D08AF31188BFF36F8F95F824302A8C1E
:105C90001B33121B2C6B23F0030302FB0344284B22
:105CA000284AEB1A9B105343A37295F82430E372F1
:105CB000C3E7304620F020FE0028ACD08AF31188DC
:105CC000BFF36F8F23463A4628461EF0ADFA0446CE
:105CD0000028B2D10024204604B0BDE8F087039B21
:105CE0009D420DD918490F4A0F4840F2451322F042
:105CF000EDFB164822F0EAFB40F2451159E76561D9
:105D0000012300212381039BE27A6160638204F115
:105D1000180028F0D8FC2046FFF714FFDBE700BF8F
:105D2000A82A0300981F030041150300561703001B
:105D30008317030098170300AE170300C51703006D
:105D400048080020C54EECC4E81F0300F91F0300FB
:105D500070B50C46054658B92849294A294840F2E9
:105D60008D1322F0B3FB40F28D11254822F0A5FBE4
:105D700049B92549224A23484FF4C77322F0A6FBAC
:105D80004FF4C771F1E7EFF31186202383F31288F4
:105D9000BFF36F8F1D4820F0A1FD60B91C4A1D495B
:105DA0001848882322F092FB18491B4822F08EFBEA
:105DB00088211748DAE7154820F0B4FD0023236056
:105DC0006B689BB9C5E90044104820F095FD80B987
:105DD0000F4A12490B4840F2311322F077FB0B496E
:105DE0000F4822F073FB40F23111E2E71C606C6057
:105DF000EAE786F31188BFF36F8F70BDFC1F0300C5
:105E0000981F030041150300992303000C32002062
:105E1000561703008317030098170300AE170300FB
:105E2000C517030070B5044658B923492348244ACE
:105E30004FF4CD7322F04AFB21484FF4CD7122F08C
:105E40003CFBEFF31186202383F31288BFF36F8F9F
:105E50001C4820F043FD60B91B4A1C4917488823A1
:105E600022F034FB17491A4822F030FB88211648EB
:105E7000E5E7144820F056FD25682DB162682B68CF
:105E80002360954208BF63600E4820F035FD68B975
:105E90000D4A1049094840F2311322F017FB094915
:105EA0000D4822F013FB40F23111E0E786F3118830
:105EB000BFF36F8F284670BDFC1F03004115030020
:105EC000981F03000C3200205617030083170300AD
:105ED00098170300AE170300C517030070B50446FA
:105EE00098B1114D342620466468037A013BDBB239
:105EF00003724BB9C3604360837A06FB03539B6A0A
:105F00007BB19847002CEED170BD08490848094A7A
:105F100040F2AB1322F0DAFA064840F2AB1122F05D
:105F2000CCFAFFF7C7FDEDE74808002099230300EE
:105F300041150300981F030008B558B907490848E0
:105F4000084A40F2D51322F0C1FA064840F2D511B2
:105F500022F0B3FA027A0132027208BD99230300DB
:105F600041150300981F030008B5034658B90849B6
:105F70000848094A4FF4087322F0A8FA06484FF47B
:105F8000087122F09AFA18465B68002BFBD108BD15
:105F90009923030041150300981F030070B50D46B7
:105FA000044658B90F49104A104840F22B2322F0FA
:105FB0008DFA40F22B210C4822F07FFA49B90C49A6
:105FC000094A0A484FF40B7322F080FA4FF40B7120
:105FD000F1E746681EB10846FFF7C6FF46606560F8
:105FE00070BD00BFF4220300981F03004115030099
:105FF0002020030038B505460C4659B90C490D4818
:106000000D4A40F2372322F061FA0B4840F2372163
:1060100022F053FA20B9BDE838400846FFF78CBF9C
:10602000FFF7A2FF2146FFF7B9FF284638BD00BFA2
:106030002020030041150300981F0300034610B5FC
:10604000084659B91649174A17484FF4137322F0F6
:106050003DFA4FF41371134822F02FFACBB15A686E
:106060004AB912490F4A104840F24F2322F02EFA43
:1060700040F24F21EFE78A4209D00D49094A0A4808
:106080004FF4147322F022FA4FF41471E3E74A68D4
:106090005A60446800234360FFF720FF204610BD8C
:1060A00020200300981F0300411503000120030076
:1060B0000F20030008B548B90B490C4A0C482B23A4
:1060C00022F004FA2B21094822F0F7F983883BB12A
:1060D0000849064A06482C2322F0F8F92C21F2E759
:1060E00083680B44036008BD992303002520030047
:1060F000411503005120030008B5034600689A6863
:10610000821A91420BD9094909480A4A40F25513AB
:1061100022F0DCF9074840F2551122F0CEF99A88B6
:10612000401A11441860998008BD00BF7020030018
:10613000411503002520030008B582888A420346E2
:106140000BD2094909480A4A40F2C31322F0BEF9AA
:10615000074840F2C31122F0B0F9521A8280006859
:106160000844186008BD00BF60200300411503000B
:106170002520030008B5034600689A888A420BD29E
:1061800008490948094A40F2CF1322F09FF907480D
:1061900040F2CF1122F091F9521A01449A8019600D
:1061A00008BD00BF60200300411503002520030047
:1061B000F8B5858803680E4604465F1922F0E4FFAF
:1061C000B04209D206490748074A3E2322F07EF929
:1061D00005483E2122F071F93544A5803846F8BDC6
:1061E000942003004115030025200300024B0122E7
:1061F000C3F840250020704700E0014020B1034B68
:10620000800143F001031847704700BFE0ED020032
:10621000BFF34F8F0549064BCA6802F4E06213438F
:10622000CB60BFF34F8F00BFFDE700BF00ED00E084
:106230000400FA05F7B506460D4614461E4F3846CB
:1062400027F0E1FF68B91D4A1D491E48142322F0BA
:106250003DF939681C4822F039F91848142122F018
:106260002CF9AAB2BB681B685BB91849184A1548D3
:106270005B2322F02BF9174822F028F914485B2100
:10628000EDE7314638469847002802DB002003B08E
:10629000F0BD002CFBD1AC42F8D22F1B042F28BF3D
:1062A000042726F08BFC3A46019001A9301928F00A
:1062B000E2F93C44EFE700BFFCE80200B82003002D
:1062C000F1200300411503000E21030060210300AB
:1062D0002C210300802103002DE9F3411B4DBFF366
:1062E0005B8F98462B68BFF35B8F1746DA0704462F
:1062F0002AD520B96FF0010002B0BDE8F08101A9F4
:1063000022F0B7FD12490246204628F0F4F9002891
:10631000F0D1BFF35B8F2B68BFF35B8FC3F3C00675
:106320001B0711D4A5F1D404072221464046B847E3
:10633000062895BF45F8D46C0723C4F80360B0FB6A
:10634000F3F094BFE671E0710020D5E7D40000209F
:106350001B2A03002DE9F04188B09C79DDF83880D4
:106360005D791E79DF7893F802C093F801E01B781D
:10637000B8F1000F0ED0CDE90638CDE904CE1346B2
:10638000CDE90267CDE90045084A20F0F1FF08B0E9
:10639000BDE8F081CDE905E3CDE9037C1346CDE905
:1063A0000156034A009420F0E3FFF0E7C021030008
:1063B000E421030070B504468CB01E461546A2B118
:1063C00029B10A4602A8042122F08DF802A9009101
:1063D0002B462246242103A8FFF7BCFF109A314622
:1063E00003A8FEF799FB0CB070BD0346044A2421B4
:1063F00003A820F0BDFF0028F0DA6FF01500F2E7E7
:106400000522030007B5064B0648DA79C2EBC20243
:10641000009200221146FFF7CDFF03B05DF804FBA8
:10642000000000201B2A030030B504468DB015463D
:1064300092B129B10A4602A8042122F054F802A917
:1064400000912B462246242103A8FFF783FF03A8CF
:1064500022F0E7FC0DB030BD0346054A242103A815
:1064600020F086FF0028F2DA6FF01500F2E700BF97
:106470000522030007B5009313460A460146034868
:10648000FFF798FF03B05DF804FB00BF7C2C03000E
:106490000A4601460148FFF7C7BF00BF7C2C030036
:1064A00007B5009313460A4601460348FFF782FFEB
:1064B00003B05DF804FB00BF762C030007B5009322
:1064C00013460A4601460348FFF774FF03B05DF820
:1064D00004FB00BF9A2B030007B50022034600917E
:1064E00003481146FFF766FF03B05DF804FB00BFE9
:1064F0006E2C030008B502481EF082FB002008BD88
:10650000F801002070B51A4CBFF35B8F2368BFF30E
:106510005B8F13F0010F25461DD014F8CD3CA4F17C
:10652000D406D3B1BFF35B8F2368BFF35B8F5A07E9
:1065300001D400F045FCBFF35B8F55E8003F23F426
:10654000006245E800210029F7D1BFF35B8F1B05EE
:1065500001D5FFF7CFFF002009E001F037FA30B98D
:10656000F379002BDED101F041FA0028DAD070BDBA
:10657000D400002007B5009313460A46014603489D
:10658000FFF718FF03B05DF804FB00BF9F2D030069
:106590000A4601460148FFF747BF00BF9F2D030091
:1065A00030B50B4D0B4B87B0002428460393CDE943
:1065B00004441EF0B9FB03AB0093284606490A23A6
:1065C0004FF4B0621EF0CAFB204607B030BD00BFDA
:1065D000582700200E220300808200200146014837
:1065E0001EF058BC582700200146014827F00FBF75
:1065F000582700200378012B30B513D0022B27D069
:106600007BB9194B0A4603F1100453F8045B42F8B6
:10661000045BA342F9D11B78137043884B731B0AA8
:106620008B7330BD104B0A4603F1100453F8045B22
:1066300042F8045BA342F9D11B78137043684B7393
:10664000C3F307221B0CCB731B0A8A730B74E8E796
:1066500000F1100350F8042B41F8042B9842F9D1B3
:1066600003780B70DDE700BF1722030008B522F0A6
:1066700093FE1FF0E3FB044B1B680BB10A20984705
:10668000BDE808401FF04CBC10320020811EC9B28A
:106690001E2938B5044604D81A4820FA01F1C90762
:1066A0000CD41949194A1A48702321F00FFF1948D0
:1066B00021F00CFF1548702121F0FFFE164822F052
:1066C00037FD0546D0B1082C1AD00CD8022C10D0BA
:1066D000042C15D011490E48114A522321F0F6FE20
:1066E0000F485221E8E7102C01D0202CF2D10521CF
:1066F00000E0042105F10C0022F05AFD284638BDC7
:106700000221F7E74100004057220300282203003E
:10671000411503009C2203004C09002019170300B7
:10672000BC2203000F2810B50CD80D280CD90A483C
:1067300022F0FEFC044618B104210C3022F038FD92
:10674000204610BD1328F2D009B10448F0E7BDE897
:1067500010400220FFF79ABF80090020B0080020F7
:1067600038B50B6805460C464BB90E490E480F4A22
:10677000FA2321F0ABFE0D48FA2121F09EFE4A6873
:10678000DA600B684A895A820868FFF7A7FB20463F
:106790001022002127F097FF2846BDE8384022F05C
:1067A000FBBD00BFEE2203004115030028220300B9
:1067B0002DE9F84305460C461F4616464AB92649B8
:1067C000264A2748D62321F081FED621234821F0EE
:1067D00074FE38B92349214A2148D72321F076FE97
:1067E000D721F3E701F10C09484622F0C9FC38B97A
:1067F0001D491A4A1A48DB2321F068FEDB21E5E730
:10680000204622F0E1FD804638B11849134A144869
:10681000DD2321F05BFEDD21D8E705F10C014846C0
:1068200022F090FC484622F0ABFC012310FA86F0DF
:1068300068826B722E8231464846FFF77DFCE36822
:106840007B60638AC4F80C807B81A4F812803C6072
:106850002846BDE8F88300BF9020030028220300EB
:1068600041150300FB220300002303001D23030046
:1068700070B5C6683378B6F8014083B90F21204659
:1068800002F0E4F9F378054650B90A4A118831B9A3
:106890006FEA04506FEA10501080074A137070BD01
:1068A0000373012102F048F92846BDE8704002F068
:1068B000EFB800BFFC570020E760002010B5084C7F
:1068C0000146062294F86F0002F086FD38B994F86C
:1068D0006F000449BDE81040052202F07DBD10BDE7
:1068E00000000020A621030008B5084B184622F03E
:1068F0009FFDBFF35B8F00F00B0053E8002F43E8D0
:1069000000010029F9D1BFF35B8F08BDD40000203E
:1069100010B5012104460C30FFF72CFC2146034A38
:106920000078BDE81040002322F0EDBDC8EF020062
:1069300010B5012104460C30FFF71CFC2146034A28
:106940000078BDE81040082322F0DDBD88EF02008A
:1069500070B53148FFF766FA044600285BD000F1B5
:106960000C05284622F0FCFB022805D004282FD075
:106970002046FFF7B3FA21E0238A032BF8D904213C
:106980002846FFF7F7FBFF22438806882276228AF3
:10699000C6F30B009A426083EAD10F2102F056F948
:1069A00005460028E4D002F085F9320B2076214616
:1069B000284623F0FEFA284602F06AF8174BD3F86F
:1069C0004C3143B3BDE870401549164827F01FBD50
:1069D000238A012BCCD928460221FFF7CBFB0546A1
:1069E000007822F013FD10F002060DD10E4A0F4977
:1069F0000F4840F60C4321F069FD86F31188BFF380
:106A00006F8F0323184602DF0A4A2878062321469F
:106A100022F079FDACE770BD4C01002000000020A1
:106A200018020020F8270020362303006A23030001
:106A30004115030058EF02002DE9F8430F461646B2
:106A40008146002877D0BFF35B8FDFF8F08000230A
:106A500058E8004F48E80032002AF9D1BFF35B8FB5
:106A6000002C68D02046FFF749F8354D0C2303FB76
:106A7000005043884B4517D0BFF35B8F58E8003F69
:106A800048E80042002AF9D1BFF35B8F002B52D0B7
:106A90002C492D482D4A40F6C41321F017FD2B48F0
:106AA00040F6C41121F009FDA64208D02046FFF7A8
:106AB00049F8328AF16804F10C0022F06DFB20469F
:106AC000FFF71CF80C2606FB005043689BB197B9F2
:106AD0002046FFF713F806FB005001214268D2E977
:106AE0000003127A03F01F06B1405B09EAB100EB24
:106AF000830022F0A3FC2046FFF700F80C2606FBDB
:106B00000050836863B12046FEF7F8FF70432F54AE
:106B10002046FEF7F3FF06FB0055A8681DF00EFCAB
:106B20002046BDE8F843FFF7D9B9C94300EB83001D
:106B300022F000FDDFE7BDE8F88300BF4801002038
:106B4000143200209823030041150300362303006C
:106B50002DE9F047D0F80C8098F80020012303EBD2
:106B60008203028A93425AD9BDE8F08708EB860374
:106B70000F21B3F80100B3F8037002F067F8044680
:106B800028B100F1C00947B9204601F081FF013664
:106B900098F800309E42E9DBE6E765695DB9214976
:106BA000214A224840F29D2321F090FC40F29D2191
:106BB0001D4821F082FCA2692B686361954208BFE1
:106BC000A361204601F0F4FD1DF0B8FBC5F800A05C
:106BD000236A8BB9C4E90755484622F029FC013FD6
:106BE000BFB260B91249104A104840F2A62321F002
:106BF0006DFC40F2A621DBE71D602562ECE7BFF3E8
:106C00005B8F59E8003F013B49E80032002AF8D188
:106C1000BFF35B8F0021204601F0D6FDB3E70026CD
:106C2000B246B5E7191703003623030041150300E8
:106C30009D23030010B5C1E900239DF808300B72B5
:106C40000C46FEF75BFF034B0C2202FB00335C603B
:106C500010BD00BF14320020F8B502460B461048A4
:106C600022F066FA0446C0B104210C30FFF722FA84
:106C70002046FEF743FF0B4D0C2707FB0050002674
:106C800046802046FEF73AFF07FB0050866020460C
:106C9000FEF734FF07FB00556E602046F8BD00BFCD
:106CA000180900201432002029289ABF014B185CD3
:106CB0000920704763240300034B0146D3F8700199
:106CC00082689268104700BF000000202DE9F84359
:106CD00000F10C060446304622F052FA0121054626
:106CE0003046B4F81080FFF727FA238A012B04D826
:106CF0002046BDE8F843FFF7F1B830460221FFF720
:106D000039FA0746007822F081FB10F001090646A7
:106D10000DD10F4A0F49104841F2360321F0D6FB3E
:106D200089F31188BFF36F8F0323184602DF052311
:106D30000A4A3878214622F0E6FBB307D8D56369C2
:106D4000A4F8108013FA85F5E560BDE8F88300BF6C
:106D500036230300B62303004115030030EF020081
:106D600038B50C461FF06AF8E3681A78022A17D083
:106D7000042A05D02046FFF7B1F86FF015040BE0A8
:106D8000587822F043FBC207054602D52046FFF79C
:106D90009DFFAB0704D400241FF0C2F8204638BD85
:106DA00021460448FEF7D4FF0349044827F02FFB8F
:106DB000F1E700BF4C01002018020020F827002056
:106DC0000148042122F03ABBD4000020004870475B
:106DD000F617030001481DF013BF00BF0802002092
:106DE00070B505460C4659B94FF0FF304FF0FF31F2
:106DF000FFF732FF044618B96FF06805284670BDEA
:106E00002046FEF77BFE164B0C2202FB0033A61831
:106E100030465D8022F0B4F903280BD903213046B7
:106E2000FFF76AF90580238A033B8370012130460E
:106E300022F08FF940F635439D4208D12046FFF7F6
:106E40003BFF054648B12046FFF748F8D6E705481E
:106E5000214627F05EFAFFF7BDFF0025CEE700BF11
:106E6000143200205401002038B502460B46244D50
:106E7000D5F8541109B9002038BD05F598701DF0FA
:106E8000E1FA0028F7D10022002305F5AA701DF0D1
:106E9000CBF9044668B91B4A1B491C4840F61B4302
:106EA00021F014FB84F31188BFF36F8F032318467E
:106EB00002DFD5F8480120B1FFF710F80023C5F82C
:106EC00048312046FFF738F8C5F848012046FFF75B
:106ED000F3FE98B10E481DF031FA2046FEF70EFE83
:106EE0000C4B0C2202FB00301F2140882246FFF78A
:106EF000A3FD2046FEF7F2FFFFF76CFF0120BBE782
:106F000000000020362303009923030041150300ED
:106F100030010020143200202DE9F04F064687B0E2
:106F200017460C4669B94FF0FF304FF0FF31FFF7BD
:106F300093FE0446B8B96FF06805284607B0BDE86F
:106F4000F08F887AFEF7D2FD434B83420BD0434942
:106F50004348444A40F2C51321F0B8FA414840F290
:106F6000C51121F0AAFA01220021684627F0EAF9AA
:106F70002046FEF7C3FDDFF8F0A00C2303FB00A0C2
:106F8000C0F808D02046FEF7D7FF01463046FFF78D
:106F900027FF054618B12046FEF7A0FFCDE727F0F2
:106FA00027FC324B1A58324B9A4220D1DFF8C4B03A
:106FB000314827F0C3F9002181464FF4A020FFF7A4
:106FC00053FF804688B9274A25484FF4F97359463C
:106FD00021F07CFA2948314621F078FA88F31188AB
:106FE000BFF36F8F0323184602DF4C45E0D14FF407
:106FF000A022002368461DF025FA804698B14FF480
:10700000FC73184A1E49164821F060FA1D48424692
:10701000314621F05BFA002383F31188BFF36F8FB1
:107020000323184602DF2046FEF768FD0C23584371
:107030001AF800604EB1093E2046F6B2FEF74EFF48
:10704000092E06D8104B9D5777E7002FA3D03C6040
:1070500073E76FF0040570E71809002019170300A3
:1070600041150300362303001432002008000000FD
:1070700028300020CF23030054010020D723030031
:10708000B42C0300F72303005924030010B5F9F7CB
:107090000BFA034B1B6813B1BDE81040184710BD35
:1070A0003832002073B5274D0646D5F8700127F019
:1070B000AAF800283FD06FF0020105F1D40022F0B9
:1070C00039FA012122F0BAF9C30737D422F0F5F8D2
:1070D000044668BB1C4B1E600122114605F59870E2
:1070E00027F030F905F5AA7027F006F917481DF0CA
:1070F0001BFE1749154800946FF007034FF4966282
:107100001DF02CFE1349114827F097F9D5F87001AE
:10711000114983681B689847044648B926B902B0EC
:10712000BDE87040F9F7C0B905F1C4001DF068FD75
:10713000204602B070BD6FF01204F9E76FF07704DB
:10714000F6E700BF0000002038320020F8270020BA
:10715000408800203C240300616D00002DE9FF41C0
:10716000047805465CB151495148524A40F27E5379
:1071700021F0ACF94F4840F27E5121F09EF94E4B80
:10718000B0F80180198848F47042914205BF1C8014
:107190004A4B27461F7800F061FAEB78012B08BFB5
:1071A000474B05F10406304608BF93F86F4022F0C4
:1071B000EFF83146B8B102A822F0DFF8D5F8113067
:1071C000CDF80130B5F81530ADF8053001238DF854
:1071D0000030EB78012B12D01321404622F0A5FBA2
:1071E00004B0BDE8F081204622F0F8FC014602A878
:1071F00022F033F93146684622F02FF9E9E702A878
:10720000FFF75CFBEB78012B04460AD100F030FD60
:107210006FF080010646103022F08CF9304622F0E3
:107220006AFE002CD8D02046B5F8013020F8703B1B
:1072300002A922F012F9B5F81730A4F88630B5F893
:107240001930A4F88C30B5F81B30A4F88E30EB78E8
:10725000E3700022012B227317D1694604F17700F5
:1072600022F0FBF800F004FD217A154AC1EBC101C0
:10727000114404F17E0022F0F0F8D2E9381303F053
:107280003F03194301D000F0A9FE0721204601F079
:1072900053FC27B127730121204601F04DFC204605
:1072A00001F072FD204601F0F3FB99E7452403004D
:1072B0004115030036230300FC570020E76000203F
:1072C0000000002000B5C1680B7889B033B13C2BB9
:1072D0002ED109B05DF804EB22F038B98DF80030FA
:1072E000B1F80130ADF80130CB788DF80330B1F84A
:1072F0000B30ADF81730B1F80D30ADF81930B1F8EA
:107300000F30ADF81B304B7C8DF81D3001A80431D7
:1073100022F0A3F8084B68461A689B88CDF80B202A
:10732000ADF80F30CDF81120ADF81530FFF716FF8E
:1073300009B05DF804FB00BFBA21030038B505466B
:10734000104822F075F8430716D54FF0FF304FF084
:10735000FF31FFF781FC044688B107210C30FEF7AE
:1073600027FF294622F079F80022214642F2110037
:10737000BDE83840FFF7D0BD6FF00A0038BD6FF0B0
:107380006800FBE7D400002008B5084822F050F858
:10739000430707D50022BDE80840114642F210001D
:1073A000FFF7BABD6FF00A0008BD00BFD40000208F
:1073B00038B5032104460C30FEF7DCFEE36805789F
:1073C000B0F80100197840F6354398420AD02246B9
:1073D000FFF732FB35B104481CF0B0FFBDE8384080
:1073E000FFF7F8BC38BD00BF3001002038B50421DC
:1073F00004460C30FEF7BEFE4578017840882246F0
:10740000FFF71AFB35B104481CF098FFBDE838407F
:10741000FFF7E0BC38BD00BF3001002070B54FF071
:10742000FF320D464FF0FF3300210646FFF77AF991
:10743000044660B90A4A0B490B481A2321F046F862
:1074400084F31188BFF36F8F0323184602DF0221F4
:1074500004F10C00FEF7ACFE06704570204670BDCE
:107460008D2403009923030041150300F8B50A4D4C
:10747000EF7906460024E3B29F4202D86FF0010084
:1074800007E02946304622F00BFB0735631C08B1A4
:107490002046F8BD1C46EEE70000002037B5044644
:1074A0000D46B9B11649284622F0FAFA90B91548A6
:1074B000C4EBC4042946204422F0FAFA124822F010
:1074C000FEFA430703D5FFF715F821F0F8FE002078
:1074D00003B030BD684621F042FF0028F8D168466D
:1074E000FFF7C4FF0028F5DA064BC4EBC4001844CC
:1074F000694622F0DDFA002DE0D001462846DBE7A0
:10750000AD21030000000020D400002070B5144E0F
:1075100006223146044627F0DEF8E0B14FF0FF3096
:107520004FF0FF31FFF798FB0546B0B10622214628
:107530000C3021F031FE0022294642F20500FFF70F
:10754000EBFC48B93346226843F86929A288B28027
:10755000012283F86820002070BD6FF06800FBE70F
:10756000690000202DE9F041044686B00E4659B965
:107570002A492B4A2B4840F2C23320F0A7FF40F2A1
:10758000C231274820F099FF0D684DB92649244A99
:10759000244840F2C33320F099FF40F2C331F0E7B2
:1075A00048B922491E4A1F484FF4717320F08EFFDC
:1075B0004FF47171E5E72B7A5A0709D51C49184A2F
:1075C000184840F2C63320F081FF40F2C631D8E7B8
:1075D000D1F80480B8F1000F1CD1037A5B0719D5EC
:1075E000411C681C22F05CFA2A35162241460746E7
:1075F000684627F068F810226946284627F06BF89D
:1076000030B1102204F12A01284627F064F800B1B5
:1076100007B1746006B0BDE8F08100BFF12403003B
:10762000C324030041150300092503002C25030092
:1076300044250300084BBFF35B8F53E800CF4CF4A5
:10764000806C43E800C2002AF7D1BFF35B8F037A56
:1076500019430172704700BFD40000200A4BBFF3EA
:107660005B8F53E8002F22F4806143E8001000286C
:10767000F7D1BFF35B8F530504D5044900220220E4
:1076800005F028BD704700BFD40000203B9C0200DD
:1076900007B50023CDE9000304496A46022005F03E
:1076A00019FD019803B05DF804FB00BF657500008B
:1076B000F7B5044670B1404D95F8222195F8233175
:1076C0000AB19A4208D2013385F82331237A43F074
:1076D0000403237203B0F0BD00210222084601F02A
:1076E0007BFE064648B120460121FFF7A3FF304646
:1076F00003B0BDE8F04001F0CBB901462F4800F0DF
:10770000B1FA95F82331B3B995F8232195F82231D0
:107710009A421CD10022114642F22900FFF7FCFBDD
:1077200070B995F82331013385F82331237A43F07A
:107730000403237204E0304622F004FA0028E3D068
:107740001F48002103B0BDE8F04000F08BBA22468C
:10775000671C12F82A0B394622F0B7F9064630BBEF
:1077600095F82331013385F82331237A43F004035C
:10777000237295F8A7305B0719D53946684622F081
:1077800097F901234FF0FF304FF0FF318DF80730AC
:10779000FFF762FA044650B1082269460C3021F026
:1077A000FBFC3246214642F24E00FFF7B5FB0120BA
:1077B00022F0C8F9C4E700BF00000020A59B02002A
:1077C000779B02002DE9F041044660B33C4D95F8EB
:1077D000222195F8233192B1013293421CDC002121
:1077E0000222084601F0F8FD0646F0B120460221CB
:1077F000FFF720FF3046BDE8F04101F049B95BB921
:1078000030493148314A40F2994320F05FFE2F4819
:1078100040F2994120F051FE013B85F82331237A53
:1078200023F004032372BDE8F0810146284800F0EC
:1078300019FA304622F086F9074688B995F82331BF
:1078400095F822219A4217D2013B85F82331237AF9
:10785000204923F0040302462372022005F03AFC7B
:1078600095F8233113B1012022F06CF9BDE8F04105
:107870001948002100F0F6B94FF0FF304FF0FF310A
:10788000FFF7EAF904F1010806460028E8D00721CD
:107890000C30FEF78DFC414622F00AF93A4631469B
:1078A00042F22800FFF738FB0028D9D195F82331A0
:1078B000013B85F82331237A23F004032372CFE7B9
:1078C000000000207925030041150300C3240300B4
:1078D000A59B02002F9B0200779B020070B5044617
:1078E00011B16FF0150070BD80B11B4922F0D8F8BE
:1078F00060B92046FFF7BAFD002827DA2378012B6C
:10790000EFD1A37903F0C003C02BEAD1134DEB797B
:10791000012B1ED005F1D40022F0D1F8C30707D403
:10792000002CDED00C49204622F0BAF80028D8D12D
:10793000EE792146731C3046EB71FFF7AFFD08B9B5
:107940003046D0E7EB79013BEB71CCE76FF0770085
:10795000C9E76FF00B00C6E7AD210300000000206F
:107960002DE9F3410446D8B101AA002141F20900F2
:10797000FFF7D2FA054698B9019E1249D6F80C8055
:1079800008F101070622384626F0A5FE28B10E4967
:107990000622384626F09FFE30B93046FEF79EFAA2
:1079A000002002B0BDE8F081D8F80130C4F8013001
:1079B000BB88A4F8053030462570FEF78FFA012009
:1079C000EFE700BFBA210300B421030007B5684602
:1079D000FFF7C6FF044BD87118B169460020FFF7C6
:1079E0005DFD03B05DF804FB00000020F0B5294DFB
:1079F000EE7989B0002E46D195F8C230DB0722D54A
:107A00006A4631464FF60940FFF786FAD8B9DDF8E5
:107A100000C0DCF80C406378012B1E4628BF01260D
:107A200073B1A31C02AA123418685968174603C719
:107A30000833A3423A46F7D1186838609B88BB8068
:107A40006046FEF74BFAEE71002416260127EB790B
:107A5000E0B2834202D8B3B1002012E008AB06FBCB
:107A60000033694653F8182C33F8143CCDF8012044
:107A7000ADF805308DF80070FFF710FD01340028D7
:107A8000E5D009B0F0BD0021084609B0BDE8F040DE
:107A9000FFF724BF000000202DE9F0410D461746F6
:107AA0001C460646002856D0002B54D00A03037803
:107AB00008D56D074FD422F0A5F8002849D101233D
:107AC00023700CE0E9072CD526480FB1AA0608D48C
:107AD000C3EBC302825C012A12D002B922700020DB
:107AE00037E090F8D820510638D5C3EBC302825C4A
:107AF000012A05D002B92270237843F00203DFE7A0
:107B00004FF00108072111FB03810144304622F0A8
:107B100071F8F0B984F80080002FE0D0AB06DED514
:107B2000EAE76A0711D50F49C3EBC3028E5C012E49
:107B300008D1072212FB0363194422F05BF840B915
:107B40002670EBE7002EE9D1FAE722F05BF801237B
:107B50002370BDE8F0816FF01500FAE76FF0850043
:107B6000F7E700BF00000020F8B545686905064644
:107B700035D4046914B115F0010330D0194F3078B1
:107B8000FB7983422BD9C0EBC00017490722384448
:107B900026F0A1FDA8B115F0010306D197F87020D9
:107BA000082A02D8B2689F2A19D915F0300F09D0D7
:107BB000ACB1EA060AD405F46035B5F5603018BFFB
:107BC0000120F8BDEB0601D4002CF4D1D6E9022344
:107BD0009A4204D81F2A02D9B3F5804FEBD900206E
:107BE000EFE700BF00000020AD21030008B5044905
:107BF0000722093026F06FFD003818BF012008BDAC
:107C0000AD210300F8B5154B067883F86F60044684
:107C10000D46FFF7EBFF70B91149304601F096FBB6
:107C2000044610B96FF00B00F8BD052100F084FF89
:107C30002C600020F8E704F109073946304622F0AD
:107C400063FA40B92078394601F080FB04460028E9
:107C5000E8D00621EAE76FF01500E5E70000002014
:107C6000A621030003460148184700BF1800002062
:107C700000487047180000202DE9F04FD1F810900F
:107C80008DB09A460023B9EB030605469948059244
:107C900018BF0126079321F0F1FF0C46410740F180
:107CA0001D812046FFF760FF28B96FF0150B58467D
:107CB0000DB0BDE8F08F204621F0BBFF80460028C4
:107CC000F3D005F11007384621F0D8FF0206C0F3C3
:107CD000C01300F1068161688DF82C30CDE90933BD
:107CE000A368ADF820300846E368ADF8223021F0F3
:107CF000B6FF01F0C003C02B8DF82D0038D04B0625
:107D000038D4C1F3C01149008DF82E1079486FF4B2
:107D1000807121F0B9FF784A23782B7082F86F3098
:107D200061680DF1250332462846FFF7B5FE83460C
:107D30000028BCD105F10903B9F1000F1CD021695D
:107D40000868C5F809008888988089799971204663
:107D500022F099F863680646D8071FD49A0503D421
:107D6000169B0BB9022E5BD102238DF8243027E03D
:107D70000321C9E70121C7E7604A1168C5F8091066
:107D80009188927999809A71204622F07CF86368F4
:107D9000D9070646E2D58DF8249011E013F0100FB4
:107DA0000CBF012304238DF8243023691968CDF812
:107DB00026109988ADF82A109B798DF82C30D8467A
:107DC0004FF0FF304FF0FF31FEF746FF83460028AB
:107DD00000F08A800F2208A90C3021F0DDF9002282
:107DE000594642F20600FFF797F800287FD1B9F113
:107DF000000F1BD06368DB0726D42846012122F040
:107E000052F8079D8346002860D0002D3FF44FAF05
:107E10002846002100F090FE284600F039FE46E793
:107E20000323DDF858808DF82430C9E7179B0093B1
:107E3000CDE90186169B05995246284621F0ACFFF4
:107E400083460028D6D032E707A92846FFF7DAFE96
:107E500083460028D1D010F10C0F7FF428AFB9F180
:107E6000000F7FF424AF636898073FF520AF626886
:107E700082F00202C2F3400B0BF001020E213846E1
:107E800021F073FF731E5A425A410821384621F0EF
:107E90006CFFB11E4A424A413846092121F065FF74
:107EA00062680A2102F00102384621F05EFF424674
:107EB0000B21384621F059FF62680D21C2F3800280
:107EC000384621F052FF4FF0000BF0E615B128467E
:107ED00000F0DEFDB9F1000FCED1C8E76FF00A0B5C
:107EE000E5E66FF0770BE2E66FF0680BDFE68346BE
:107EF000DDE600BFD400002000000020AD2103001B
:107F000073B51546069A0C46CDE900322B460A4653
:107F100001461148FFF7B0FE21460646002340F215
:107F200001109D4202D1304602B070BD0A888242E3
:107F300004D14A6812B11278D20702D40133083151
:107F4000EFE7064906481CF079FF4FF47022002342
:107F500003481DF0ABF8E6E718000020FD9E020084
:107F60003000002010B5194821F0C5FF18486FF403
:107F7000804121F089FE164821F080FE03461A0652
:107F8000C0F3C01021D5124821F078FE430513D567
:107F90000E48FFF72BFE0F490346087E93B90E49A2
:107FA000052201F019FA044630B10021017300F0F6
:107FB000C3FD204600F06CFDBDE8104003480021E1
:107FC00021F071BF06222131EBE710BD180000201F
:107FD0002800002000000020A621030073B53248CD
:107FE000314C21F04BFE10F4804F5AD0204621F046
:107FF00045FE030655D4204621F040FE460550D5E7
:1080000001A9A4F11000FFF7FDFD002849D1A4F15A
:108010001000FFF7EBFD0246204621F02FFEC0F3D3
:108020008031204621F02AFE81F0010145054FEA0A
:1080300041011D4848BF41F0010121F01FFE8004AD
:1080400048BF41F0040119480DF10303FFF724FD77
:10805000054630BB1548012121F025FF019E28B9B6
:10806000304602B0BDE8704000F012BD29463046EF
:1080700000F062FD6FF480410B4821F005FE0546DB
:10808000304600F005FD6B040BD5BFF35B8F54E861
:10809000003F43F4804344E80032002AF7D1BFF3A5
:1080A0005B8F02B070BD00BF2800002018000020C8
:1080B000884208B501F1200310D9984213D20E4925
:1080C0000E4A0F4840F2B32320F000FA0D4820F08A
:1080D000FDF90A4840F2B32120F0EFF9EFD000F1AA
:1080E00020029142EAE7013813F8012D00F8012F30
:1080F0008B42F9D108BD00BFC425030092250300BF
:10810000411503001B26030070B59AB03B4B039347
:108110000021142204A826F0D6FA44F2010309A88B
:10812000099321F0EDFE099B059301A9344B0693B9
:1081300003A81AF07DFC10B31F25324BBFF35B8FF1
:1081400053E8001F21F0010143E80012002AF7D193
:10815000BFF35B8F2C4E1DF071FE3468002C45D0B0
:10816000002DA4F10404294D18BF002523680BB18C
:10817000284698476468002C38D0043CF6E70198FC
:1081800002AB412209A925F0A8FA0028D4D1204A3F
:108190000DF125030DF1650153F8040B42F8040BB2
:1081A0008B42F9D11B49019802AB202225F03AFA03
:1081B0000028C1D1019825F0EBF905460028BBD174
:1081C00013491248FFF774FF13491448FFF770FF73
:1081D000BFF35B8F124B53E8001F41F0100143E8DF
:1081E0000012002AF7D1BFF35B8FA6E70023C6E990
:1081F00000331DF095FE1AB070BD00BF1271000172
:10820000000002093C320020443200204861002076
:1082100008610020E86000202861002068610020DB
:10822000D400002030B5A7B004233D22002116A8B9
:10823000159326F048FA2D4B07931422002108A825
:1082400026F041FA44F201030DA80D9321F058FEE7
:108250000D9B0993264B0A93264905AB202207A8BC
:1082600025F067FAD8B16FF004041DF0E7FD224B4A
:108270001D6885B100201860204BBFF35B8F53E869
:10828000001F21F0020143E80012002AF7D1BFF3DA
:108290005B8F24B3A8471DF043FE27B030BD184BB9
:1082A0000DF1550203F14000194653F8044B42F812
:1082B000044B8342F9D106AB02932023CDE900138E
:1082C0000B480599412315AA25F07EFB0028CAD149
:1082D000059825F05DF904460028C6D0C3E70DA82F
:1082E0000749FFF7E5FE0DA8D4E700BF12710001B2
:1082F00000000209E8600020403200203C320020EB
:108300000861002008B50449402226F0E4F9B0FADB
:1083100080F0400908BD00BF4D26030010B598B09D
:1083200014220446184B0193002102A826F0CBF931
:108330004FF4804307A8079321F0E2FD079B0393C6
:10834000124B0493214604230DF11D008DF81C30BF
:10835000FFF7AEFE04F120010DF13D00FFF7A8FE8E
:108360006B46412207A901A825F0E3F9044601A8BC
:1083700025F088FC2CB9009825F00AF9012018B0E6
:1083800010BD0020FBE700BF124100010000020900
:1083900010B5002837D0204A136823B1043B83422C
:1083A00034D05B68F9E71D4BBFF35B8F1968BFF3EF
:1083B0005B8F89072DD414684460011D50681160DB
:1083C00000B95160BFF35B8F53E8002F42F0010109
:1083D00043E800100028F7D1BFF35B8FD30701D526
:1083E000002010BD0E4BBFF35B8F53E8001F21F040
:1083F000100143E80012002AF7D1BFF35B8F094850
:10840000FEF7F2F8ECE76FF01500EAE76FF077009F
:10841000E7E76FF00F00E4E7443200203C32002031
:10842000D400002038020020054BBFF35B8F1B688F
:108430000448BFF35B8F13F0100F08BF0020704794
:10844000D40000204861002070B505461E4803682E
:108450008B4232D0BFF35B8F1C4B1B68BFF35B8F2B
:10846000DA062DD5036813B16FF00F0070BD184AFE
:10847000BFF35B8F1368BFF35B8FDB07F4D4BFF3ED
:108480005B8F52E8003F43F0020442E80046002EB2
:10849000F7D1BFF35B8F13F00204E5D101600D4803
:1084A0002946FFF705FE0C4805F12001FFF700FE05
:1084B0000A48FEF799F82046D8E76FF07700D5E72D
:1084C0006FF07C00D2E700BF40320020D4000020D3
:1084D0003C32002008610020286100202802002092
:1084E00010B50446FDF70AFB044901EB00112046D4
:1084F000FEF736F9BDE81040FEF76CBC4C320020A8
:1085000070B5144B1C68054644B154F81C3C1C3C27
:1085100013B1297B28469847E469F5E70E4C0F4EC6
:10852000B44215D90E490F4A0F4840F25E731FF04E
:10853000CDFF0E481FF0CAFF0A4840F25E711FF0DF
:10854000BCFF236813B1297B284698472034E7E70E
:10855000F7D370BD8032002058EC020078EC0200A6
:10856000BD2603008D26030041150300A01B030058
:1085700070B5044649B90E490E480F4A4D231FF005
:10858000A5FF0D484D211FF098FFD1E901560022AB
:10859000C1E90122094825F0BCFE3DB13146204623
:1085A0002B466FF06D02BDE87040184770BD00BFEC
:1085B000D8260300411503008D2603002C08002057
:1085C00010B50C46817801290BD00C490C480D4A96
:1085D00040F2E2331FF07AFF0A4840F2E2311FF026
:1085E0006CFFA1691160E2691A60E27A04F1180077
:1085F0000021BDE8104026F066B800BFDB2603006E
:10860000411503008D26030030B5437B072B85B051
:10861000044636D1051D4FF48061284621F093FCB5
:1086200040052ED4284621F088FC810323D5164D21
:1086300095F8D930DA0709D5022300211A460091AE
:10864000204621F0D2F9637B072B1AD195F8D83058
:108650009B0616D520F0FBFF98B10DF10E0103A883
:1086600021F04BF968B9BDF80E20BDF80C1020467A
:1086700021F09CF905E0204621F07DF9637B072B72
:10868000D5D005B030BD00BF0000002070B5054654
:108690001748002200231BF0D5FE38BB154B1C6881
:1086A00034B154F8143C1C3C03B19847E469F7E733
:1086B000114C124EB44213D91149124A124840F2D9
:1086C0006E631FF003FF11481FF000FF0D4840F2DA
:1086D0006E611FF0F2FEA36803B198472034E9E70A
:1086E000F9D32846BDE870401CF08ABA70BD00BFBF
:1086F000140800208032002058EC020078EC0200C0
:10870000BD2603008D26030041150300A01B0300B6
:108710002DE9F843204B044626F06AF8D3F8802070
:108720001E4B1B589A4211D1DFF874802027002578
:10873000EFF3118387F31288BFF36F8FE16989B973
:1087400083F31188BFF36F8FBDE8F883154916488E
:10875000164A40F21D131FF0B9FE144840F21D11D5
:108760001FF0ABFE206A0A68E261814208BF226204
:1087700083F31188BFF36F8FD1E901694046C1E9E6
:10878000015525F0C6FD1EB1002249462046B047DE
:10879000FEF720FBCCE700BF2830002008000000D7
:1087A0002C080020ED260300411503008D26030050
:1087B0000448B0F80431002B00F5847008BF002095
:1087C000704700BF0000002070B5044626F010F886
:1087D000164A0E4616490858D2F8801088428AB0C8
:1087E00005D120460AB0BDE87040FFF791BF2434A0
:1087F0002146104625F00BFE051E0FDA0D4A0E49E4
:108800000E4840F255131FF061FE0D4829461FF037
:108810005DFE084840F255111FF04FFE1EB169463B
:1088200020461CF0F3F90AB070BD00BF28300020CC
:10883000080000008D2603003327030041150300C4
:108840003C27030038B5002204468A4202D10024A6
:10885000204638BD04F1C8030120BFF35B8F53E805
:10886000005F002D04D143E8000CBCF1000FF6D1ED
:10887000BFF35B8F02D0D0340244E6E7002CE6D091
:10888000C8220021204625F01EFF04F140000449C3
:108890001CF0D4FA034904F124001CF0D1F8D7E706
:1088A00085940000659F020010B50346B0B100F149
:1088B000C802104621F041FBE0B1BFF35B8F411CC1
:1088C00052E8004F844204D142E8001CBCF1000F82
:1088D000F6D1BFF35B8FECD1184610BD06490748AF
:1088E000074A40F2AD531FF0F1FD054840F2AD518B
:1088F0001FF0E3FD0346EFE75E2703004115030089
:108900008D26030038B50121044600F1BC03BFF3F6
:108910005B8F53E8002F43E80015002DF9D1BFF31A
:108920005B8F52B9FFF7C0FF1DF088FA054804F1CC
:10893000B80121F0F2FA1DF0F3FABDE83840FEF775
:1089400049BA00BF2401002070B54A4B5A8C32B19D
:10895000494DD5F8244134B90024204670BD1B6828
:10896000002BF5D1F8E754F8B83903B1B83B4349C7
:10897000002612E01346B5F80421002A78D0D5F875
:108980001021C2B904F1B806002BE5D0D3F8B82005
:108990001C46002AEED0A2F1B8039C42EBD1384924
:1089A000384A39484FF46B731FF090FD4FF46B71E8
:1089B00034481FF082FD0A68002AE3D0D4F8A420CE
:1089C000002ADFD0D4F8A820002ADBD0D4F8AC20CD
:1089D000002AD7D0637B072B0DD12046904750B19A
:1089E00004F1C00021F0A9FA022804DC2046BDE809
:1089F0007040FFF759BF04F1B803B34209D12349CE
:108A0000204A214840F2C9331FF060FD40F2C931CD
:108A1000CEE7D4F8B8201EBBD5F82811C5F824211C
:108A20008B4201D1C5F828210022C4F8B82004F1F6
:108A3000BC03BFF35B8F53E8001F43E8002000280E
:108A4000F9D1BFF35B8F2046D4F8AC3098470028AB
:108A500083D0637B072B80D12046FFF753FF7CE751
:108A60003260D5F82821934208BFC5F82861DBE7BA
:108A70009368FFDEE4080020000000202C0800209E
:108A8000572703008D2603004115030063270300C9
:108A900037B570B92049214A214840F2D5531FF01B
:108AA00015FD20481FF012FD40F2D5511B481FF064
:108AB00004FD8578C478BFF35B8FC83050E8003F71
:108AC0005A1E40E800210029F8D1BFF35B8F01A8AE
:108AD000019321F032FA019B002B0CDC12490F4A62
:108AE0000F4840F2E5531FF0F1FC10481FF0EEFC78
:108AF00040F2E551DAE701280BD10D481BF01EFCCE
:108B00000C481CF07DF8012D03D1012C01D1FFF799
:108B100065FA03B030BD00BF5E2703008D26030059
:108B2000411503007E2703009D270300A5270300AE
:108B3000140800205802002070B5457B8D42044681
:108B40007ED0417325B98378082B01D0FFF7ACFEA6
:108B5000637B012B09D13B4D05F5847661690029C2
:108B60005CD1BDE87040FEF735B9072B09D0002B6A
:108B700066D1A378042B20D12046BDE87040FFF7D2
:108B800087BFA378042B5BD02F4800211EF0E6FAA4
:108B90000023C4E90D33E378012B51D1A378012BD5
:108BA00004BF032384F8943004F140004FF42032D2
:108BB000BDE8704000231CF0F1B9082D40D801A396
:108BC00053F825F0418C0000E98B00000F8C000069
:108BD000798B0000798B0000798B00000F8C0000EE
:108BE000418C0000418C000004F1400528461CF037
:108BF00063FA20460121FFF7E7FD204621F0D0F976
:108C000028460022BDE8704000231CF04FBA237BA9
:108C1000002BB1D02046FFF773FCADE7A2690B68CB
:108C20006361914208BFA3612046FFF7A1FCB5F83C
:108C30000431002B14BF304600201BF07FFB8DE772
:108C400070BD00BF000000206802002010B5024681
:108C50000C460748012121F0FEF9034610B9002314
:108C6000184610BD82781442FAD1FFF711FFF6E7DB
:108C700098280020F8B5074609480D461646FFF724
:108C800013FE044650B183781F4203D1BDE8F8407B
:108C9000FFF7FEBE3146A8472046F7E7F8BD00BF04
:108CA00098280020024900220120FFF7E3BF00BFFF
:108CB000098600000C4A0D4908B5831A1B11904221
:108CC00001FB03F30ED00A490A4A0B4840F20B633A
:108CD0001FF0FCFB09481FF0F9FB064840F20B614E
:108CE0001FF0EBFBD8B208BD98280020C54EECC49D
:108CF000C32703008D260300411503008C280300C1
:108D00002DE9F8430F46054690461C4616469946FF
:108D100025F08DFB014658B115491648164A40F218
:108D200027631FF0D3FB144840F227611FF0C5FBF7
:108D300054EA08040AD025F05BFD104B1A58104B7A
:108D4000D3F880309A4204BF0E46B1460D493246F0
:108D50004B46002D14BF2846084620F0E9F904468A
:108D600018B1791D0C30FDF7A5F92046BDE8F88350
:108D7000A6280300411503008D260300080000000B
:108D8000283000204808002010B5044605481BF094
:108D900037FF204600F0A4FC2046BDE81040FFF756
:108DA000AFBB00BF4802002010B5437B023B044626
:108DB000062B29D8DFE803F00B042828281E090019
:108DC000017300212046FFF7B7FE002010BD837815
:108DD000012BFAD00E4A0F490F4840F245731FF09D
:108DE00075FBA1780D481FF071FB094840F24571F1
:108DF0001FF063FB008820F098FD0028E6D1637B1C
:108E0000072BE2D10821DDE76FF07F00DEE700BF2E
:108E10008D2603001917030041150300B528030030
:108E20002DE9F04F85B0002301930393FFF78CFDEC
:108E30000446002800F01681437B072B40F0158183
:108E4000DFF82C92D0F8A430B9F8041102AA9847A0
:108E50000546002800F00381B9F80421029B9A42DC
:108E600006D30146D4F8A86003AB01AA2046B04758
:108E70002B8A039FDDE9018A5BB97E497E4A7F48E0
:108E80004FF425731FF022FB4FF425717A481FF031
:108E900014FB284620F098FA48B17649764A77487C
:108EA00040F29B231FF012FB40F29B21EEE7B9F842
:108EB00004317348002B08BF0020002200231BF060
:108EC000C1FA60B16B496C4A6C4840F2AB231FF0A9
:108ED000FDFA6C481FF0FAFA40F2AB21D6E76A4877
:108EE000002200231BF0A0F9064660B96149624ADE
:108EF000624840F2B6231FF0E9FA64481FF0E6FA30
:108F000040F2B621C2E7C0E90187B9F804B12B7A73
:108F1000DA4503F1FF3398BF1FFA8AFB012B09D909
:108F20005B49554A554840F2C6231FF0CFFA40F23C
:108F3000C621ABE7284620F047FA804638B15549AC
:108F40004D4A4E48A3231FF0C1FAA3219EE70146D4
:108F5000002251480023FCF719FE074658B1FCF7E0
:108F6000CDFD4E4B294603EB00135A463846FDF71C
:108F70001FFC054648B94A493F4A404840F2CE23C3
:108F80001FF0A4FA40F2CE2180E7B9F8043194F83A
:108F9000C4709A458CBF4FF00108023784F8C48032
:108FA00098BFFFB204F1C008BFF35B8F58E8003FE1
:108FB000013348E80032002AF8D1BFF35B8F04F197
:108FC000140A3146504620F0A8FFA378012B0DD09B
:108FD000294A2849294840F2F2231FF077FAA1785C
:108FE00030481FF073FA40F2F2214FE705F10C0B05
:108FF00004215846FDF780F8238807F0FD0743EA6F
:10900000073303802B8A043B43800221584620F01B
:10901000A0F82846FDF750FE38B3BFF35B8F58E841
:10902000003F013B48E80032002AF8D1BFF35B8FD4
:109030003146504620F099FF2846FCF74FFF204666
:109040003146FFF795FAB9F804310D48002B08BFF7
:1090500000201BF073F913212046FFF7A5FE2046E0
:10906000FFF716FD05B0BDE8F08FFDF7B3FEF6E79C
:1090700000000020191703008D260300411503008E
:1090800008010020CC2803002C080020E128030060
:10909000F128030014290300E40800204C320020CA
:1090A0002E29030042290300F8B5031D0446184683
:1090B00020F043FF820419D5B4F88620B4F8881054
:1090C000914213D8B4F88A1091420FD3D4E92312F5
:1090D00091420BD1BFF35B8F53E8001F21F4005185
:1090E00043E80012002AF7D1BFF35B8F184B1D68CD
:1090F0006DB155F80C6C1C3D3EB1B4F88E30B4F82F
:109100008C20B4F886102046B047ED69F0E7114D89
:10911000114FBD421AD91149114A124840F2A973A0
:109120001FF0D4F910481FF0D1F90D4840F2A97191
:109130001FF0C3F92E693EB1B4F88E30B4F88C201C
:10914000B4F886102046B0472035E2E7F2D3F8BDE8
:109150008032002058EC020078EC0200BD260300AB
:109160008D26030041150300A01B03002DE9F041EB
:10917000074608460D4620F06CFA064618B9002648
:109180003046BDE8F0811C4B1C6884B154F8103C9B
:109190001C3C0BB9E469F8E7294638469847002893
:1091A000EDD0284620F055FA0028F3D1E7E7134C1C
:1091B000DFF84C80444518D91249134A134840F24D
:1091C000F1731FF083F912481FF080F90E4840F246
:1091D000F1711FF072F92946384698470028CED021
:1091E000284620F036FA20B9C9E7C9D2E368002B37
:1091F000F1D12034DEE700BF8032002058EC0200BD
:1092000078EC0200BD2603008D2603004115030003
:10921000A01B03002DE9F041C37804468BB900F18F
:109220007E06194B1D687DB11C3D04F170076B690A
:109230001BB13A46314620469847ED6925B11C3DA1
:10924000F5E700F17706ECE7104D114F04F17008D7
:10925000BD4216D90F49104A104840F679131FF045
:1092600035F90F481FF032F90B4840F679111FF01D
:1092700024F96B691BB14246314620469847203598
:10928000E6E7F6D3BDE8F0818032002058EC02001A
:1092900078EC0200BD2603008D2603004115030073
:1092A000A01B0300F8B5437A83720546164621F0E9
:1092B00030F8154B1C684CB154F8043C1C3C1BB1F5
:1092C000697A324628469847E469F4E70F4C104F14
:1092D000BC4216D90F49104A104840F6EF131FF050
:1092E000F5F80F481FF0F2F80B4840F6EF111FF0A9
:1092F000E4F8A3691BB1697A3246284698472034BE
:10930000E6E7F6D3F8BD00BF8032002058EC02003B
:1093100078EC0200BD2603008D26030041150300F2
:10932000A01B030008B5084B1A6800F11C0122B904
:10933000054820F0F2FD104608BD914201D01268A8
:10934000F5E76FF01000F7E78032002038B50546EA
:109350000C460F480121FFF775FAC0B1057223686A
:109360000367A388A0F87430A37980F876300123CE
:10937000437283728370074BC0F8A430064BC0F869
:10938000A830064BC0F8AC30054BC0F8883038BD6B
:1093900098280020ED970000C18500002F9F020053
:1093A0001800280070B505460A480E46FFF77CFAFB
:1093B000044620B18378012B04D0FFF769FB002419
:1093C000204670BD3246294620F07EFE0028F7D1A7
:1093D0002046F2E798280020F8B505460E480E46CC
:1093E0001746FFF761FA044620B18378012B03D0BA
:1093F000FFF74EFB00240DE036B13246294620F03F
:1094000063FE08B92046F3E7637BBB42FAD1237AB7
:10941000AB42F7D12046F8BD9828002038B5044665
:1094200008460D4620F015F938B3154B93F8D8309F
:10943000990707D4E37873B129462046BDE8384040
:1094400000F064BA94F895309A07F3D5201D20F007
:1094500074FD4304EED42946204620F0ABFE58B9F3
:109460002B88A4F888306B88A4F88A30AB88A4F8DD
:109470009030EB88A4F8923038BD6FF01500FBE710
:1094800000000020F7B510F8333C0446A0F1400678
:109490008BBB304620F025FF394B1D684DB155F888
:1094A000183C1C3D1BB114F8341C30469847ED693C
:1094B000F4E7344D344FBD4216D93449344A354867
:1094C00040F26F731FF002F833481EF0FFFF304880
:1094D00040F26F711EF0F1FF6B681BB114F8341C81
:1094E000304698472035E6E7F6D3304603B0BDE86E
:1094F000F040FFF7CDBA10F83E3C012B3DD1BFF351
:109500005B8FA0F13C0555E8003F23F4005245E88D
:1095100000210029F7D1BFF35B8F9B041CD5A36CFE
:1095200000936946236D01933046FFF777FF58B9E2
:10953000BFF35B8F55E8003F23F4805345E80032CA
:10954000002AF7D1BFF35B8F4FF40061284603B0C8
:10955000BDE8F04020F0F7BC104A106851686B4637
:1095600003C369463046FFF759FF0028ECD14FF49A
:109570008051284620F0E7FCE6E703B0F0BD00BFCD
:109580008032002058EC020078EC0200BD26030077
:109590008D26030041150300A01B030094ED02007B
:1095A0000B4B58B11A6862B942693AB942685AB964
:1095B00082684AB9C2683AB982692AB9186000203B
:1095C00070476FF0770070476FF01500704700BF6D
:1095D0009032002008B568B1094B1A6800F10C01FF
:1095E00022B9074820F099FC104608BD914204D0EA
:1095F0001268F5E76FF01500F7E76FF07700F4E712
:109600008832002010B50C4824F076FE0B490A4839
:1096100024F07FFE0A49084824F07BFE09490648E9
:1096200024F077FE21F0E3FB03F09EFC044608B92A
:1096300020F037FF204610BD2C0800205C320020AF
:109640006832002074320020044B186818B9044AAC
:109650005A600B6070476FF00B0070479432002027
:10966000F8EF020010B50268D2F8B0305BB91849C3
:10967000184A194840F2C3231EF028FF40F2C321C4
:1096800014481EF01AFFD2F8B4401968C2F8B0109E
:10969000A34208BFC2F8B41000F14C029342E6D1D5
:1096A000BFF35B8F5030002250E8003F40E80021BC
:1096B0000029F9D1BFF35B8F4BB90849054A064829
:1096C00040F2C7231EF002FF40F2C721D8E710BDC9
:1096D000902903005F29030041150300AA29030014
:1096E000F7B52F4D2F4F04460026BD4255D92E49C0
:1096F0002E4A2F484FF4CA731EF0E8FE2D481EF084
:10970000E5FE2A484FF4CA711EF0D7FE6B6801A926
:109710002046984700283BDB019B2A889A829A843E
:1097200003F11002A868BFF35B8F52E8001F42E804
:10973000006CBCF1000FF8D1BFF35B8FC3E9146676
:10974000DE649E60A16B03F1080219BBC4E90D221F
:109750001C60D86003F1300024F0CEFD019843680E
:109760001B6803B19847019BBFF35B8F103353E82D
:10977000001F41F0010143E80012002AF7D1BFF3B6
:109780005B8F01984368DB6913B100F110019847C2
:109790000C35AAE70A60A263DAE7B7D303B0F0BDDD
:1097A00034EC020058EC0200AE2903005F290300EC
:1097B00041150300A01B030070B5044652EA0300E4
:1097C0000AD025F015F8074D074ED5F880503058CF
:1097D000854204BF0022134620460431BDE8704094
:1097E000FFF78EBA28300020080000002DE9F8436A
:1097F000D0F8B04007460E4690464CB14C3C236B27
:1098000063B104F13009484624F098FD054650B98B
:10981000FDF7E0FA00252846BDE8F8832046FFF76B
:1098200021FFE46CE9E77B7B072B0BD03249334AFD
:1098300033484FF468731EF049FE4FF468712F48A7
:109840001EF03BFE1FF0C0FD0028E3D12846FCF7C8
:1098500073FB636D05469BB9A38C078A403B9BB2A3
:109860003F2B03D8238D9F4228BF1F46042105F1BB
:109870000C00FCF741FC0780A38C4380043767652C
:10988000636D2A8A9E420ED3934215D0A38C403B2F
:109890009BB23F2B2CD92046FFF7E4FE236B13B17C
:1098A000204620F0B2FC636DC8F800309E4234BF01
:1098B0009E1B00266665AEE70022002348461AF08C
:1098C000B3FC854209D00F490C4A0D4840F2D2330F
:1098D0001EF0FCFD40F2D231B1E7FCF7FFFAA38C99
:1098E000A3F140023F2AD6D8074AAA61EB61D2E72A
:1098F00000221346F9E700BFD52903005F290300C2
:1099000041150300F6290300C9A3020070B5124BEC
:109910000C4619780131C9B2012938BF0121054629
:1099200008221220197020F011FD064688B1082186
:109930000C30FCF73DFC2288028062884280A288BD
:109940008280E288C28031462846BDE8704020F01F
:1099500048BD6FF00B0070BD8861002023281FD820
:109960001A2804D8431E182B0ED906207047A0F1E0
:109970001B03082B1ED8DFE803F0051D1B231D1950
:10998000251D0500032070470F4A012383401A401C
:10999000C2B90E4A1A40002A14BF0120062070479F
:1099A00000F07F03522B05D1002070470120704743
:1099B0000520704710F0400F0CBF062000207047B4
:1099C0000420704702207047AAAA8A025455450114
:1099D000011F014819F05EBE8007002070B50378B2
:1099E0008AB004460E4607AD032B20D8DFE803F00B
:1099F00002191B1D11492846F6F7F6FB05956378F9
:109A00000493A3780393E378029323790193637912
:109A10000093A3790A4A1E2130461DF0A9FC0AB022
:109A200070BD0849E7E70849E5E70849E3E7084A60
:109A30000A2128461DF09CFCE0E700BF062A03002F
:109A40002F2A03000D2A0300142A03001E2A0300F4
:109A5000282A03002DE9FF4105460E464FF0000875
:109A60004FF42053006817688DF8088002A9144647
:109A7000ADF80A301FF025FCA0B142F601032868BA
:109A80008DF80C8003A9ADF80E301FF01AFC48B118
:109A900023691BB15A88B24200D25E80012004B013
:109AA000BDE8F081616828681FF00BFC10B100234D
:109AB0002361F3E7E368A0681A786AB1B7F82AC0AF
:109AC000798B038A8C4594BFC3EB0C03C3EB010372
:109AD000934201DA0020E2E704210C30FCF768FB36
:109AE0002061068023695E80074B00930194A26881
:109AF00000232946384620F090FE0028EADB206942
:109B0000003818BF0120CAE7FBA7020010B500F11A
:109B100058030446BFF35B8F53E8001F41F0010177
:109B200043E80012002AF7D1BFF35B8F201F20F01B
:109B3000F6FC04F17C0004491BF080F92068BDE8C4
:109B4000104002F0A9B900BFFFAE0200F7B5002334
:109B500004460E462B480022694619F00FFD0546C3
:109B6000D0B924F045FE284B009F1A58274B2946B0
:109B70001A60381D2C2224F0A6FD3C60009C24486D
:109B80000195C4E90155C4E90A550022002301A941
:109B900019F0F4FC054620B16FF00B05284603B020
:109BA000F0BD019B0146B822184624F08CFD194AED
:109BB0008260643024F0A0FB019BBFF35B8F5C33B9
:109BC00053E8002F43E800510029F9D1BFF35B8F20
:109BD000019B1C60A36A019F1BB904F10C0024F0D7
:109BE0008BFBA26AC7F8B020E26A07F1B003A36258
:109BF00002B9E362019B17225A855A83043333600A
:109C0000CCE700BF400700200800000034330020EC
:109C100080070020780200202DE9F74317680546E9
:109C20008846006851687E6814461FF04AFB8146EA
:109C3000002842D130469522294621F026FE0646CC
:109C4000207540B1E3681B780BB184F814900020B4
:109C500003B0BDE8F083A068FCF786F902210C3060
:109C6000FCF7A6FA164B2061A0F80080009301943F
:109C7000A26833462946384620F0CFFD002807DA8F
:109C800010F1FF0F26BF4042C0B20E202075DEE764
:109C90002369002BDBD0A06820F00EFC7B8D7A8B33
:109CA0009A4294BFC0EB0200C0EB0300E3681B784C
:109CB000984294BF00200120CAE70120C8E700BFF6
:109CC000C9A4020010B50446807AFBF70FFF0B4BC6
:109CD00083420BD00A490B480B4A4FF493731EF092
:109CE000F5FB09484FF493711EF0E7FB2046FBF7A4
:109CF00005FF064B182202FB003010BD7C08002037
:109D0000812A030041150300522A0300EC3200208F
:109D10002DE9F047074608460C46FFF7D3FFE368F6
:109D2000D0F80890BFF35B8FFA6DBFF35B8FD2075B
:109D300006463DD5228A5AB91F492048204A40F29A
:109D40006B131EF0C3FB1E4840F26B111EF0B5FBF7
:109D5000E26812780271002202601B78D22B0CD1CB
:109D60003B682146186822F03DFA054628B1204696
:109D7000FCF7B4F82846BDE8F08704F10C001FF0AA
:109D8000FFF90023B4F810A0B76080461A462146B8
:109D9000381D20F0F1FA05460028EBD06369A4F8DD
:109DA00010A013FA88F3E360C6F808903060E1E78A
:109DB0006FF01505DEE700BFAD2A03004115030073
:109DC000522A03002DE9F14F0546FFF77BFF0021E2
:109DD0001822D0E90246D0F800A090F80490C78875
:109DE000D0F8108024F06FFCA87AFBF77FFE696939
:109DF000834651B16B7AD80705D4DBF82C301B6849
:109E000028469B68984700236B612946584624F0F2
:109E10008BFAB9F1000F39D0002C37D02368ABB3DF
:109E20001B689BB3BAF1000F30D14846FFF796FD8F
:109E30000546201D20F0CAFE052D34D80123AB4075
:109E400013F0140922D113F0090F15D113F0220FCA
:109E500029D0BFF35B8FE36DBFF35B8FDA0715D5B6
:109E6000236E9BB14FF47022002304F1800001B0F7
:109E7000BDE8F04F1BF01AB923681D68BFF35B8F74
:109E8000E36DBFF35B8FDB0700D53EB901B0BDE8E2
:109E9000F08F41462846B04709F101091FFA89F3BE
:109EA000BB42F6D3F2E7084A0849094840F2C52305
:109EB0001EF00CFB074829461EF008FB024840F242
:109EC000C5211EF0FAFA00BF522A03001917030039
:109ED00041150300D32A030070B50E46438D418B14
:109EE0008B4202F1010228BF0B469A42054620D858
:109EF0003046FFF733FD022812D0042810D024F09A
:109F000077FC134B1958134BD3F88030994213D078
:109F1000114B1B685A1A18BF4FF0FF32134602E06C
:109F20004FF4702200230D480021FFF745FC044642
:109F300020B90024204670BD0022EFE7FFF7C2FEE3
:109F40000121856004F10C00FCF732F90670F1E79D
:109F50000800000028300020343300207C08002056
:109F6000F8B50B8A076804460D46002B39D001214D
:109F700005F10C00FCF7FEF87B7B072B064630D181
:109F800054F8043C6BB301781748043C002310F8E4
:109F900033708F4200EBC30208D1298A5378977837
:109FA000994213D2012F1CD1042317E001331E2B39
:109FB000EDD10846FFF7D2FC98B1052811D081B148
:109FC00006230022204620F05EFE0AE05368294660
:109FD00020469847012F034603D110B1317800295C
:109FE000EFD10020F8BD00BF20F00200F0B51E4602
:109FF00003680D46003987B0044618BF0121186870
:10A00000174621F0C2FD40B904F15C0020F0C7FC06
:10A01000002844D0002007B0F0BD002E41D0182207
:10A020000021684624F04FFB47BB23681E4A1B688B
:10A0300000930023ADF812300C9B0393BDF834302D
:10A04000ADF8103001238DF8143031466B463046A0
:10A050008DF8085020F0C7FA9DF81430C3B1002FD6
:10A06000D8D00198FBF73AFF9DF81430002DD1D0DD
:10A0700032462946204620F006FECBE7002239462C
:10A080002046FFF729FF01900028CED11120C2E71A
:10A0900001990029BED0204620F0CDFDBAE712205C
:10A0A000B9E70120B7E700BF85A50200F8B54FF476
:10A0B0007022074600230B480E461FF039F804466D
:10A0C00070B100F10C0509212846FBF7F3FF20468B
:10A0D000FFF7F8FD012187602846FCF769F8067054
:10A0E0002046F8BD7C0800202DE9F0410E8A043E90
:10A0F000F6B2022E04468CB0084601D0102E64D170
:10A1000004210C30FCF736F80DF108080588478863
:10A11000011D324640461FF002F9002857D09DB37A
:10A12000002687B3BD422FD84FF4205301A94046E3
:10A130008DF80460ADF806301FF0C3F840BB142260
:10A14000002107A824F0BFFA11212046FFF7AEFF37
:10A150000990002837D001210C30CDE90748FCF7E1
:10A1600027F800230A901B4A037039460B932846B0
:10A1700007AB20F038FA0A9B1B78FBB90998FBF76C
:10A18000ADFE0A2301E03D4601232A4610210EE0E0
:10A1900042F6010307A940468DF81C60ADF81E3059
:10A1A0001FF08FF80028CAD010232A4619462046EF
:10A1B00020F069FD00200CB0BDE8F081099920462F
:10A1C00020F039FDF6E71120F5E70420F3E70E2033
:10A1D000F1E700BF559A00002DE9F043036885B010
:10A1E00004460D461868012121F0CFFC40B904F166
:10A1F0005C0020F0D4FBB0BB122005B0BDE8F083BA
:10A2000010220021684624F05EFA21212046FFF743
:10A210004DFF029048B3DFF85890009405F10C0709
:10A220004FF001082B8A012B04D80299204620F018
:10A2300002FD18E038461EF09BFF6B464A46014679
:10A2400006468DF80C8020F0CEF99DF80C30002BDE
:10A25000E8D00298FBF742FE9DF80C3032462021F0
:10A26000204620F010FD0020C7E71120C5E700BF01
:10A2700003AA02002DE9F043036885B004460D46A9
:10A280001868012121F081FC40B904F15C0020F044
:10A2900086FBB0BB122005B0BDE8F0831022002180
:10A2A000684624F010FA0F212046FFF7FFFE0290C7
:10A2B00048B3DFF85890009405F10C074FF00108FF
:10A2C0002B8A012B04D80299204620F0B4FC18E018
:10A2D00038461EF04DFF6B464A46014606468DF84D
:10A2E0000C8020F080F99DF80C30002BE8D002980B
:10A2F000FBF7F4FD9DF80C3032460E21204620F08D
:10A30000C2FC0020C7E71120C5E700BFBDA90200BD
:10A31000F0B51D46036885B004460E461868012155
:10A32000174621F032FC38B904F15C0020F037FB0D
:10A3300048BB122005B0F0BD65B31022002168466D
:10A3400024F0C1F939462046FFF7B0FE029018B359
:10A35000BDF82830ADF8043001238DF80C300F4AD9
:10A3600000946B462946284620F03DF99DF80C30B4
:10A370005BB10298FBF7B2FD9DF80C302A463146DE
:10A38000204620F080FC0020D4E70299204620F0EF
:10A3900052FCF8E70120CDE71120CBE7BDA9020070
:10A3A0002DE9F0410E8A043EF6B2022E04468CB02E
:10A3B000084601D0102E76D104210C30FBF7DAFECE
:10A3C0000DF1040805884788011D324640461EF0FD
:10A3D000A6FF002869D085B377B3BD422DD8606849
:10A3E000012121F0D2FB064678BB8DF8000042F631
:10A3F000020369464046ADF802301EF062FF20B30A
:10A4000042F6030306A940468DF81860ADF81A30ED
:10A410001EF057FFC8B1012D03D14FF6FF739F42C5
:10A4200013D004F15C0020F0BAFA002814BF002019
:10A4300012200CB0BDE8F0813D4601232A460821D8
:10A44000204620F020FC0020F3E7182200210DEB2D
:10A45000020024F038F909212046FFF727FE089072
:10A46000F8B101210C30CDE90648FBF7A1FE00232D
:10A47000099003700A238DF82C300D4A06AB39463B
:10A48000284620F0B0F89DF82C302BB10898FBF747
:10A4900025FD9DF82C30D1E70899204620F0CBFB14
:10A4A000D1E71120C5E70420C3E70E20C1E700BFB4
:10A4B000199C00002DE9F0430F4687B004460621A1
:10A4C00007F10C00FBF756FE0588B0F80280828881
:10A4D000D7F80C90C5B10023B8F1000F13D0A845F0
:10A4E00012D38DF800308DF8043001A94FF42053B9
:10A4F0006846ADF80220ADF806301EF0E2FE0646D2
:10A5000060B10A2301E0454601232A460621204680
:10A5100020F0B9FB002007B0BDE8F083014614220B
:10A5200001A83F7C24F0CFF807212046FFF7BEFDAD
:10A530000290D8B10A238DF815300D4A019401AB71
:10A5400041462846CDE903698DF8147020F04BF898
:10A550009DF815302BB10298FBF7C0FC9DF8153023
:10A56000D3E70299204620F066FBD3E71120D2E71B
:10A57000FDA502007FB5CB681D885E88044685B1C5
:10A5800076B1AE420DD310220021684624F09BF82C
:10A5900005212046FFF78AFD019058B9112007E0F8
:10A5A000354601232A460421204620F06CFB00207A
:10A5B00004B070BD6B46094A00943146284620F02D
:10A5C00012F8029B23B90198FBF788FC0A23E9E7FC
:10A5D0000199204620F02FFBE9E700BF43A70200C6
:10A5E00007B50B460246002124F002F901910F49FC
:10A5F00009580F480068884204D00E48D0F88000FF
:10A60000884201D10022134601A90B4818F0B6FF79
:10A61000014648B9019B1C22184624F054F8034611
:10A62000184603B05DF804FB0023F9E708000000BA
:10A630003433002028300020A007002010B5044645
:10A64000806818B1FBF74AFC0023A360214602484A
:10A65000BDE8104019F01EB8A00700202DE9F3470F
:10A66000044680300E4617461D461AF025FD206E22
:10A6700030B9204620F02EFC002002B0BDE8F08763
:10A68000124B98424FF0000805D12068C4F8608052
:10A6900020F055FAF0E7D0F80490C0F80480206E5E
:10A6A000D0F818A0FFF7CAFF2068C4F8608020F037
:10A6B00046FAB9F1000FDFD02068CDF800A000689D
:10A6C0003B4632462946C847D6E700BF383300200C
:10A6D00070B5036ECA68044643B319498B4225D04E
:10A6E000D5781DB3052D406806D00F2D1FD1437AB4
:10A6F000012B1CD8022107E0437A012BFAD9022B47
:10A7000012D0032B13D104211FF00DFD08B110301E
:10A710000DD104F180001AF0CFFC226E137C43F0BF
:10A7200001031374002070BD0321EDE70E25002204
:10A730002B4620461146BDE87040FFF78FBF00BF93
:10A7400038330020F7B550F8044C0546002C59D09A
:10A7500000F1AC0104F1280020F006F92E1F05F1EC
:10A76000600700220023384619F05EFD024678BBE0
:10A77000EB6D2BB101466FF067033046FFF76EFFBC
:10A78000002345F8043C05F15803BFF35B8F53E801
:10A79000001F21F0010143E80012002AF7D1BFF3A6
:10A7A0005B8FA36A73BB04F10C06002200233046C2
:10A7B00019F03AFD78B9666886B9134826602146D3
:10A7C00018F068FF286803B0BDE8F04001F03CBC19
:10A7D000FBF784FBC5E7FBF781FBE6E7A26833687C
:10A7E0006360964208BFA36077683FB1B369009386
:10A7F000002320681A466FF06701B8473046FFF71C
:10A800001DFFD8E703B0F0BD4007002070B50E462D
:10A8100058B92149214A224840F693731DF056FE4B
:10A8200040F693711D481DF048FE49B91D491B4A69
:10A830001B4840F694731DF049FE40F69471F1E711
:10A8400020F018F9044628B93046FBF747FB6FF0B3
:10A850007F0070BD00F10C052846314623F059FDFC
:10A86000A06A38B150F8B04904B1B03C294620F094
:10A8700094F920B90020ECE71C466FF00100002C91
:10A88000F8D0D4F8B03023B90230F5D020461C46B9
:10A89000ECE7B03BF8E700BF5E270300522A030055
:10A8A000411503009923030038B50C46054658B9F5
:10A8B0001849194A194840F6A8731DF007FE40F6DA
:10A8C000A87115481DF0F9FD49B91549124A1348F8
:10A8D00040F6A9731DF0FAFD40F6A971F1E71BF0EF
:10A8E000ADFA284620F0C6F820B91BF019FB6FF02E
:10A8F0007F0038BD0023236083683BB9C0E9014471
:10A9000020F01DF91BF00CFB0020F2E71C608460B6
:10A91000F6E700BF5E270300522A0300411503003B
:10A92000EC2A030010B50C4620B319B320F0A2F8AE
:10A9300000B3836AC3B153F8B02902B1B03A196EBB
:10A940008C420AD082B11346D2F8B020002AF6D049
:10A95000196E8C42A2F1B002F5D1074A1A66204660
:10A96000BDE81040FFF76ABE043021461FF0FCFF2F
:10A970002046F5E710BD00BF3833002010B504496C
:10A98000144618461022A04700EAE07010BD00BF30
:10A99000E8290020F8B50B4D06460F46002415F8AF
:10A9A000013CB34207D12946384620F02EFB10B1B6
:10A9B00005482044F8BD1034502C05F11005EED1A7
:10A9C0000020F7E76D3300206C330020F8B50B4D05
:10A9D00006460F46002415F8013CB34204D129462F
:10A9E000384620F012FB30B90C343C2C05F10C0534
:10A9F000F1D10020F8BD02482044FBE7692900207E
:10AA000068290020F8B50B4D06460F46002415F8BE
:10AA1000013CB34207D13946284620F0F6FA10B17E
:10AA200005482044F8BD0C343C2C05F10C05EED152
:10AA30000020F7E7035800200258002038B50E4BDD
:10AA4000144682689A420D4611D122792168C06865
:10AA500020F0E3FA58B1D4F8C8302F2B09D804EB12
:10AA600083020133158101895181C4F8C830012066
:10AA700038BD0020FCE700BF61AF000070B5204B7F
:10AA8000144682689A420FD1A568C66875B92279C2
:10AA90002168304620F0C1FA024628B11949013038
:10AAA00020F0E8FA15701581012070BDE0680028DB
:10AAB000FBD02B888B420AD0F6D2E068A36801381D
:10AAC0000433E0600038A36018BF0120EDE725687B
:10AAD00022792946304620F0A0FA024660B9094999
:10AAE000304620F09AFA02460028E6D02946013086
:10AAF00020F0C0FA23791370A3685B881381DCE728
:10AB000061AF0000AD2103002DE9F0410D4CDFF8ED
:10AB10003880054600262746621C6DB9414610461E
:10AB200020F073FA28B90136052E04F11004F2D191
:10AB300000273846BDE8F081217828461FF0C4FA86
:10AB4000F0E700BF6C330020AD21030010B54A1CB4
:10AB50000C4638B109781FF0B7FA08B1204610BD8D
:10AB60000020FCE70249104620F04FFAF5E700BF4D
:10AB7000AD2103002DE9F0410D4CDFF8388005468A
:10AB800000262746621C6DB94146104620F03DFA6A
:10AB900028B90136052E04F11004F2D100273846F9
:10ABA000BDE8F081217828461FF08EFAF0E700BF5B
:10ABB000C8330020AD2103002DE9F04106460F46C1
:10ABC00090461EF0D6FD394605463046FFF7FEFE9C
:10ABD000044695B370B91A4B184620F052FAC0B922
:10ABE0000C25184A6543681C3946104420F042FA87
:10ABF0005655AC18012101FA08F104F1080020F0C3
:10AC00001BFABDE8F04110484FF4004200231AF04F
:10AC10004DBA0134052C03F10C03DDD10B490C4A6C
:10AC20000C4840F2BA531DF051FC0B481DF04EFC8D
:10AC3000074840F2BA511DF040FCBDE8F08100BF6A
:10AC40007029002068290020A8290020202B03005B
:10AC5000F02A030041150300322B03002DE9F041D7
:10AC600080460F4616461D46FFF7CCFE044648B9FF
:10AC70001449FFF7C7FE0446F0B100F8018B3946CE
:10AC800020F0F8F92289638992B99BB92681658100
:10AC9000254615F8010B29461EF06BFD60B12246D2
:10ACA000294612F8080BBDE8F0410423FBF7E2BB8C
:10ACB000964203D39D42EAD8BDE8F0819D422681A9
:10ACC000E6D9E4E7AD2103002DE9FF410E46174622
:10ACD0009846044628B96FF01505284604B0BDE82B
:10ACE000F08102A91EF0C5FA05460028F3D101A99A
:10ACF00020461EF0BEF80198D0B902A90020FFF747
:10AD000081FE0446D8B9002EE7D01149FFF77AFE3C
:10AD10000446D0B1002300F8013B02A920F0AAF9B3
:10AD2000042204F108014046B84700EAE075D4E780
:10AD30000A2229461CF046FB0028DED0CBE7002E75
:10AD4000EED1066046608660C7E76FF00B05C4E78A
:10AD5000AD21030008B583685BB1094909480A4A77
:10AD600040F6EA531DF0B2FB074840F6EA511DF0E9
:10AD7000A4FBBDE808400549013020F07BB900BFC5
:10AD8000512B030041150300F02A0300AD210300FD
:10AD900010B56FF0020104460E4820F05CF90D4832
:10ADA00020F06FF9C20704D50B48002200231AF0E7
:10ADB0007DF9204620F0CDF858B12046FFF7A4FEDB
:10ADC00038B1037ADB0704D5BDE81040012120F03B
:10ADD00041BA10BDA02A0020702A00201FB51046DD
:10ADE000074A19464FF42813CDE90223082300939C
:10ADF000BDF818206B4420F0BFFA05B05DF804FBE5
:10AE00001800280038B5094B154682689A420AD1C5
:10AE1000C46829680134204620F0F7F818B1696841
:10AE2000204620F027F9012038BD00BF61AF0000A7
:10AE300008B513468168074A914209D11A79196801
:10AE4000C06820F0EAF818B1002303604360038172
:10AE5000012008BD61AF000002484FF4A472002336
:10AE60001AF024B9702A002008B50421084820F0FF
:10AE7000E3F807486FF0020120F0EDF8044820F0F5
:10AE800000F9C30701D5FFF7E7FF002008BD00BFA9
:10AE9000A02A0020024608B50849013020F0EAF84F
:10AEA000002313720C32BFF35B8F52E8001F42E89D
:10AEB00000300028F9D1BFF35B8F08BDAD2103003E
:10AEC0002DE9F041234B154682689A42074602D18C
:10AED000C468638933BB0120BDE8F081FDF7D8FD6C
:10AEE000E36800216181002BF5D038469847F2E7EE
:10AEF00005F17008287A41461EF03BFC68B9164BF4
:10AF00009C4202D1284620F045FB1449304620F0EF
:10AF1000B1F8002323702381E2E74146304620F058
:10AF2000A9F8DDE72389002BDAD02646284616F853
:10AF3000011B32461FF0C8F80028D9D120783146CD
:10AF4000FEF730FA0028CBD0437B072BC6D1FDF7A4
:10AF50009FFDC0E761AF0000E8020020AD210300C3
:10AF60002DE9F0471F46BDF82030D1F80C90064679
:10AF70008846002B46D17B1E012B46D8012F49461F
:10AF8000157818BF1588FFF7E1FD044678B915B9A3
:10AF90003846BDE8F0874946FFF7D8FD0446B8B308
:10AFA00006F17001013020F065F8337A2370D9F88A
:10AFB0001030DBB9B4F808A02581B9F80A30AB42EB
:10AFC00003D04946404620F062F8AA4505D0307AC1
:10AFD000002206F17001FFF7EFFD002DD8D10E49D8
:10AFE000601C20F047F825702581D1E72A464146AC
:10AFF000304698470028CCDB01380128DAD96FF0B9
:10B000000D00C6E76FF00600C3E76FF00C00C0E765
:10B010006FF01000BDE700BFAD21030073B50C4613
:10B020000546082104F11000164620F005F8122309
:10B030000422CDE900323146034B2246284620F057
:10B04000CFFA02B070BD00BF49B7020008B5124880
:10B0500001211FF0F1FF10F0010F104B0AD1104A2F
:10B060009A610D4820F00DF8830713D4BDE808401D
:10B07000FFF7F2BE1A8B588B012A4FF6FF7205D8E4
:10B08000904207D04FF6FF725A83EAE79042198345
:10B09000E7D0F7E708BD00BFA02A0020502A002013
:10B0A0000100FFFFF8B50B4C0B4F0025661C39461D
:10B0B00030461FF0AAFF014630B9204620F057F86D
:10B0C0002078314620F055FB0135052D04F11004A0
:10B0D000ECD1F8BD6C330020AD21030010B525483C
:10B0E00001211FF0A9FFC30743D4022121481FF00B
:10B0F000A3FF08401FD12049204A0B88204CA242C0
:10B1000016D900B10B801F491F4A20484FF4BE6377
:10B110001DF0DCF91E481DF0D9F91B484FF4BE6143
:10B120001DF0CBF9506803449BB208320120E6E7DA
:10B13000F8D300B10B801749174819F07FFE4FF480
:10B14000A47200231448FBF749FA1449144819F073
:10B1500075FE022113481FF06FFF1349134819F0C1
:10B160006DFE1348FEF736FABDE810401148FEF7B1
:10B17000D9B810BDBC3300203E58002078EC020046
:10B1800090EC02006F2B0300F02A0300411503002E
:10B19000A01B030087B80200F829002041B9000075
:10B1A000702A0020A02A002071BC0200A8290020DB
:10B1B000C0020020A00200202DE9F041034698B310
:10B1C000008A88BB1A49DFF86CE001244FF0140CA8
:10B1D000714528D91849194A194840F26A731DF077
:10B1E00075F918481DF072F9144840F26A711DF0A3
:10B1F00064F9D1E90076BB4204D30CFB0672143A21
:10B2000093420ED93444A2B208311446E0E70CFB55
:10B21000057843450AD001356219B54292B2F6D19C
:10B22000F2E70025F8E7E4D3BDE8F0811046FBE73C
:10B2300078EC020090EC0200682B0300F02A030077
:10B2400041150300A01B03002DE9F74FBDF8305056
:10B25000009199464FF6FF73002D08BF1D462B4BFA
:10B260001B8883420746904632D203B0BDE8F08F78
:10B270008958019340461EF024F8019B90B1013497
:10B280000AF1010AA4B2736853452CD9009B3168B6
:10B290009C42EAD8BC42F2D30BFB0AF28B18B8F1FD
:10B2A000000FE5D1B9F1000F0BD1013DADB2184649
:10B2B0000E9A0D9B21469847002DD6D00028DED14E
:10B2C000D3E7DA689145DAD1EFE74FF0000ADAE721
:10B2D0000F4E01244FF0140B06E0C6D273682344CE
:10B2E000BB42F2D29CB208360A4B9E42F5D90A49BB
:10B2F0000A4A0B4840F632031DF0E8F809481DF0F1
:10B30000E5F8064840F632011DF0D7F83E58002017
:10B3100078EC020090EC0200682B0300F02A030096
:10B3200041150300A01B030010B5A2B00021142298
:10B3300006A8CDE90111CDE9031123F0C4F94FF4BA
:10B340001053ADF814301D4C8023ADF816304FF477
:10B350008063CDE9073401A920AB102205A822F0B3
:10B36000E8F9014638BB54220BA823F0ACF9209928
:10B3700022460BA822F0B8FAE8B9114A0BAB4FF6F7
:10B38000FF71012020F074FA0E4905AB10220BA8C2
:10B3900022F0C8FA78B90B4B082203F11001187893
:10B3A00011F8014D03F8014B013A0870F7D1064836
:10B3B00008211FF041FE22B010BD00BF0002C003F3
:10B3C00061B60200D8290020A02A00202DE9F04112
:10B3D0001949BDF818700446A1F1300015461E4603
:10B3E00019F0C6FE15481FF04CFE010707D4FFF701
:10B3F0009BFFFFF757FE12481021FBF76DF8204620
:10B40000FFF782FB68B1037ADA070AD500F10C0472
:10B4100020461FF036FEC30703D4022120461FF04A
:10B420000BFE102306933A4631462846044BBDE8EE
:10B43000F0411FF0A1BF00BF282A0020A02A002051
:10B44000D829002010B51B481FF01BFEC0F3C00018
:10B4500080F0010408B9FFF767FF16481FF011FEDE
:10B46000034614481FF00DFEDA0621D5830608D5E1
:10B47000F4B1FFF717FEBDE810400F481021FBF7AD
:10B480002BB820210B481FF0D7FD0B49102288183C
:10B4900023F021F948B9094819F00EFEBDE8104023
:10B4A00004486FF001011FF0D6BDFFF7CFFDE0E7C4
:10B4B00010BD00BFA02A0020D8290020702A00203B
:10B4C00008B5102103481FF0B7FDFFF7BBFF0020B0
:10B4D00008BD00BFA02A00202DE9F041B8B00C46FD
:10B4E000164621493E986A461F461DF09EFC0028DC
:10B4F00037D0009D01A928461DF0BBFC65B101981D
:10B5000070B90DF108080023284641468DF8143023
:10B510001DF0AFFE054650B16FF0150425461AE048
:10B520000A2200211BF04EFF0028EAD0F4E7CDF8F4
:10B530001080A4B1C02208A93846B047041EEDDB34
:10B54000A40808ABCDE90634084A04AB4FF6FF71F6
:10B55000012020F08DF9284638B0BDE8F08123465F
:10B56000F0E76FF01505F6E7972B03007DAA0000C2
:10B5700007B500230193FFF71FFE411C89B208465F
:10B58000034A01AB20F074F9019803B05DF804FBA5
:10B59000BBAF02002DE9F0410C4686B017460546C8
:10B5A00070B96449644A654840F691531CF08EFFB7
:10B5B00063481CF08BFF40F691515F481CF07DFF03
:10B5C00061B960495C4A5D4840F692531CF07EFFC9
:10B5D0005B481CF07BFF40F69251EEE7437B072B64
:10B5E00040F0A38000238DF81430206842F6030356
:10B5F00005A9ADF816301DF064FE18BB6668002E74
:10B6000000F093800090012304AA2146B04701284E
:10B6100040F08B809DF8103013F0300F00F08580E3
:10B620002046FFF7A5FF044660B94649424A434811
:10B630004FF45B631CF04AFF43481CF047FF4FF494
:10B640005B61BAE7002320688DF8143005A942F643
:10B650000213ADF816301DF034FE88B12046FFF716
:10B6600087FF044660B93749334A344840F6B65339
:10B670001CF02CFF34481CF029FF40F6B6519CE723
:10B68000002642F6021820688DF8086002A9ADF87D
:10B690000A801DF016FEF0B9002320688DF81430E2
:10B6A00005A942F60213ADF816301DF00AFE002877
:10B6B0003BD16668002E38D00090022305AA2146AF
:10B6C0002846B047022830D1BDF814301F4214BFBD
:10B6D000012000202AE020688DF80C6042F6030368
:10B6E00003A9ADF80E301DF0ECFD0028D4D0206881
:10B6F0008DF810604FF4205304A9ADF812301DF0FE
:10B70000E0FD0028C8D020688DF8146042F60103DF
:10B7100005A9ADF816301DF0D4FD0028BCD0204698
:10B72000FFF726FF04460028ADD1002006B0BDE893
:10B73000F08100BF5E270300F02A030041150300DB
:10B740009E2B0300B32B0300B82B03002DE9F84315
:10B750001546894694226968064620F096F8804688
:10B76000002842D1696802223046FFF713FF002803
:10B770003ED04FF470200021AF8AFEF731FF023730
:10B78000044680B11C4B47611D214174C0F80C80F8
:10B79000436085613A4630461FF0B8FA074638B92B
:10B7A0002046FEF74BFF6FF00B052846BDE8F883F7
:10B7B0000123424641461FF0F4FBA98A07F10C0021
:10B7C0000231FAF7F5FC20F8029BAA8A296922F0D7
:10B7D00052FFA76021463046FFF766F8054600286D
:10B7E000E3D02046FEF72AFFDFE74FF0FF35DCE726
:10B7F0006FF01505D9E700BFC1AF020030B50546AF
:10B800008BB00C4671B94649464A474840F6364324
:10B810001CF05CFE45481CF059FE40F6364141489C
:10B820001CF04BFE4B6873B90B6863B940493D4A45
:10B830003D4840F637431CF049FE3C481CF046FEAC
:10B8400040F63741EBE73B481FF01BFC420761D550
:10B8500015B16B7B072B60D160680590FFF7ACFCDE
:10B860002268ADF818003AB305A902913249019156
:10B870000121002300914FF6FF710593FFF7E4FCCF
:10B88000059B1BB96FF001000BB030BD6360059BD9
:10B89000186800238DF8103004A942F60303ADF8B0
:10B8A00012301DF00EFD70B90598C3689B799B0698
:10B8B00005D46FF01500E7E70028E8D1E2E71FF0B4
:10B8C00090FFADF81800BDF818003DB10123014606
:10B8D000A37522462846FFF739FFD5E76FF07F03AF
:10B8E00007930223ADF8203042F60213ADF8123070
:10B8F00005ABA5750293114B01930123009304AA94
:10B900002B464FF6FF7109948DF81050FFF79CFC01
:10B910000798B9E76FF00A00B6E76FF07F00B3E76A
:10B92000CE2B0300F02A030041150300D52B0300A2
:10B93000EB2B0300D4000020EFAF0200C5BA0000DB
:10B94000F7B500F130050446A0F1200728461FF0A6
:10B9500098FB8307C0F340060ED51949194A1A48C7
:10B9600040F24A531CF0B2FD18481CF0AFFD1548D8
:10B9700040F24A511CF0A1FD54F8083C01936FF0CD
:10B98000010128461FF067FB114B44F81C3C114B8A
:10B9900044F8183C01AB44F8103C042324F8086C2C
:10B9A00024F8066C24F80C3C39463046FFF726FF95
:10B9B00018B9022128461FF03FFB03B0F0BD00BFBD
:10B9C000082C0300F02A030041150300392C030062
:10B9D00048F1020091AD00002DE9F843334B1468A3
:10B9E000174682689A4205465DD1C668002306F173
:10B9F0000109002B57D13389002B54D031784A46A6
:10BA000020461EF061FB00284DD04FF49572294668
:10BA100020461FF03AFFA0B1032844D00528204655
:10BA20000CBF4FF003084FF002081EF0B2FB804538
:10BA300007D93A7942454FF00103DAD287F80480FA
:10BA4000D7E7314628461FF022FB194B9E422AD1E8
:10BA5000207A04F17001FEF7D5FF054618B303897B
:10BA60000BB94389FBB12046FDF724F9114A2B8914
:10BA700022F8203002EB8003698959800E490F4D6E
:10BA8000182303FB001300B202EB800200EB40001E
:10BA90005D601A610A4D9D60042201EBC0012046E1
:10BAA0009A82FFF7ABFE0120BDE8F88361AF00008A
:10BAB000E8020020FE5700205433002048F1020025
:10BAC00003B702002DE9F843414B144682689A42BD
:10BAD000074603D001273846BDE8F883C6683D4BCA
:10BAE0009E4211D03289A3899A4206F10101F1D117
:10BAF0003078FDF757FC05460028EBD0437B072B39
:10BB000027D0FCF7C5FFE5E7334DDFF8D0904FF0C5
:10BB10000008494628461FF078FA78B915F8010C54
:10BB200007222946FDF758FC80B9236915F8010C56
:10BB30001A69294653881288FFF790F808F101081E
:10BB4000B8F1050F05F10C05E3D1CBE7FCF7A0FF39
:10BB5000F4E7736923B13946984708B92846D0E716
:10BB60003946942228461FF090FE07460028F5D15A
:10BB7000A389022B14D1338913F0020604D128467D
:10BB8000FCF786FFA660A5E72269A1882846FFF793
:10BB9000DDFD0646A8B92269937D01339375EEE772
:10BBA000012B04D02846FCF773FFA76092E7338986
:10BBB00013F00106E3D02269A18828461FF0A0FEF9
:10BBC00006462846FCF764FF002EA66083DB81E76B
:10BBD00061AF0000E802002003580020AD210300FF
:10BBE00073B50D46044670B92149224A224840F6F1
:10BBF000D5631CF06BFC21481CF068FC40F6D56155
:10BC00001C481CF05AFC09B10B6863B91C49194A5D
:10BC1000194840F6D6631CF059FC1A481CF056FC33
:10BC200040F6D661ECE7437B072B1AD1061D4FF493
:10BC3000803130461FF000FAC30315D40223CDE94A
:10BC400000332046104B11492A461FF0C9FC044618
:10BC500020B16FF4803130461FF0FDF9204602B06C
:10BC600070BD6FF07F04F9E76FF07704F6E700BF6F
:10BC70005E270300F02A0300411503009E2B0300FA
:10BC8000542C0300D52B0300BFB00200F7AF020015
:10BC900007B50A4670B92949294A2A4841F2B933F9
:10BCA0001CF014FC28481CF011FC41F2B931244866
:10BCB0001CF003FC09B1096861B92449204A2148F4
:10BCC00041F2BA331CF002FC1F481CF0FFFB41F2AA
:10BCD000BA31ECE7437B072B2CD153683BB90823DF
:10BCE0004FF0040ECDE9003E194B1A4909E0012B33
:10BCF00011D0117B5B00019341B1202300931649C1
:10BD0000164B1FF06DFC03B05DF804FB0E2300938F
:10BD10001349144BF5E7538933B10C234FF0040C4E
:10BD2000CDE9003C104BE0E70A230221CDE90031C8
:10BD30000E4BDAE76FF07F00E5E700BF5E270300F8
:10BD4000F02A030041150300D52B0300542C0300F7
:10BD50003FB502006FB90200F7B202002BB102003A
:10BD60002FB1020003B10200EBB00200D7B0020015
:10BD70002DE9F0410C46074670B94149414A424815
:10BD800041F2CF531CF0A2FB40481CF09FFB41F254
:10BD9000CF513C481CF091FB61B93D49394A3A48C2
:10BDA00041F2D0531CF092FB38481CF08FFB41F25B
:10BDB000D051EEE7437B072B5BD1FEF7DBFE064657
:10BDC000002859D08568002D56D00023143D984690
:10BDD000AC4209D029892289914208BF4FF001085D
:10BDE0006D691DB1143DF3E70123F9E7002B43D042
:10BDF00004F110001FF045F9430703D521463846EA
:10BE00001FF03AFEB8F1000F18D0B36804F1140225
:10BE100053B19A4223D16369DDB9F168B3608A42B4
:10BE200000D1F36000236361B36813B93046FEF7B5
:10BE300091FFB8F1000F15D1002008E0154AA4F8D1
:10BE40000C8021463846FFF7E9F80028DDD0BDE830
:10BE5000F0812B60F3689A4208BFF560E2E71D4667
:10BE60001B68D5E7002325681A4621463846A847AF
:10BE7000E2E76FF07F00EAE76FF01500E7E700BF49
:10BE80005E270300F02A030041150300D52B0300B1
:10BE9000CE2B0300CFB1020070B58EB000F170055B
:10BEA000044603900123007A8DF8103029461DF0D6
:10BEB00060FC90B1227A1AB302AE042130461CF025
:10BEC00012FB00960F4A242105A82B46FAF742FAE6
:10BED00005AA0D491046F8F777FE4FF6FF710B4A99
:10BEE00003AB01201FF0C4FC20461EF052F99DF860
:10BEF0001010884202D220461EF015F90EB070BD17
:10BF00000092DFE79A2B0300D9B40000D9B90000F2
:10BF1000F8B5084B1C6805460E4617464CB154F858
:10BF2000043C043C1BB13A463146284698476468B5
:10BF3000F4E7F8BDC033002037B501230546009073
:10BF400000F17001007A8DF804301DF012FC78B910
:10BF50004FF6FF710120144A6B461FF089FC002147
:10BF600028461FF012FE08B9FFF770F803B030BD85
:10BF70002846FEF7FFFD0028EAD08468002CE7D0B1
:10BF8000143C04F1100318461FF07BF8020709D493
:10BF900018461FF076F8830704D4044A2146284641
:10BFA000FFF73CF86469E9E7D9B9000049B202003B
:10BFB00030B5B5B0002301918DF8080033930A4ADB
:10BFC00001AB04460D4601204FF6FF711FF050FCF7
:10BFD000339B3BB19B0003AA29462046FAF76EFA31
:10BFE00035B030BD1A46F7E73DAA00002DE9F34110
:10BFF00000F17008CDE9001204460F46007A414670
:10C0000016461DF0B6FB0F4A05466B464FF6FF710C
:10C0100001201FF02DFC1DB1207A4146FFF7C8FF1B
:10C02000207A3946FEF7B6FC40B1314601301FF0A8
:10C0300021F81DB1207A41461FF09BFB02B0BDE8FC
:10C04000F08100BF05AE00002DE9F74F044603461E
:10C050003B4A4FF6FF71012004F170061FF008FC07
:10C06000207A31461FF0CAFD207A31461DF081FB4F
:10C0700050B1237A8DF80430324A00966B464FF661
:10C08000FF7101201FF0F4FB2046FEF773FD074609
:10C0900040B92046FEF738FD054600283DD103B0E3
:10C0A000BDE8F08F8568002DF3D055F81489B8F1FC
:10C0B000000F01D0A8F114084FF00009CA4601E0B2
:10C0C0004546984605F1100B6FF0080158461EF0E2
:10C0D000C2FF207A31461DF04CFB80B9A5F80CA0B8
:10C0E0002B464A46394620461FF051F8B8F1000F5A
:10C0F000CFD0D8F81430002BE2D0143BE0E75846FC
:10C100001EF0BFFFC307E9D47B781BB13146781C12
:10C110001EF0B0FF05F11409E8E7207A31461DF062
:10C1200028FB28B9284603B0BDE8F04FFEF7B2BEA1
:10C130003146681C03B0BDE8F04F1EF09BBF00BF46
:10C14000C1AE000031AE000008B50A4B42689A4209
:10C150000ED183695BB908490848094A41F6A3131F
:10C160001CF0B4F9064841F6A3111CF0A6F9198297
:10C1700008BD00BF6FB90200CE2B030041150300BC
:10C18000F02A0300064BD3F8EC0028B9054AC3F89F
:10C19000F020EC330B6070476FF00B00704700BF6E
:10C1A000A82A00204CF2020008B5054B01461846AB
:10C1B0001FF084FD043B002814BF1846002008BD72
:10C1C000AC2A002010B50C4A11680C4ABFF35B8FF3
:10C1D00000F5BC7353E8004F944204D143E8001CBF
:10C1E000BCF1000FF6D1BFF35B8FBFF35B8FD0F8CC
:10C1F0007801BFF35B8F10BD90320020A82A002089
:10C2000008B5FFF7DFFF0346C8B1D0E9011221B935
:10C21000002A0CBF0320022010E032B1C36813B91A
:10C22000094B1B7833B9042008E00749087828B186
:10C23000DB6833B9003A18BF0122500008BD032063
:10C24000FCE70120FAE700BF8961002038B5051D31
:10C250000446082128461FF083FD064904F15700D3
:10C26000FCF7F2F820B1284608211FF051FD082004
:10C2700038BD00BF79C2020038B5EC220546002166
:10C2800022F021FA102105F127000CF0F9FF0446F5
:10C2900048B9052128461FF063FDFCF7C5F8034B9C
:10C2A0001860204638BD0824FBE700BF1834002082
:10C2B00070B50E4686B00446FFF784FFF36804F1BC
:10C2C00037020546114603F1100053F8046B41F89C
:10C2D000046B8342F9D1237A052B40D8DFE803F0C1
:10C2E000172323033F6502AB45490093096804F116
:10C2F000270304F1570001F0FFF880BB0A21201D3D
:10C300001FF02EFDEB680299D4F8EC009847204608
:10C310000D211FF025FD201D10211FF021FD2046BD
:10C320001FF076FD19E094F8DC10D4F8D83002AD97
:10C33000CB403349009503F00103096843F08003C3
:10C3400004F1570020F020F948B91022294604F1E1
:10C35000170022F0C0F920B1042006B070BD0820FB
:10C36000FBE7032120461FF0FBFC1FF051FD0028D6
:10C37000F3D194F8DC300133DBB2142B84F8DC30D9
:10C3800009D10D2120461FF0EBFC1021201D1FF0CC
:10C39000E7FC0020E1E7102104F127000CF070FF1A
:10C3A000003818BF0120C000D7E7102104F1270092
:10C3B0000CF066FF0028D2D105B32B69F3B1114B05
:10C3C000E27A1B88ADF80830A37CD20703F00103A2
:10C3D00012D4002B14BF012303238DF8093000234E
:10C3E000C4E93833201D0C211FF0BAFC2B69D4F8A6
:10C3F000EC0002A99847CCE75B00EEE70220ACE72F
:10C40000183400209CED020073B5047A022C054616
:10C4100023D844B190F8DC30D0F8D840DC4004F0A8
:10C42000010444F08004032128461FF0D2FC064694
:10C43000A8B110210C30F9F7BBFE00900F4823463D
:10C44000006805F1270205F1570120F09DF8044628
:10C4500050B13046F9F742FD01E0032C02D008202C
:10C4600002B070BD0024DEE7314628461FF061FCB3
:10C47000281D21461FF04CFC2046F1E7183400200F
:10C48000F8B50446FFF79EFE251D06460E212846F8
:10C490001FF014FC48B94C4B2022196804F15700D6
:10C4A00022F019F908B90820F8BD0C2120461FF028
:10C4B00090FC07460028F6D040210C30F9F778FEB2
:10C4C000414B1B680246014603F1200053F804CBA0
:10C4D00041F804CB8342F9D1203203F1200153F813
:10C4E000040B42F8040B8B42F9D1394620461FF069
:10C4F00020FC237A052BD6D801A252F823F000BFE6
:10C5000019C500009DC5000045C5000019C5000003
:10C51000A7C40000BDC50000042120461FF020FC78
:10C52000FFF772FF0028BFD1284607211FF018FC33
:10C530000820FFF739FE002843D12046BDE8F84027
:10C54000FFF784BE2046D4F8EC70FFF73BFE0421D1
:10C55000064604F1D8000CF093FE0028A3D1D4F8CD
:10C56000D8301A4AB3FBF2F102FB1133C4F8D830C9
:10C5700084F8DC0056B1736843B10B2128461FF0E4
:10C58000EFFB7368D4F8D81038469847032120464B
:10C590001FF0E6FB0E211FF0E3FBC5E72046032159
:10C5A0001FF0DEFB0E211FF0DBFB28460A211FF0E7
:10C5B000D7FBB368D4F8EC009847B5E704212046D0
:10C5C000E9E7002070E700BF1834002040420F0068
:10C5D00070B50E460446FFF7F5FDF36804F1570504
:10C5E0002A4603F1200153F8040B42F8040B8B4256
:10C5F000F9D104F1770203F1200153F8040B42F85A
:10C60000040B8B42F9D12846FBF77CFE28B30E21A0
:10C61000201D1FF0A5FBD4F8EC50D5F8A03033B99D
:10C62000287A05F1700100F00BFDC5F8A000D5F8DF
:10C63000A03043B90F4B1D68B5B9201D06211FF06E
:10C640008FFB284608E0DA8902F02402002AF1D0A4
:10C650005B7B9B07EED4032070BD2846FBF75EFE94
:10C660000028E7D10B20F7E72046BDE87040FFF730
:10C6700007BF00BF1834002038B512490446A0F1A6
:10C68000EC055C3018F0DAFB28461FF016FDBFF30E
:10C690005B8F0D4A04F18C0353E8001F43E8002030
:10C6A0000028F9D1BFF35B8FBFF35B8F90344FF05D
:10C6B000FF3354E8002F44E800310029F9D1BFF3DB
:10C6C0005B8F38BDB7C30200A82A002038B5174BCE
:10C6D0001B78054623B301F00F042846FFF790FDB1
:10C6E000134A03280CBF04F00B0444F0040405F5BE
:10C6F000BE731278BFF35B8F53E8001F013103D183
:10C7000043E800200028F7D1BFF35B8FBFF35B8FB6
:10C71000D5F87C31BFF35B8F2BB144F0010038BDFD
:10C7200001F00704D9E704F0FE00F8E78961002072
:10C73000E90600202DE9F3410D46D0F8EC700446DF
:10C74000FFF740FDED68EB78102B03D0062002B018
:10C75000BDE8F081D7F8A0305BB1261D0F2130462F
:10C760001FF0ACFA80B92046FFF786FD60B1C0B279
:10C77000EDE7387A07F1700100F062FCC7F8A0001D
:10C780000028EAD10820E2E7012363722B68C4F88D
:10C790000A30AB88E38102232374A9782046FFF78F
:10C7A00095FFE0742046FFF72BFD1023607423757E
:10C7B0002B7903F0030363756B7903F00103A37511
:10C7C000E37C1A070CD5AB781B0709D50521304649
:10C7D0001FF0C6FA637D03F0020363750023A3759F
:10C7E000052130461FF06AFA002845D0534B1B78CC
:10C7F000A374E37C980606D5AB78990603D514217B
:10C8000030461FF0ADFAE37CDA0737D5AB78DB07AB
:10C8100034D50D2130461FF0A3FAA37D84F8E8300B
:10C82000637D84F8E930032130461FF099FA237BB9
:10C83000E17C95F8008003EA0102100704D5E27A52
:10C84000A07C0243D2071DD4B8F1040F1CD80B43BF
:10C8500013F0040307D02046FFF7D2FC384B08EB57
:10C86000880843441B5C2372D7F8A01020461FF0B1
:10C870002EFA58B903206AE7324BB8E700236375F4
:10C88000A375CAE70523EEE70023ECE7237D627B6F
:10C89000934228BF1346102B7FF458AF0521304632
:10C8A0001FF00CFA0028E5D0237A002BE2D03046A6
:10C8B0001FF004FA0028DDD02046FFF783FC034672
:10C8C000D4F8EC00FBB11A68EAB12A788DF80020A0
:10C8D0006A788DF80120AA788DF80220EA788DF820
:10C8E00003202A798DF804206A798DF805201B68C9
:10C8F000694698470138C0B2082804D8124B185C22
:10C9000000287FF424AF0C2120461FF029FA0221D1
:10C910001FF05FFA054600283FF434AF06210C30C3
:10C92000F9F746FCD4F811300360B4F81530838071
:10C93000294620461FF0FDF9002008E78B61002002
:10C94000172D03008A610020FF2C0300014B187093
:10C95000704700BFE90600202DE9F041C678012E9E
:10C96000044604D06FF015042046BDE8F0811FF0A6
:10C970009EF90546002800F0AB80071D04213846CB
:10C980001FF09CF9002840F0A680032138461FF0D4
:10C9900095F910B16FF00F04E6E7314638461FF005
:10C9A0008DF90028F6D12846FFF70CFCD5F8EC30BD
:10C9B0009B7A032B064642D032D8013B012B48D943
:10C9C0000F21201D1FF07AF90028CBD1D4F8A03018
:10C9D00083B904F17006217A3246202000F0AAFBC8
:10C9E000C4F8A00030B9217A3246042000F0A2FB3E
:10C9F000C4F8A000D4F8A030002BB3D0DA8912F02C
:10CA0000240FAFD0A17A022923D9587BC007A9D51A
:10CA100003291ED09206A5D51B7B102BA2D118E0AE
:10CA2000042BCDD12846FFF7EBFB032804D1002EC1
:10CA3000C6D03369002BC3D0284B1B7807E02846AB
:10CA4000FFF7DEFB032804D1002EB9D03369002B99
:10CA5000B6D0D4F8A0303BB12846FFF70DFC044611
:10CA600070B16FF068047FE7207A04F1700100F084
:10CA7000E7FAC4F8A0000028EED16FF00B0473E7CA
:10CA80000B2128461FF0A5F906460028E9D0012110
:10CA90000C30F9F78DFB092180462846FFF716FE7A
:10CAA000234688F800002246314605F1EC001DF0CF
:10CAB00063FC044618B13046F9F710FA54E73846DB
:10CAC0000F211FF04DF9012128461FF049F94BE7CE
:10CAD0006FF07F0448E76FF0040445E789610020A8
:10CAE000F8B5D0F8EC40D4F8A0300646051D43B99F
:10CAF000022128461FF0E2F80927002851D11F2102
:10CB00004BE081BB0D2128461FF0D8F8074620B125
:10CB1000D4F8A00008B100F03DFC364B1B689BB177
:10CB20001D6805B10C3D53F80C3C13B13946204645
:10CB300098474DB12B46ED681B681DB10C3D002B8D
:10CB4000F4D1F7E7002BF1D130461FF0B6FA637B42
:10CB5000072B4DD1627AA37A9A4249D02046BDE88C
:10CB6000F840FFF7F9BE0139C9B20E2998BF224A31
:10CB70001B7B94BF575C092723BBD4F8A00000F0AF
:10CB8000E3FB0023C4F8A030022128461FF096F8EA
:10CB900038B9072FB3D8194BD95D3A462046FCF770
:10CBA00081FB032128461FF089F80028CCD0114BC7
:10CBB0001B68002BC8D01D6805B10C3D53F8083C1C
:10CBC0004BB90BE0022128461FF078F80028D4D199
:10CBD000DAE70C3D23B1394620469847002DB3D003
:10CBE0002B46ED685B68002DF3D1002BF3D1ABE74A
:10CBF000F8BD00BF88320020082D0300F72C030089
:10CC00001D4B10B5044618601C484FF0FF324FF022
:10CC1000FF3316F0FBFF58B119491A4A1A4841F27E
:10CC2000F8231BF053FC41F2F82116481BF045FC99
:10CC3000164818F055FB114817F0B8F848B11049DC
:10CC4000104A114841F2FD231BF040FC41F2FD2146
:10CC5000EBE784B1BFF35B8F0D4C54F80439BFF39D
:10CC60005B8F5B0607D52046FFF70AFC014610B133
:10CC700020461FF0BAFA10BD183400201803002017
:10CC8000B42C03007F2C0300411503002C0300206B
:10CC9000AC2A00202DE9F0410B8A04460E46B3B3BE
:10CCA000012106F10C00F9F765FAA4F1EC05E83C66
:10CCB0000746042120461FF001F840BB39780E29B1
:10CCC00025D8DFF8508058F8313023B9072128469D
:10CCD0001FF08BFA1BE028461FF0C4F930B903217E
:10CCE00020461EF0EBFF90B10821F0E73B78318A37
:10CCF00008EBC3021279914201D00A21E7E73146DD
:10CD000058F833302846984701460028DFD10020E4
:10CD1000BDE8F08174F202002DE9F34190F8E930AA
:10CD2000CF68D0F8EC6023F0020380F8E9303B785C
:10CD300004462BB1BB7903F0C003C02B40F08F80B9
:10CD400006F1700807223946404621F0C4FC88B13C
:10CD5000307A394600F08AFA054658B10146204635
:10CD60001EF0B5FF18B9082002B0BDE8F0812846D2
:10CD700000F0EAFA0D21201D1EF0A0FF00285DD072
:10CD8000317A4246022000F0BBFA05460028EAD07C
:10CD9000F378002B3AD106F17E031878012825D1CB
:10CDA0009A7902F0C002402A20D1D3F80120C5F8B8
:10CDB0003A20B3F80530EB8796F87030B3B196F8A7
:10CDC000763003F0C003C02B10D027496A46CDE966
:10CDD0000087FBF74FFF3B68C5F80130BB88A5F81B
:10CDE0000530BB79EB713046FCF714FA94F8E93062
:10CDF0009A070ED51D491E4A1E4841F201031BF039
:10CE000065FB41F201011A481BF057FB06F177035D
:10CE1000C3E72846FAF73CFC18BB2846FAF738FC6B
:10CE200048B11549124A134841F21D031BF04EFB4D
:10CE300041F21D01E7E72846FAF73AFC94F8E93099
:10CE40005B0703D50A2120461EF08AFFB4F8E810DC
:10CE500009B1002088E72046FFF742FEF9E70A20E3
:10CE600082E7032080E700BF91C00200BD2C0300D1
:10CE70007F2C030041150300D82C03002DE9F0415D
:10CE80000546A0F1E80604460F463046012155F854
:10CE9000EC891FF0E7F8002859D0CFB103213046C4
:10CEA0001EF00CFF002852D03846F9F7FDFE01387D
:10CEB000C0B208289ABF2B4B1C5C002402213046CC
:10CEC0001EF04EFF21462846BDE8F041FFF708BEA0
:10CED00098F80B30002B3AD0032130461EF0EEFEBE
:10CEE00020B92846BDE8F0411FF0E7B805213046DB
:10CEF0001EF0E4FEB8B114F8043C1F0707D514F87F
:10CF0000033C180703D5112130461EF029FF14F801
:10CF1000043C23F0080304F8043C14F8033C23F019
:10CF2000080304F8033C14F8033CD90711D5062183
:10CF300028461EF015FF022130461EF011FF23681F
:10CF4000D3F8A0301BB134F8041C0029BBD0BDE8D5
:10CF5000F0819A0701D50821EAE75B07EBD50A21A2
:10CF6000E6E700BFFF2C030008B5044B044801228C
:10CF70001A70FBF70DFA002008BD00BF8961002080
:10CF80003403002008B558B909490A480A4A4FF441
:10CF9000E0731BF09BFA08484FF4E0711BF08DFA28
:10CFA0000121FAF747FBBDE80840044817F028BE06
:10CFB000602D030041150300302D03003C030020C9
:10CFC0002DE9F8431B4FDFF8709080460D4604248E
:10CFD000002617F8013C43450AD107222946384666
:10CFE00021F079FB20B9154800EB8610BDE8F883E5
:10CFF000042C07D107224946384621F06CFB002853
:10D0000008BF34460136042E07F14007E1D1042C55
:10D010000ED00A4AA30102EB841002F80380013308
:10D020002C68D4509918AB888B80AB798B71DDE775
:10D030000020DBE71D340020AD2103001C3400205C
:10D0400008B549B906490748074A63231BF03EFA69
:10D05000054863211BF031FABDE80840FFF7B0BF77
:10D06000742D030041150300302D03002DE9F34119
:10D07000064617460D4649B912491348134AAA23D2
:10D080001BF024FA1148AA211BF017FA104C04F5E2
:10D090008078E3897BB12378B3420CD1D4F80100C6
:10D0A000B4F80520E379009039466846ADF80420CD
:10D0B0008DF80630A84740344445EAD102B0BDE8B7
:10D0C000F08100BF882D030041150300302D0300BF
:10D0D0001C3400202DE9F041064617460D4649B99B
:10D0E0000B490C480C4ABD231BF0F0F90A48BD213E
:10D0F0001BF0E3F9094C04F58078E389334202D050
:10D1000039462046A84740344445F6D1BDE8F08171
:10D11000882D030041150300302D03001C3400202E
:10D1200008B5034900220220FFF7D4FF002008BD04
:10D1300085CF00002DE9F0410746884616464AB9DA
:10D1400012491348134ACA231BF0C0F91148CA21D7
:10D150001BF0B3F9104D0024B5F80D303B420DD053
:10D1600015F8013C434509D107223146284621F0F4
:10D17000B2FA18B909482044BDE8F0814034B4F54A
:10D18000807F05F14005E7D10020F5E7742D03000D
:10D1900041150300302D03001D3400201C340020F5
:10D1A0002DE9F04107460D4649B92A492A482B4A3C
:10D1B000F3231BF08BF92948F3211BF07EF90B7840
:10D1C000012B02D00020BDE8F0818B7903F0C00371
:10D1D000402BF7D1224E002401F1010836F82C3CF7
:10D1E0009A070CD516F83A3CBB4208D106223146C4
:10D1F000404621F070FA10B91A482044E3E7403461
:10D20000B4F5807F06F14006E8D1174E002436F8C9
:10D210001C3C9B0716D516F82A3CBB4212D105F1DF
:10D220000108414630461BF0FAFF58B10D4BD5F8C6
:10D23000010004F13A02D1189850B5F805208A800F
:10D24000E018C0E74034B4F5807F06F14006DED137
:10D25000B8E700BF742D030041150300302D030013
:10D26000563400201C34002046340020F8B5074610
:10D270000E4659B911491248124A4FF492731BF0E5
:10D2800025F910484FF492711BF017F90E4D002448
:10D2900015F8013CBB4208D107223146284621F04F
:10D2A0001AFA10B909482044F8BD4034B4F5807F1B
:10D2B00005F14005ECD10020F6E700BF742D030016
:10D2C00041150300302D03001D3400201C340020C4
:10D2D00008B558B907490848084A4FF49A731BF033
:10D2E000F5F806484FF49A711BF0E7F8C389194323
:10D2F000C18108BD602D030041150300302D0300DE
:10D30000F8B506460F4615464AB90C490C480D4A71
:10D31000DC231BF0DBF80B48DC211BF0CEF8FFF719
:10D3200009FF044640B929463846FFF789FE0446FE
:10D3300010B13146FFF7CCFF2046F8BD742D030035
:10D3400041150300302D030010B5044658B90E49AD
:10D350000E480F4A40F23B131BF0B8F80C4840F25D
:10D360003B111BF0AAF8037A5B0701D5FAF72AFAFA
:10D37000214611F8010BF9F70BF920464022BDE8D0
:10D380001040002121F09FB9602D030041150300DA
:10D39000302D030010B5024658B90A490A480B4A15
:10D3A0004FF4A8731BF092F808484FF4A8711BF0D3
:10D3B00084F80146BDE8104011F8010B34230C320B
:10D3C000F9F7D8B8602D030041150300302D030094
:10D3D000884210B500EB020311D98C18A04211D27B
:10D3E0000D490E4A0E4840F2B3231BF06FF80D486A
:10D3F0001BF06CF8094840F2B3211BF05EF8EFD047
:10D400009942ECE7013A114411F8012900F8012B87
:10D410008342F9D110BD00BFC4250300922503004B
:10D42000411503001B2603002DE9F0479AB01D4665
:10D43000DDE923972E4B16460CAA84468A4603F153
:10D44000300E904618685968144603C40833734573
:10D450002246F7D118681B7920602371614620228B
:10D4600004A8FFF7B5FF23486B46202204A900F06B
:10D4700071F80446C0BB102251460DF13500FFF78C
:10D48000A7FF102231460DF14500FFF7A1FF294605
:10D49000062211F8013B8DF855300DF15600FFF7CB
:10D4A00097FF2299062211F8013B8DF85C300DF1AF
:10D4B0005D00FFF78DFF4B4635224146684600F080
:10D4C00049F8044680B948461FF050F801238DF80A
:10D4D000303035223B464146684600F03BF8044672
:10D4E00010B938461FF042F820461AB0BDE8F08760
:10D4F0009EED0200A42D030070B598B00E461446B0
:10D500000146202204A81D46FFF762FF2022314673
:10D510000CA8FFF75DFF1022294614A8FFF758FF5B
:10D52000102221466846FFF753FF6B46502204A99C
:10D53000184600F00FF840B9039B054A1BBAB3FB2D
:10D54000F2F102FB11331C9A136018B070BD00BFDA
:10D5500040420F002DE9F0418CB007460C461546BD
:10D560000021142207A81E4621F0ADF84FF41053F5
:10D57000DFF85080ADF818308023ADF81A304FF442
:10D580004063CDE90838102204AB394606A820F0E4
:10D59000D0F820B16FF004000CB0BDE8F08105AB0D
:10D5A000029310232246CDE9006341462B4604989E
:10D5B00020F0F7F9044604981FF0EAFF2043EBD06F
:10D5C000E8E700BF0002C00300F1070C2CF0030CD9
:10D5D00010B4541E1860A4B2ACF80020023A93B202
:10D5E00001FB04F24FF0000C40F802C074B103FBE1
:10D5F000011403FB01F22044121B4FF6FF7C013B98
:10D600009BB263458050A0EB0100F8D110BC70477D
:10D610000346006810B102680AB91A60704700F149
:10D62000070C2CF0030CD11DBCF800C021F0030145
:10D630000CF1FF3CA1F800C0EFE700BF0B687BB125
:10D64000073323F003031A88013292B20346D1F85C
:10D6500000C043F807CB23F003031A80086070472B
:10D660000122F3E702FB0100704700BF401A90FB64
:10D67000F2F080B2704700BF531E11449BB242B11A
:10D68000DB430138CA1811F8013D00F8013F91420F
:10D69000F9D17047014402E010F8013B1BB9884200
:10D6A000FAD1002070470120704700BF1060086069
:10D6B000704700BF0A6803460068904205BF002219
:10D6C0000A6000201A607047D2F800C0CCF8000051
:10D6D000D2F800C0CCF8041010607047884203D024
:10D6E0001AB1436813607047002070470B6883428B
:10D6F00009D02AB1586810601A680A601846704745
:10D70000002BF9D1FAE70023F8E700BF2DE9F0413B
:10D71000DFF830800C4E0C2706F130044546221D00
:10D72000214628460C3CFFF7C1FFA642A5F108059B
:10D73000F5D1043F3B1DA8F12008A6F13006EBD13E
:10D74000BDE8F081983500202436002010B403464F
:10D750008C469AB101EB4101144803EB43040901E3
:10D7600001EB84010144487A0C7AA04204BF0130E5
:10D77000087210BC614618460EF090BC01EB4102E5
:10D780000A4C120100EB400302EB830323449C7A12
:10D79000DA7AA24201D010BC704701329A72044B6F
:10D7A00001225A5410BC0EF0D1BC00BFA03500209D
:10D7B0001C350020F8B506461C460D4602B32278FB
:10D7C0006378D21A12F003023AD1274F71004FEA60
:10D7D000450C3144AC44890001EB0C110133043198
:10D7E000DBB27A18606823702146FFF76DFF1F4B8C
:10D7F0000122294630465A550EF0A8FC0020F8BDFB
:10D800000EF08EFC0028DAD0294630460EF066FC79
:10D810000028D4D005EB450206EB4601124F637891
:10D82000120102EB81023A447100907AD27A90425E
:10D830004FEA450C0CD02078C01A10F00302C8D073
:10D84000012A03D00133DBB22370D0E71046F8BDC4
:10D850002278D21A920702D00233DBB22370D4E9C5
:10D8600002039847CAE700BFA03500201C350020FE
:10D870002DE9F04FDFF8649119F8003089B0002BE2
:10D880005AD0DFF85CA13C2204234FF0000B00EBE0
:10D89000400712FB00330324CDE904BB09F800B0B4
:10D8A0000AEB0717039302948346B8460023B96A2C
:10D8B00058F8240F079307AAFFF710FF044607AA9A
:10D8C000B4B1079D2E786978761A06F00306012E0A
:10D8D00035D02B78591A01F003010129DBB23DD173
:10D8E000D7E90901FFF7FAFE044607AA002CE8D1A0
:10D8F00097F82E3097F82F209A4203D087F82F30D0
:10D900000123049397F82C3097F82D209A4203D0E6
:10D9100087F82D3001230593029B5D1EEBB2FF2B90
:10D920000293A7F10C07C0D1049AD846DDF814B0D1
:10D9300012B1BBF1000F45D009B0BDE8F08F01393D
:10D940006970079BD3E902039847079D2A78697895
:10D95000D3B2521A02F00302012A21D0B86A01930D
:10D9600000224146FFF7C2FE6C60019B6A786B7033
:10D970002B789B1A03F00303012B08D0D7E9090188
:10D9800007AAFFF7ABFE012E044698D10EE0039BD9
:10D990006A70294620460AEB0302FFF795FEEDE781
:10D9A000D7E9090107AAFFF799FE0446029B8BB14C
:10D9B00001235946584609F80B300EF0C7FB09B051
:10D9C000BDE8F08F5A464146404609B0BDE8F04FE9
:10D9D0000EF064BB002C8BD0EAE700BF1C350020A2
:10D9E000A03500204B1EDBB271B1411E00EB030CD1
:10D9F000002011F8013F23B15A1E01301340C0B27C
:10DA0000FAD16145F5D170470846704730B5037EBD
:10DA10000568FF2B14D003EB43028B4205EB021287
:10DA200027D04FF0000C01E099420BD09E461378AE
:10DA30009468FF2B03EB4302A44405EB0212F3D1DD
:10DA4000002030BD714517D00FFA8EFE1378906814
:10DA50000EEB4E0E4FEA0E1EFF2B05F80E3006D0D1
:10DA600003EB430305EB03139A6802449A60604496
:10DA700030BD9E464FF0000C13780376E4E700BFFC
:10DA8000A2EB010C1CF4000F10B4836844690AD1A6
:10DA90002CF07F4C6344A3420DD8E41A0023446168
:10DAA000836010BC7047891A21F07F418B4208D9EE
:10DAB0005B1AA342F1D91B1B00244461836010BC94
:10DAC00070470C44E41AE9E72DE9F843284DBDF806
:10DAD0002C7004464FF02C0E0EFB045E084604EB3F
:10DAE000840104EB4104DEF8041001EBC00605EBF1
:10DAF0008405F47811F83080717804F1010C5FFA34
:10DB00008CFCE04598BF4FF0000C61452DD071684A
:10DB100004EB44044FEA041901EB04144FF0040829
:10DB200001F809806360089BA360099BE3600A9B7E
:10DB300023610C9BA361119B63620D9BE3610E9BB0
:10DB400023620F9BA362109BE36202236270A78291
:10DB5000A37086F803C0DEE9083698472B46414695
:10DB60000022B047A078BDE8F8830120BDE8F88323
:10DB7000603600202DE9F04F0346407AD3E9004596
:10DB800087B0002800F0FD80421ED2B205EBC20231
:10DB90009A468B46039205952346039A5168567818
:10DBA0000491BBF1FF0F66D00BEB4B044FEA041856
:10DBB000CDF804B013F808B003EB041400254FF0BF
:10DBC000FF0C84F800C0DAF800709AF8182007EB10
:10DBD00008096245D9F8081018BF02960ED1CAE0AC
:10DBE000091A06D1B9F81E80BEF81EE0F04500F211
:10DBF000B680B85DFF2894466DD0024602EB42061F
:10DC000007EB061E3601DEF808008842E8D9029EBE
:10DC1000C9F80810BCF1FF0F89F8002064D00FFA92
:10DC20008CFC0CEB4C0C4FEA0C1C019807F80C0018
:10DC3000FF2A06D002EB420207EB0217BA68521A1B
:10DC4000BA60A27801326270002DAAD0AA6A4FF0A1
:10DC500000012970A97022B1E96A01930020904760
:10DC6000019B6268002A9CD1AA6A2262EA6A626207
:10DC7000BBF1FF0F98D1039A049F9278994606EB67
:10DC80004601701CB2424FEA011CC6B207EB0115F7
:10DC900068D0039B17F80C101878B04208BF002614
:10DCA0000429ECD16A7802EB420809EB0814012040
:10DCB00094F801E0A1788E454FEA081818D04FF08B
:10DCC000000307F80C30AA6AA8700AB1E96A904705
:10DCD000039B9A78D3E70246BCF1FF0F029EC9F876
:10DCE000081089F800209AD101988AF818009FE757
:10DCF0000192AA8ADAF814104FF6FE7082424B465F
:10DD000007D04FF6FF70121AB2FA82F2520984F865
:10DD10002C206A6AA262EA6862602A690293002380
:10DD200063622262AA8A4FF6FD70824288BF1A4659
:10DD3000A283AA69A261EA69E2602A6A2261AA68EA
:10DD4000A26063616A682046FFF79AFEE2784FF0AE
:10DD5000000342F00102E383E270029B2FE7029E80
:10DD6000014655E70399059881424B46A1F1080207
:10DD700007D0039211E707F80820019A8AF81820C3
:10DD80005FE707B0BDE8F08F2DE9F04F447E012337
:10DD90008FB08376002C40F0B380037EFF2B81464A
:10DDA00000F0AD800DF09EFCD9F81420D9F81C309D
:10DDB00099F81880D9F800A0801A20F07F45AB426E
:10DDC00094BF00230123B8F1FF0F0493A34675D03D
:10DDD000059408EB48080AEB08144FEA0818A368F2
:10DDE000AB426AD8A0781AF80880ED1A9B44637891
:10DDF0001B1ADBB2012B5DD1A26AA3690393002A2F
:10DE000000F0ED801668002E7DD0002B40F08E8053
:10DE1000049B002B00F0088104230393137A590715
:10DE200000F0F780137A6FF302031372E78B94F814
:10DE30002C207B1C9BB2E383002A73D0A28B9A42D6
:10DE400070D2A26A002A00F04881137A03F0070317
:10DE5000012B67D00126002051685060A36A1A7A0E
:10DE600060F302021A72A078E7680138A0700FB35D
:10DE70006369D9F8142094F803C0ABEB030313448F
:10DE800023F07F40626A23690CF0010C002E40F001
:10DE9000B780B4F81EE0CDE900C37346B847039BD2
:10DEA000E683002B049B18BF01230493E37866F3F9
:10DEB0000003E370B8F1FF0F8BD1059C99F80B308C
:10DEC00099F80A209A4208D10132D2B2022A1ABF26
:10DED00014462346002389F80B4009EB83030022F4
:10DEE000C3F80CB0D9F8244089F81A204B46012217
:10DEF00004210320A4460FB0BDE8F04F60478476AC
:10DF00000FB0BDE8F08F039B002B66D0049B002B65
:10DF100088D1D9F81C305B4584D8B8F1FF0F11D1F6
:10DF2000049E98E7A378013BA370C3E7049B002BF2
:10DF30007FF474AFD9F81C309B45FFF46FAFB8F194
:10DF4000FF0F47D0039BE78B07939C46A38B666824
:10DF5000DDF81CE0BB429CBFFB1A99B208EB4803FA
:10DF600088BF39460AEB031301FB066106919968E5
:10DF70008E452DD3CDE90C70CDF82CC0DDF81CC03A
:10DF8000CDF81C90DDF80C90CDF82880CDE9085B29
:10DF90008E46A346B0461446986A9A6910B1006846
:10DFA00000284FD1002A4DD11B78FF2B07D003EB5F
:10DFB00043030AEB031399688E44E645ECD92246E5
:10DFC000DDE90A8C5C46DDE9085B0D98DDF81C9004
:10DFD000CDF80CC0002A00F0978000263BE7039B99
:10DFE000A3B1049B002B7FF421AFD9F81C309B45D3
:10DFF000FFF41CAFB8F1FF0FA4D104990E4633E72C
:10E00000CDE900C34FF6FF73B84753E7039E0021E5
:10E010002AE7A08BE18B88423FF604AF012161F330
:10E0200002031372E78B02E7D9F81C305B453FF619
:10E03000F3AEB8F1FF0F53D04FF0040CE78BCDF8DF
:10E040001CC083E7DD8B9F8B5E68BD422AD2002E09
:10E0500041D1002CA8D0304626682EB1B9F1000F6E
:10E0600002D1724496423FD2BD429DD3DA789BF8EA
:10E07000031002F0010601F00105AE4204D84A4047
:10E08000D50791D400288FD02246DDE90A8C5C4662
:10E090000C9FDDF81C90DDE9085B002A32D1CDF839
:10E0A0000CC0C4E69EB1E81B80B2B8F1000F0AD0E4
:10E0B00000FB0660401A069981422CBF0020012017
:10E0C000002CC9D1D0E74046002CC5D1CCE7002CAC
:10E0D000C1D12046CAE72846E7E7A078012696E79F
:10E0E0000423049E0393B6E62246DDE90A8C5C46CF
:10E0F000DDE9085BDDF81C90CDF80CC0002E3FF484
:10E1000091AE8BE61668F7E716461146ACE600BFFF
:10E110002DE9F04F8FB0837E0090002B40F0A98254
:10E12000437E0C93002B7AD10098837AC27A012126
:10E1300041769A424169079100F00E840133DBB2C7
:10E14000022B00990ABF0C9A1A46134601EB820271
:10E150008B72D268079B0592134423F07F434B6177
:10E1600001230B93009C267E0DF0BCFA677A23688E
:10E1700001937B1E65680490DBB2002F00F02585BB
:10E1800005EBC30A0027FF2303930D960897DAF8DF
:10E1900004B04FF000092F469AF803009AF8028065
:10E1A0000FFA88F404EB440408F1010340454FEAF8
:10E1B0000416DBB20BEB041400F010819AF8002077
:10E1C0009A4208BF00238AF802301BF806206178C3
:10E1D000042A3AD9019801EB410300EB0315082A00
:10E1E0004FEA03130293A8786B7822D81B1A13F016
:10E1F000FF032CD1062A1CD1009BDB7E8B4251D021
:10E200000BF80690A36A84F80290002BC4D000207B
:10E21000E16A98479AF803009AF80280C0E7446AD6
:10E220000421034601220420A4460FB0BDE8F04FAC
:10E2300060470BF806904FF00103A370A36A002B10
:10E24000AAD0E16A01209847A6E79846A8E7052AE0
:10E250001FD162684AB9A2683AB9E2682AB922694C
:10E260001AB9626932F07F42E3D0012B1CD0009BC7
:10E2700004215C6A3D4601220846A0470123AA45C5
:10E2800008938AF80280AAF1080300F0AD809A464C
:10E290007DE7012B00F0A381062AE8D1009BDB7EFD
:10E2A0008B42ADD16168BCE1DDF800804046FFF7EC
:10E2B000ADFBA860D8F81410049B059A5B1A23F0F4
:10E2C0007F431344984240F2C481C01A6B68002B0C
:10E2D00052D0A38A002B4FD0013B9AB2A282D5F82C
:10E2E00004C0EB8B604523D90CF101080697099116
:10E2F0001AE06A6ADFF810E2844996448E4584BFCA
:10E3000002F1E87202F5D4324746296A94BF6746A3
:10E3100002F5A572013BC01B521A9BB260456A62AE
:10E32000EB8340F21D82A28A9342E2D8069F0999AC
:10E33000934220D2CDE909710CF10102D5F820E019
:10E3400006926A6ADFF8C081704972449044884539
:10E35000674606D8A2F1E872A2F5D432069FA2F56C
:10E36000A57201339BB26A62EB83A28A9A42384457
:10E37000E7D8DDE90971AA8363680344AB60A2684A
:10E380006B69A86A13446B6128B103681BB1D4E9B7
:10E3900001329B1A4360049A2846FFF771FBE2683A
:10E3A000AB691344AB61226993428CBF9B1A002373
:10E3B000AB61A37D1BB1EA7863F30002EA70E37DF1
:10E3C00013B1013B85F82C30DDE90121039B535447
:10E3D0006B786278039201336B7011E73D46AA4572
:10E3E000AAF108037FF453AF0D9E089F00990B9B81
:10E3F00091F818B0BBEB060518BF0125002B00F003
:10E40000B881049B079AD1F800809B1ABBF1FF0FDB
:10E4100023F07F495DD04FF0000A0896CDF804A0A4
:10E420000695C2460E46C846DDF8149005970BEBDC
:10E430004B050AEB05142D01A2684A4500F28983B9
:10E44000019BA178E08B1344019363785B1AF16917
:10E450008A4234BF891A0021A9EB0209A8EB0208FD
:10E4600024BF4FF0FF32F276F161A16ADBB20029DE
:10E4700000F06C810A68A769002A00F05481002F1F
:10E4800040F05481022B00F05F830022A2601AF852
:10E49000052032766168002940F00B81A26A2AB11A
:10E4A000127A02F00702012A00F0E6803BB1012B4C
:10E4B00000D020B1236A13B1616A01209847A37884
:10E4C000637096F818B0BBF1FF0FB0D1069D089E9F
:10E4D000059F009C0B9B03995E4518BF1D46204677
:10E4E000FFF748FBCDE90156D4F800B003974FF091
:10E4F000000C009B197EFF29084600F08F830E4612
:10E500004FF0FF0805E000BF5A2B17FF592B177F6C
:10E510001E4633B203EB43030BEB03171B01BD6A2B
:10E520002DB12A7A02F00702012A00F019821BF8A5
:10E530000330FF2BB046EBD1DDE90156039FBCF160
:10E54000000F00F01C818E4200F01583002F00F0B8
:10E5500045810846FF2800F06D83FF2E00F05083B0
:10E56000DDF800A0DAF8003000EB400003EB001308
:10E57000D3F808B0BBF1000F00F0F9820DF0B2F84B
:10E58000DFF84482914F924E0A250246DAF81430A1
:10E590000192D11A21F07F418B4505F1FF3501F140
:10E5A00003015CD959452CBF5B185B4423F07F49BC
:10E5B0004846DAF8283098470DF094F8019AA9EB0C
:10E5C0000203821A22F07F42033223F07F439A42F1
:10E5D000044646D9002D00F0E6802246D6E7062AFA
:10E5E0003FF40AAEDDF800804046FFF70FFAAB7843
:10E5F000A8606B7098F81B2063789A427FF400AE95
:10E600001BF80630062B3FF44DAE009AFF23D3765D
:10E610001BF80630062B3FF445AE082B3FF442AE04
:10E620000499009B5A698B1A1D0209D4059A23F09C
:10E630007F4313440099CA699A4288BFCB61DFE5E2
:10E64000059B521A22F07F4293428CBF9B1A0023F3
:10E65000F0E76A6913441B1A6B61002036E6012358
:10E660000C93009A00235376937E0C9A1A4340F041
:10E6700095800FB0BDE8F08FA378C4F80890637060
:10E68000079B019A71699A1822F07F422046FFF792
:10E69000F7F9039B0AF805306378CDF80CB0013325
:10E6A000DBB2637096F818B0BBF1FF0F7FF4BFAE1A
:10E6B0000CE7A36A23B11B7A03F00703012BDBD01D
:10E6C000B4F81EC0BCF1000F4ED1B4F81CC0E64631
:10E6D000481C0290D4E9087300220494704604E0B8
:10E6E00001388E46441C724412D0DFF8E8E03A4C00
:10E6F0003B449E44A645F3D8DDF808E0A3F1E87357
:10E700000138A3F5D433441CA3F5A5737244ECD1AE
:10E71000049C94F82C006362002800F0F380A2604F
:10E72000A4F81EC0ACE7002F3FF4AFAE022B7FF47D
:10E73000ACAE00287FF4A9AE0A7A02F00702012AE3
:10E740003FF4A3AEF76186F81BB09EE6A769002FE1
:10E750003FF49BAE022B7FF498AE0028F2D094E6F3
:10E76000069F0999A28AE3E5A37863704FF0000E33
:10E77000AEE7009C03992046FFF7FCF9217E8E420C
:10E780007FF4E4AE002F00F02F82009B002D40F0BC
:10E7900076825D769B7E002B3FF46BAF009B01225F
:10E7A0005C6A03213FE540F66F43424639463046F6
:10E7B00019F08CFE85F31188BFF36F8F0323184681
:10E7C00002DF2246E2E600BFECF20200CCF30200D8
:10E7D00054F302005A2B17FF592B177F009B5A7ACC
:10E7E0005C68531EDBB20125002A3FF4B2AECDE9CE
:10E7F000075604EBC30301930694019B5E78DA7815
:10E800005B68B24218BF1D4667D036B206EB4606BB
:10E81000330105EB0616EB5C012B49D0022B51D1DD
:10E82000D6E901C133699CF80040D6F80CE00593A5
:10E83000009BDEF80080D3F800905869FF2CD6E9E1
:10E8400005AB02D00B68834256D0009B4FF0000806
:10E850001C7E0860FF2C27D0CDE90256CDF810C0F1
:10E860005646F24609E0BA684244B04788B919F8FA
:10E870000540BB68FF2C984438D004EB440509EBF5
:10E8800005172046B9695B462D01002EEBD1002902
:10E89000EDD00599DDF810C0BB68DDE90256D6461B
:10E8A00009B17A6A0A6098448CF80040CEF800807A
:10E8B000B36A4FF00002B27013B1F16A00209847BA
:10E8C000019BDA7801994E780B780136F6B2B342A3
:10E8D00008BF0026B2424E7097D1019A06998A422B
:10E8E000A2F1080300F02D81019386E7DDE90256CD
:10E8F000DDF810C0D646D7E704EB4404230119F82D
:10E900000340A7E790457FF60AAF8646481C029071
:10E91000029C0995704605E08E4672440130904590
:10E9200080B212D9DFF8A8E2AA4D3B449E44AE451E
:10E93000F2D8A646A3F1E8737244A3F5D4330130AC
:10E940009045A3F5A57380B2ECD8049C099D636241
:10E9500060441FFA80FCE2E60C9B0B93059301E4F4
:10E96000BA681C462B46002A40F01981D7F818A037
:10E97000BAF1000F15D11A68002A40F00981964AB1
:10E980009649974840F6C61319F0A0FD002383F37B
:10E990001188BFF36F8F0323184602DFBD6A4FF063
:10E9A000040A009BDB6904330893D5E900319942DE
:10E9B00080F0D980A3EB010E1BF804300693FF2BE7
:10E9C00000F0D180D645C0F0CE800023AEEB0A0225
:10E9D000CDE90421D146069A9C46CDE90668184641
:10E9E000A046089C36E0061F6644764528BF76465A
:10E9F0000AEB04039E450CD34E450AD3BB69002B9A
:10EA00004AD02B7A1B0747D4B6EB0A0301D0A342A6
:10EA100051D28B6A23B11B7A03F00703012B31D04B
:10EA20008B697BB3496869B30433844403EB0C04FA
:10EA3000BB69002B3DD0297A0907AEEB0A0300F130
:10EA4000AB801BF802200020FF2A34D00AEB0C090F
:10EA5000CE4530D302EB42020BEB021112018E685D
:10EA600030440428BFD8BE6986B12E7A16F0080655
:10EA7000BED08C6904998444043464448C4298BFA9
:10EA80002346DEE71BF802200023DDE78B69844480
:10EA9000043363441C46D4E7002CBAD0A6EB0A0624
:10EAA000A642B6D323460599069E4446DDF81C804F
:10EAB00006E02346C5E7DDE905164446DDF81C807F
:10EAC000194469601BF80410FF2918BF4FF0FF0EAE
:10EAD00001D14AE011460AB202EB42020BEB021CE2
:10EAE0001201DCF80800984280F0CB801BF802206D
:10EAF000FF2A8E46A3EB0003ECD1FF29BB6015D0A3
:10EB0000B8F1FF0F1BF8042077D00FFA88F303EB5E
:10EB100043031B010BF8032009B201EB41010B0178
:10EB20001BF803200BF804200BF80360FB8B013B60
:10EB3000FB832B7A022262F302032B724FF0010C4B
:10EB4000D7E4DDE9075620E600287FF49EAC0427D1
:10EB5000F2E54B46D21A009BA260069D089E059FD7
:10EB600093F818B0B5E469600023BB60DEE7009B52
:10EB700083F819B012E6002F7FF4F2AC009B5A7AAA
:10EB80005C68531EDBB2002A3FF4EAAC65462EE611
:10EB90001D464FF0040A04E7194600236EE70E4AAB
:10EBA00010490F4840F6BE1319F090FC002383F380
:10EBB0001188BFF36F8F0323184602DFD7F818A020
:10EBC000BAF1000F25D0BD6AEBE6FF2303930DE4F5
:10EBD0005A2B17FF592B177FECF2020074F3020037
:10EBE00054F302002CF30200009B5A7A5C68531E17
:10EBF000DBB2002A7FF4FBADC7E5009B1A768BE7FA
:10EC00000CF070FD04460CF035FD009BF0B1187E51
:10EC1000A6E4BB6A002B3FF4B2AEACE6DDE90156D8
:10EC2000039FBCF1000F3FF4AAADFF2E11D0002FBF
:10EC30003FF4D4AD0CF02EFD0446A8B1009A002399
:10EC40005376937E002B7FF4A9AD12E5187E5C61AC
:10EC500086E4002FEED1009B5A7A5C68531EDBB22B
:10EC6000002AE7D06546C2E5009DE8610CF03AFD58
:10EC70006C766861AB7E002B3FF4FBAC8EE5187EB2
:10EC800068E4C01ACCF80800714636E7F8B5069E6D
:10EC90009DF81C50089CB8B9144F3A605A1E39723E
:10ECA0007B727E60D2B273B106EBC2025460114631
:10ECB00012F808398E4203EB4300A5EB030304EB83
:10ECC0000014DDB2F2D10DB10120F8BD099B3B6209
:10ECD0000A9B7B62FF240B9BBB623C760CF002FD1F
:10ECE0007D817861FC76FD612846F8BD60360020A4
:10ECF00040B9064B1A7EFF2A01D1187270476FF097
:10ED00000F0070476FF01500704700BF603600209D
:10ED1000044B2C2202FB0033187A003818BF012064
:10ED2000704700BF6036002010B40A4B2C2202FB53
:10ED30000032546A5CB100EB800200EB420003EB4E
:10ED40008003A446012210BC03210220604710BCAE
:10ED5000704700BF6036002010B58AB00C9C00944C
:10ED60000D9C01940E9C0294BDF83C400394109CB1
:10ED70000494119C0594129C0694139C0794149C73
:10ED8000089400240994FEF79FFE0AB010BD00BF4E
:10ED900010B4BDF81040049410BCFEF795BE00BF3F
:10EDA0002DE9F84F294DBDF834609DF838800446B0
:10EDB00008462C2101FB045104EB840704EB4704B3
:10EDC00005EB84054C6804EBC00E14F830909EF8F7
:10EDD00003409EF8017004F1010C5FFA8CFCE145E0
:10EDE00098BF4FF0000C67459DF844902AD0DEF89C
:10EDF000047004EB44044FEA041A07EB04144FF0C8
:10EE0000050B07F80AB063600A9BA3600B9BE360E5
:10EE10000C9B23610F9BA362109BE3620223627031
:10EE2000A68284F8168084F81790A3708EF803C029
:10EE3000D1E9083698472B4600220421B047A07834
:10EE4000BDE8F88F0120BDE8F88F00BF60360020D4
:10EE500010B588B00A9C00940B9C01940C9C029401
:10EE6000BDF8344003949DF8384004940F9C0594F9
:10EE7000109C069400240794FFF792FF08B010BD81
:10EE80002DE9F0411E4D064608462C2101FB065E89
:10EE900006EB860406EB4404DEF8046005EB840709
:10EEA00006EBC00516F83060EC78697804F1010CC7
:10EEB0005FFA8CFC664598BF4FF0000C61451BD093
:10EEC000696804EB4404260101EB04144FF00708C1
:10EED00001F80680A362069BE36202236270A370BE
:10EEE00085F803C0DEE9083598473B460022042137
:10EEF000A847A078BDE8F0810120BDE8F08100BFFF
:10EF0000603600202DE9F0411F4D064608462C21B1
:10EF100001FB065E06EB860406EB4404DEF80460A3
:10EF200005EB840706EBC00516F83060EC786978CD
:10EF300004F1010C5FFA8CFC664598BF4FF0000CA1
:10EF400061451DD0696804EB4404260101EB0414FB
:10EF50004FF0080801F806806360069BA362079BD8
:10EF6000E36202236270A37085F803C0DEE908350E
:10EF700098473B4600220421A847A078BDE8F081CD
:10EF80000120BDE8F08100BF603600200CF0AABB74
:10EF9000401A20F07F40704701480021704700BFB1
:10EFA0007F410100022801D00120704738B5044696
:10EFB00008461D4603F07CFD10B10020287038BDC6
:10EFC000204638BD002303700B70704738B50546E6
:10EFD00000200C4603F004FA70B93DB9074B44B168
:10EFE00020681860A2889A80002038BD044B002C4D
:10EFF000F6D11C609C80F7E70C2038BD94360020C9
:10F000008C3600200128034605D8044A0448002B0A
:10F0100008BF104670470020704700BF943600209C
:10F020008C36002001280AD8064A074B002818BF52
:10F030001346186808609A888A801846704700232B
:10F04000184670478C3600209436002010B50446D0
:10F050000AF08EFD50B90BF001FAD0B90BF02AFE80
:10F0600050BB2046BDE8104015F068B91C4A1D4948
:10F070001D4840F6721319F029FA002383F3118812
:10F08000BFF36F8F0323184602DF0BF0E7F9002868
:10F09000E4D0134A1349144840F6771319F016FACE
:10F0A000002383F31188BFF36F8F0323184602DF19
:10F0B0000BF000FE0028D4D0094A0A490A4840F65D
:10F0C000831319F003FA002383F31188BFF36F8FC2
:10F0D0000323184602DF2046BDE8104015F02EB984
:10F0E000D0F302000CF4020054F30200086001485F
:10F0F00015F024B99C3B002015F020B92DE9F84FFC
:10F1000089462A4D99F8003095F84010072B88BFA2
:10F110000B469A423ED05C1CE4B29246082C35F86D
:10F1200033200280834608BF002405EBC30300267A
:10F1300001274FF012081AE0012833D0C3F80480E9
:10F1400089F8004095F84030072C98BF23469A452F
:10F1500021D01AB20133DCB235F83200BBF800100E
:10F16000082C08BF0024884205EBC20313D158685D
:10F1700060B1FF28E0D9027902F00302013A012AC6
:10F180000CD912225A6003F0ABFCD9E701365F605C
:10F19000F6B2D5E700263046BDE8F88F0136F6B264
:10F1A0000122EFE70136F6B2CAE700BFC8360020F9
:10F1B0002DE9F047374F3B8898425DD913F0FF05A2
:10F1C00028D0DFF8D4A0DFF8D4809AF81540DFF813
:10F1D000D0909AF814300134E4B2052C08BF002412
:10F1E000A342404618D0FEF713FA064648468EB1B1
:10F1F000FEF70EFA002841D006609AF815304AF85A
:10F2000023003B888AF81540013D013B15F0FF05BE
:10F210003B80DED1BDE8F0873B88002BFAD0DFF8D9
:10F2200084A01E4D9AF80D401D4E4FF00008013489
:10F23000E4B2032C9AF80C3008BF0024A3422846FD
:10F24000E8D0FEF7E5F981463046B9F1000FE1D08C
:10F25000FEF7DEF9C0B1C9F80480C0F800909AF852
:10F260000D304AF823003B888AF80D40013B9BB2E1
:10F270003B80002BDBD1CDE70546A2E730460749AE
:10F28000BDE8F047FEF7DAB948460449BDE8F04763
:10F29000FEF7D4B930370020AC39002034370020D5
:10F2A00088370020103700202DE9F84F414B424F9E
:10F2B000DFF80891DFF8FCB00422981824214FF001
:10F2C0000008A7F81480FEF77FF93C4B04220821C0
:10F2D0009818FEF779F997F814A07C7D042601347C
:10F2E000E4B2052C08BF0024A245484613D0FEF71F
:10F2F0008FF90546584675B1FEF78AF9002853D0B4
:10F30000C5F8048005607B7D47F82300013E16F0B8
:10F31000FF067C75E3D12A4B0822181D4421FEF715
:10F3200053F9284B0A22181D0821FEF74DF92548EC
:10F33000FEF76EF90446C8B1234A2046111FFEF7B6
:10F34000B5F92048FEF764F90446F0B11F4A20469B
:10F35000111FFEF7ABF91E4B0622FF201A80FFF7A4
:10F3600027FF08F0B1FE0020BDE8F88F194A1A49BE
:10F370001A4840F64D1319F0A9F884F31188BFF329
:10F380006F8F0323184602DFD6E7124A124913484B
:10F3900040F6541319F09AF884F31188BFF36F8F75
:10F3A0000323184602DFD1E704492846FEF746F951
:10F3B000B1E700BFE83900207C3A0020C4390020C2
:10F3C00088370020343700202C37002024370020D5
:10F3D00030370020D0F3020024F9020054F3020079
:10F3E0002DE9F04FDFF88882DFF88892DFF888B2E5
:10F3F000DFF888A287B0D8E9000103AAFEF76EF90A
:10F400000546002834D0039C002C71D0207804AA33
:10F4100002A903F0F5FF0446002855D0DDE90313E7
:10F42000BDF808200F78ADF80A20059305AE0DF160
:10F430000A0503F0F7FF2146059ABDF80A0004F01B
:10F4400037F8204603F0B8FF32462946384603F025
:10F45000D7FF04460028ECD1D9F8000014F06EFF65
:10F46000D8E9000103AAFEF739F905460028CAD1F8
:10F4700004AA02A90DF1070003F0AAFF0446002820
:10F4800046D0049B05939DF80770BDF80830ADF891
:10F490000A3005AE0DF10A0503F0C4FF2146059AB6
:10F4A000BDF80A0004F004F8204603F085FF324658
:10F4B0002946384603F0A4FF04460028ECD16D4BE2
:10F4C000186814F03BFF96E7039B05931B79013BFB
:10F4D000172B20D8DFE803F02F43861F1F1F1F1FA5
:10F4E0001F1F1F1F1F1F1F1F1F1F1F1F1F1F7B2FC0
:10F4F000634840F61F235A46514618F0E7FF84F34D
:10F500001188BFF36F8F0323184602DF039C7DE74A
:10F5100007B0BDE8F08F584A5A49594840F6C13300
:10F5200018F0D4FF002383F31188BFF36F8F0323F8
:10F53000184602DF5FE74E49D8F804000022FEF7C4
:10F54000D5F8514B059993F8413028460B704F4A36
:10F55000FEF7BAF8474B186814F0F0FE4BE7444941
:10F56000D8F804000022FEF7C1F8059EB46844B143
:10F57000237803F0FF07002B6AD02378013BDBB22E
:10F580002370337B23B1012B52D13046F1F75CFC61
:10F590003F4A00273773537D117D0133DBB2052BC2
:10F5A00008BF3B46994234D03560517D42F8216016
:10F5B0005375002C3FF41FAF2378002B7FF41BAF53
:10F5C000A368002B3FF417AFE068984713E728497A
:10F5D000D8F804000022FEF789F80599284603F0C0
:10F5E0002BFD08E705A9284603F050FD2049D8F86F
:10F5F00004000022FEF77AF8059900293FF4FBAEDB
:10F600000B792D2B3FF4F7AE1F4B284693F8413072
:10F610009CE7194A1F491A4840F62F4318F056FF35
:10F6200087F31188BFF36F8F0323184602DFC0E70B
:10F63000114A1449124840F6284318F047FF0023A6
:10F6400083F31188BFF36F8F0323184602DF9FE710
:10F65000094A11490A4840F6D13318F037FF87F3B9
:10F660001188BFF36F8F0323184602DF85E700BFC1
:10F6700028370020983B0020D0F3020014F4020049
:10F6800054F3020030F40200C83600202437002072
:10F690007C3A002034F4020018F4020030B5314BFB
:10F6A000314C186087B00BF0D7FF2378002B53D074
:10F6B0002E492F4A2F4D05954FF0050C81F808C0B3
:10F6C0002D4C04922D4A0220CDE9022404230D245E
:10F6D000CDE900142A4A087408760B700020062130
:10F6E000FFF7D4FA40BB0122002126481EF02AFE73
:10F6F0000AF0BAF9044610B1204607B030BDFFF752
:10F70000D3FD04460028F7D10AF090FE04460028F5
:10F71000F2D102F011FE04460028EDD10BF0BEFA42
:10F7200004460028E8D103F025FC04460028E3D174
:10F73000012009F07DF9DFE7134A1449144840F22B
:10F74000752318F0C3FE002383F31188BFF36F8F76
:10F750000323184602DFC6E7FDF7D8FF0123237015
:10F76000A6E700BF983B00208C610020243E0020CB
:10F7700011C2010011C30100A9C10100B43B002066
:10F78000443E00209C3B0020D0F302000CF4020019
:10F7900054F3020010B586B002F0DEFD002835D12A
:10F7A00003F0EAFB002844D10024414B2046A3F893
:10F7B000404009F03DF93F493F4A404BA1F8004124
:10F7C00094829C810122214668461EF0BBFD3C4B81
:10F7D000224621460320C3F808D0FDF7EBFF00289E
:10F7E00057D14FF0FF324FF0FF33684614F02AFE36
:10F7F00002F0B8FD00283CD1FFF756FD48BB0021C0
:10F80000012006B0BDE81040FFF7E0BB2D4A2E49AD
:10F810002E4840F2373318F059FE002383F3118845
:10F82000BFF36F8F0323184602DF03F0A5FB002808
:10F83000BAD0244A2449254840F2633318F046FEE2
:10F84000002383F31188BFF36F8F0323184602DF71
:10F85000AAE71C4A1C491D484FF46B7318F036FE8A
:10F86000002383F31188BFF36F8F0323184602DF51
:10F87000C5E7144A1449154840F29F3318F026FE94
:10F88000002383F31188BFF36F8F0323184602DF31
:10F89000B2E70C4A0E490D4840F2923318F016FEBA
:10F8A00084F31188BFF36F8F0323184602DF98E7B4
:10F8B000C8360020943A0020AC39002010370020D0
:10F8C0008C030020D0F302000CF4020054F3020079
:10F8D00044F4020008B5FFF75DFF0AF0F5F800B147
:10F8E00008BDBDE80840FFF703BA00BF2DE9F04F9F
:10F8F000354D364F83B081468A4605F1400B0023D3
:10F90000C9F8003095F84140D7E9000101AAFDF798
:10F91000E5FE0646002848D0019B59461A78504615
:10F92000FFF7ECFB002845D195F840308DF8013009
:10F93000044695F841200DF101010DF10200FFF799
:10F94000DDFB044314F0FF04F2D1019B1A79012A74
:10F9500033D1DFF87C80786822463946FDF7C6FE51
:10F9600008F104013046FDF769FEB8F80030052BB8
:10F970000AD8019817490133A8F80030FDF75EFE58
:10F980000120FFF715FCBAE7134A1449144840F266
:10F99000D36318F09BFD84F31188BFF36F8F0323AB
:10F9A000184602DFB8F80030E3E70E492246504619
:10F9B000FFF7A4FB03B0BDE8F08F2046C9F8003084
:10F9C00003B0BDE8F08F00BFC8360020203700200C
:10F9D0003037002088370020D0F302004CF40200BA
:10F9E00054F3020008370020F0B5624983B00023C9
:10F9F0004868019301AAFDF779FE0446002868D003
:10FA000020465D49FDF71AFE019B1C791D2C10D87C
:10FA1000DFE804F0200F0F200F0F0F0F0F0F0F0F55
:10FA20000F0F0F0F0F0F0F0F0F0F0F32202020207F
:10FA30002020524A5249534840F28D5318F046FD57
:10FA4000002383F31188BFF36F8F0323184602DF6F
:10FA500003B0F0BD002CFBD1484A4B49494840F265
:10FA6000895318F033FD84F31188BFF36F8F03239C
:10FA7000184602DF03B0F0BD1A7F3C2A38D05C7F05
:10FA8000C4B19B681C68A06D20B100233F49A365E9
:10FA9000FDF7D4FD94F85E306FF3000384F85E3018
:10FAA000002002F09DFC10F0FF00D1D109F042F8D7
:10FAB00003B0F0BD314A324932484FF4A26318F026
:10FAC00005FD84F31188BFF36F8F0323184602DF0F
:10FAD000E6E72A4A2E492B4840F24F4318F0F6FC3D
:10FAE00084F31188BFF36F8F0323184602DF87E783
:10FAF0009E68D6E90045F5B100277760AB6F6BB122
:10FB00001E4A24491F4840F2CC4318F0DFFC87F31B
:10FB10001188BFF36F8F0323184602DF05F16C01D4
:10FB200005F16800FDF7C6FD064698B12868AE6786
:10FB300002F0A4FFAEE7114A1749124840F2C94348
:10FB400018F0C4FC85F31188BFF36F8F03231846A8
:10FB500002DFD1E7094A11490A4840F2CF4318F0C1
:10FB6000B5FC86F31188BFF36F8F0323184602DFBD
:10FB7000DCE700BF2037002034370020D0F302003C
:10FB800030F4020054F30200BCF402008837002075
:10FB900024F9020098F402008CF40200B0F4020090
:10FBA0002DE9F047046881465CB3DFF88C81DFF80B
:10FBB0008CA1634F2646246835791D2D10D8DFE8C7
:10FBC00005F03C0F0F3C0F0F0F0F0F0F0F0F0F0F14
:10FBD0000F0F0F0F0F0F0F0F0F28583C3C3C3C3CF2
:10FBE00040F2C76342465146384618F06FFC002386
:10FBF00083F31188BFF36F8F0323184602DF002CB5
:10FC0000D8D10023C9F80030BDE8F047FF20FFF746
:10FC1000CFBA337F3C2B69D0F3B1474A49494848B2
:10FC200040F2F15318F052FC002383F31188BFF324
:10FC30006F8F0323184602DF35796DB9424940F2D0
:10FC400047634246384618F041FC85F31188BFF3FC
:10FC50006F8F0323184602DF3C4D2B88052B34D8C9
:10FC600001333B492B803046FDF7E8FC002CA1D145
:10FC7000C7E7F0880028C2D102F00EFF0546002831
:10FC80003CD0D5F8883073B12B4A32492C4840F229
:10FC9000B66318F01BFC002383F31188BFF36F8F4A
:10FCA0000323184602DF05F17C0105F17800FDF71A
:10FCB00001FD0646002830D0C5F88860284602F0CD
:10FCC000DDFE002C7FF476AF9BE7234940F2D3633F
:10FCD0004246384618F0FAFB002383F31188BFF33D
:10FCE0006F8F0323184602DF2B88B9E71849304687
:10FCF000FDF7A4FC002C7FF45DAF82E70E4A1749A4
:10FD00000F4840F2B46318F0E1FB85F31188BFF3AC
:10FD10006F8F0323184602DFB3E7074A10490848EC
:10FD200040F2B96318F0D2FB86F31188BFF36F8FEE
:10FD30000323184602DFBFE7D0F3020030F40200CD
:10FD400054F30200E0F40200ECF40200303700202B
:10FD50008837002028F502004CF4020014F5020058
:10FD600024F902000148FDF753BC00BF34370020DE
:10FD70000149FDF763BC00BF343700200148FDF79F
:10FD800047BC00BF883700200149FDF757BC00BFC2
:10FD900088370020034B044A93F841300B70FDF77D
:10FDA00093BC00BFC83600202437002008B5064B9E
:10FDB000064A93F841300B70FDF786FC044B186837
:10FDC000BDE8084014F0BABAC83600202437002035
:10FDD000983B00200B490A7B4B7B9A420AD8A3EB45
:10FDE000020C5FFA8CFC604509D89A4207D051F8A2
:10FDF0002200704703339B1ADBB29842F7D90020E8
:10FE0000704700BF10370020074A117B537B8B429D
:10FE100008D04B1CDBB2032B08BF002352F8210093
:10FE200013737047002070471037002008B5134A3D
:10FE300092F841C092F840E00CF10103DBB2082BCC
:10FE400008BF00239E4508D022F83C0002EBCC0CF2
:10FE5000CCF8041082F8413008BD094A09490A4823
:10FE600040F22D7318F032FB002383F31188BFF3A7
:10FE70006F8F0322104602DF1B80FFDEC836002092
:10FE8000D0F3020074FA020054F3020000220423AB
:10FE900002700B70704700BF002208B511460B4B73
:10FEA0000120FDF787FC00B908BD094A09490A4845
:10FEB00040F24C7318F00AFB002383F31188BFF360
:10FEC0006F8F0323184602DF08BD00BF7C030020AC
:10FED000D0F3020040F5020054F3020009F04EBFD7
:10FEE000022810B50C4602D00B68022B07D004483C
:10FEF0004FF0FF324FF0FF3314F0A4FA206810BD2A
:10FF00009C3B002004490A680AB11046704702462B
:10FF100008601046704700BFC4360020044A1368CA
:10FF200023B1984206BF0021116000231846704794
:10FF3000C4360020014B1868704700BFC43600204B
:10FF400004490A680AB11046704702460860104624
:10FF5000704700BF0C370020044A136823B1984251
:10FF600006BF002111600023184670470C3700209F
:10FF7000014B1868704700BF0C37002030B505688A
:10FF80002B7887B05BB304460122002168461EF03F
:10FF9000D9F9144BC5F80CD0AB602B78FBB1124BE0
:10FFA0000022114603209C60FDF704FC38B94FF491
:10FFB00000420023684614F045FA07B030BD0B4AF2
:10FFC0000B490C4840F6040318F080FA002383F331
:10FFD0001188BFF36F8F0323184602DFE7E76FF046
:10FFE0007700EAE7F9F000006C030020D0F302008C
:10FFF00040F5020054F30200F0B5254E336885B099
:020000021000EC
:100000000C461746002B36D0994215D10223039394
:1000100003AB0246009303211E4B0020FEF730FF86
:10002000022805460CD0039B022B09D195B13368F9
:100030000BB19C4221D014B36FF02D0005B0F0BD80
:1000400015484FF0FF324FF0FF3314F0FBF9039DDA
:10005000002DECD13846FFF791FF33680BB19C427D
:1000600011D0002CE8D10028E8D010F1780F08BF9B
:10007000002005B0F0BD3160C8E7002333606FF0A9
:10008000770005B0F0BD35600028D7D0EDE700BFA0
:10009000C4360020EDF000009C3B00200B490A7D97
:1000A0004B7D9A420AD8A3EB020C5FFA8CFC6045A8
:1000B00009D89A4207D051F82200704705339B1A9D
:1000C000DBB29842F7D90020704700BFAC3900205E
:1000D000074A117D537D8B4208D04B1CDBB2052BA8
:1000E00008BF002352F821001375704700207047A5
:1000F000AC39002038B50C46054603F063F9207092
:1001000021462846024ABDE83840FDF7DDBA00BF67
:100110002C3700200122024B11460020FDF74ABB7C
:100120005C03002070B50C46054603F04BF92146F0
:100130002070064A2846FDF7C7FA0122BDE8704044
:10014000034B11460020FDF735BB00BF2C370020C4
:100150005C0300202DE9F0431A4D9DF81C8095F8B2
:1001600001C10CF1010E5FFA8EFEBEF1080F994637
:1001700095F8003108BF4FF0000E73451DD01446AE
:1001800005EB4C1CE36807460E4610685168926800
:1001900064460FC49CF81C30CCF8186008F00108C5
:1001A00023F0030343EA0803CCE904978CF81C30DE
:1001B00085F801E16046BDE8F0834FF0000C604631
:1001C000BDE8F083943A0020054890F8003190F89B
:1001D00001219A4214BF00EB43100020704700BF7A
:1001E000943A002001460B480A7890F80131072A1A
:1001F00084BF90F800210A70934208D0531CDBB2F0
:10020000082B08BF002300EB42100B707047002042
:10021000704700BF943A00202DE9F04F444F97F803
:10022000004197F8013185B0A34202903FD04FF0D2
:10023000000A07EB44140A25CDF80CA0D346CDF8EC
:1002400004A0267FD4F80C90C6F3400806F00106FF
:10025000002D47D0013DEDB2B8F1000F2AD097F83C
:10026000013197F80041A34221D00134E4B2082CB7
:1002700008BF0024A34287F8004118D007EB4414BC
:10028000E368B8F1000FDCD1002E3AD1019A002AC0
:1002900047D0BBF1000F08BFCB46227F9107D0D4D7
:1002A000D20735D4019A9A4201D09B45C9D105B0F5
:1002B000BDE8F08F1F4B02989C6042464146FDF717
:1002C00079FA0028CBD01C4A1C491D4840F69903F6
:1002D00018F0FCF888F31188BFF36F8F03231846DA
:1002E00002DFBCE7144A1749154840F68A0318F0A4
:1002F000EDF885F31188BFF36F8F0323184602DFF3
:10030000A8E7039A82B1BAF1000F08BFCA46C4E752
:10031000BBF1000F95D1039A9A42C8D09A4590D16B
:10032000C5E7CDF80490B8E7CDF80C90B5E700BF6D
:10033000943A00204C030020D0F3020040F5020064
:1003400054F3020048F50200054B1A7D597D914295
:1003500004D053F8220010B10C30704700207047D1
:100360007C3A002070B5134A117D537D8B421ED01C
:100370004B1CDBB252F82140052B08BF002313753C
:10038000ACB102230025266823712560A06003F02C
:1003900019F8094A207021463046FDF795F90122E7
:1003A000064B11462846FDF705FA204670BD00248D
:1003B000FBE700BF7C3A00202C3700205C030020C4
:1003C00010B582B00024CDE90044049B09F07EFD05
:1003D00002B010BD10B50346007F1A699969012467
:1003E00082B02040CDE90004586909F06FFD08B1E2
:1003F000773001D102B010BD074A084908484E23A2
:1004000018F064F8002383F31188BFF36F8F032380
:10041000184602DF02B010BD50F5020094F502004C
:1004200054F3020010B4CB6804691A78042A02D08D
:10043000236810BC18475B78052BF9D1002010BC4D
:10044000704700BF0B8A002B3AD030B5054683B009
:1004500001F10C000C4618F083FE012816D002288A
:1004600003D06FF0150003B030BD01A9204600F0A5
:100470005DFF019911B12846FFF7D4FF0028F2D1A2
:100480002046F5F72BFD002003B030BD002301A965
:100490002046019300F0E0FA01460028F0D02846FB
:1004A000FFF7C0FF0028DED1019D002DE8D02846CF
:1004B00001F0ECFA6871019903481DF02AFFDFE7AB
:1004C0006FF01500704700BF683F002010B5046949
:1004D000FFF700FA40B90C48F4F736FF0B48F4F781
:1004E00033FF0020206010BD094A0A490A4840F243
:1004F000194317F0EBFF002383F31188BFF36F8FCD
:100500000323184602DFE6E7282C0020A82C002051
:10051000A8F502000CF4020054F302002DE9F047A4
:10052000464FD0F81080DFF818A1DFF8189182B09C
:1005300006464FF0FF324FF0FF33384613F074FE9B
:100540000028F6D043790190042B22D8002B50D1FB
:100550003D484FF41E735246494617F0B7FF00233B
:1005600083F31188BFF36F8F0322104602DF019AD5
:1005700001A81360FFF714FB4FF0FF324FF0FF3379
:10058000384613F051FE0028D3D043790190042B54
:10059000DCD9052BDCD14FF0FF324FF0FF330820C0
:1005A000F6F774F804462146019800F045FF019BD8
:1005B00000221A6001A8FFF7F3FA002CB9D02046F8
:1005C000F5F7BAFC054621460020F5F737FD2B8AE2
:1005D000012B04462946304607D9D8F80030984701
:1005E00015F036FD002CEAD1A3E72846F5F776FC96
:1005F000F6E7022B13D04FF0FF324FF0FF3302200B
:10060000F6F744F8044601989CB1214600F050FFEB
:10061000019B00221A6001A8FFF7C2FACFE700226F
:10062000002301210020F6F77DF804460198002CF4
:10063000EBD1046001A8FFF7B3FA7AE7683F002026
:10064000A8F5020030F4020054F302002DE9F04F47
:10065000DFF81481454F464E85B0054601E015F0A0
:10066000F7FC0DF10A0103A8FFF740F9044618B39F
:100670004FF0FF324FF0FF3300211320F6F752F80E
:10068000BDF80A102246044601F0E8F92146284642
:10069000FFF7C8FE0028E2D040F26F134246394609
:1006A000304617F013FF002383F31188BFF36F8FD9
:1006B0000323184602DFD2E7039BD3B1FFF794F977
:1006C000DDF80CA0504601F0E1F9DDF80C908AF855
:1006D000050099F805A0BAF1030F03D199F8043089
:1006E000182B0ED0234849461DF013FE039B002B08
:1006F000B7D14FF0FF324FF0FF331F4813F0A2FE87
:10070000AFE7B9F8060001904FF0FF324FF0FF332A
:1007100021460520F6F706F88346024609F11C003B
:10072000DDF80490494600F05FFE484600F07CFE8C
:10073000BBF1000F07D059462846FFF773FE28B9D2
:100740005846F5F7CBFBDDF80C90CBE740F28B1366
:1007500042463946304617F0B9FE84F31188BFF39C
:100760006F8F504602DFEBE7A8F50200E8F50200C4
:1007700054F30200683F0020843F0020F0B5054696
:10078000076989B00E461F481DF0B6FD4FF0FF32D5
:1007900000211D481DF0D6FD1B48FEF77FFF0446D3
:1007A00060BB3E6001F088F9002600276FF0090366
:1007B000CDE90334CDE90667CDE90144134B144973
:1007C00000954FF4E072134814F092FE124911485C
:1007D0001DF033FE6FF00702CDE90324CDE9066773
:1007E000CDE901440D4B0E4900954FF460720D4860
:1007F00014F07EFE0C490B481DF01FFE204609B088
:10080000F0BD00BF683F0020843F00204D0601007E
:10081000408D0020282C0020F4F502001D05010069
:10082000408F0020A82C002004F6020010B515F01F
:1008300005FB054C204613F071FC20461DF05CFDC5
:10084000BDE8104015F06CBB683F00202DE9F04179
:100850001A4C6468A40004D51646194A1268120797
:1008600001D4BDE8F08103F10C0405460F46204693
:100870000221F5F79DFC40F63E430380012120460E
:10088000F5F796FC0346042220461A700B21F5F773
:100890008FFC0570A0F801603DB97B68BA68C0F8AC
:1008A0000720C0F80330BDE8F0814FF00008C0F821
:1008B0000380C0F80780BDE8F08100BF8001002000
:1008C00078010020F0B5013887B0144611280AD805
:1008D000DFE800F0233F55090967097998AB09095A
:1008E00009090909090D6FF0150007B0F0BDCB68C3
:1008F000DA789978188807F0D3FB554B0646012122
:10090000188819F0A9F8012105460C30F5F750FCBC
:1009100006702560002007B0F0BD4D4B0D211888F2
:1009200019F09AF80D2120600C30F5F741FC4FF0DA
:10093000021400234FF4806102220370C0F80140CA
:10094000A0F80510C271037243728372C3720373FD
:10095000E0E73F4B4121188819F07EF841212060E3
:100960000C30F5F725FC002104463E2200F8031B5D
:100970001DF0A9FE40F2A733A4F80130CAE7344BBA
:100980000921188819F068F8092120600C30F5F762
:100990000FFC0346002203F8012BC0F801205A6027
:1009A000B8E7C9680020FEF711FB294B0121188820
:1009B00019F052F8012105460C30F5F7F9FB002338
:1009C00003702560A6E7234E214F0FCE01AD0FC562
:1009D000336838882B70122119F03EF812212060FC
:1009E0000C30F5F7E5FB0446002301AE04F8013BAB
:1009F00084460FCE2D78CCF801006160A260E360E0
:100A0000257487E7124B1821188819F025F818214A
:100A100020600C30F5F7CCFB00230446012100F8E0
:100A2000023B0AF09FFD607074E7094B2121188892
:100A300019F012F8212120600C30F5F7B9FB0146BE
:100A4000002301F8113B01300AF0DCFD62E700BF32
:100A50004058002024F602002DE9F041038A8CB0B2
:100A60000022022B079230D9044603210C30F5F7FF
:100A700081FB228A83789A4227D30088D14EC0F323
:100A80008523082B30801FFA80FCC0F3090509D8A4
:100A9000A3B1013B072B11D8DFE803F01C10284C51
:100AA000101010643F2B09D107AA21462846FFF7F2
:100AB00009FF163040F02984B6F800C001216046D5
:100AC0000CB0BDE8F04118F0D9BF002420460CB0AE
:100AD000BDE8F081062D00F0D1831D2DEED1E36835
:100AE000188802F00FF901463088E9E7632D00F01D
:100AF000098400F2EE80032D00F0E0832D2D40F0FC
:100B0000D380E368604604211E8893F8028018F0C1
:100B1000A3FF042104460C30F5F74AFBB7B20546A3
:100B2000C31C424639460220FEF73CFAA5F8016094
:100B30002870CBE7681E0828C0D801A353F820F01E
:100B4000990D01004D0D0100270D0100BD0A0100A6
:100B5000BD0A0100BD0A0100BD0A0100BD0A010075
:100B6000070D0100681E4D28A8D801A353F820F0F6
:100B7000FD0D0100D90D0100A50E0100BD0A010007
:100B80009B0E01007F0E0100650E0100590E010051
:100B90004D0E01002D0E0100BD0A0100BD0A01002D
:100BA000BD0A0100BD0A01000D0E01001311010074
:100BB0000B11010003110100E1100100BD0A010049
:100BC000B9100100AB1001007110010051100100BB
:100BD000BD0A010047100100371001001710010085
:100BE000BD0A0100BD0A0100BD0A0100F70F0100A6
:100BF000DD0F0100CD0F0100990F01008D0F0100E5
:100C0000BD0A0100BD0A0100CF110100C71101009A
:100C1000C1110100A11101006F1101003D1101007E
:100C2000331101002511010033120100DD11010013
:100C30006D0F01001B0F0100BD0A0100BD0A01007C
:100C4000BD0A0100BD0A0100BD0A0100BD0A010084
:100C5000BD0A0100BD0A0100BD0A0100BD0A010074
:100C6000BD0A0100BD0A0100BD0A0100BD0A010064
:100C7000BD0A0100BD0A0100BD0A0100BD0A010054
:100C8000BD0A0100BD0A0100BD0A0100BD0A010044
:100C9000BD0A0100BD0A0100F90E0100BD0A0100F4
:100CA000BD0A0100EF0E0100012D7FF407AFE268DD
:100CB000454B116852681960604629465A6018F021
:100CC000CBFE012104460C30F5F772FA00230370C5
:100CD000FCE67B2D00F0DA827C2D7FF4EFAEE3683A
:100CE0001F885988B8B202F013F9054603213088ED
:100CF00018F0B2FE032104460C30F5F759FA0570DE
:100D0000A0F80170E2E66046072118F0A5FE072171
:100D100004460C30F5F74CFA0146002001F8010BAF
:100D2000FEF780F9D2E60921604618F095FE092108
:100D300004460C30F5F73CFA0346002203F8012B79
:100D40006021C0F801205A604171BFE66046412130
:100D500018F082FE412104460C30F5F729FA0021F3
:100D600005463F2200F8021B1DF0ADFC0423174A84
:100D7000EB72EB7520231649C5F81A20C0204FF4FA
:100D800090626B704FF40A73A871C5F82110A5F832
:100D90002720A5F80F3099E60921604618F05CFE7F
:100DA000092104460C30F5F703FA4FF45061002393
:100DB000084A01800D218370C3700171C0F80520BD
:100DC00084E600BF4058002080010020F7C3F70EE2
:100DD00030F0F97FF105FFFF0421604618F03CFE7A
:100DE000042104460C30F5F7E3F900236FF0040109
:100DF0000322037041708370C27067E6E268C64BDD
:100E00001168526819606046012157E76046022167
:100E100018F022FE022104460C30F5F7C9F9002330
:100E20000370054607F0BAFA68704FE6E368187871
:100E3000EFF762FD05460121308818F00DFE012113
:100E400004460C30F5F7B4F905703FE6E16811F897
:100E5000010B01F007FCEDE7E16811F8010B01F06F
:100E600093FBE7E70221604618F0F6FD02210446F5
:100E70000C30F5F79DF900230370437026E6E46813
:100E8000A57BA3796279217920880295657B0195FC
:100E90000734009401F05EF9CCE7E1680120FEF729
:100EA00095F8C7E76046092118F0D6FD09210446E8
:100EB0000C30F5F77DF90346002503F8015BC0F817
:100EC00001505D600646FEF767F82B4661F30703A5
:100ED000C1F3072262F30F23090C61F31743090AD8
:100EE00061F31F63C6F80100C6F80530EEE5E0685F
:100EF000C17907F057FD9DE76046032118F0ACFD6E
:100F0000032104460C30F5F753F90146002301F89C
:100F1000023B0130FEF756F8D8E5E2689178108878
:100F2000B2F80540CB0703D5D37843F00303D37061
:100F300013798F07D17844BF43F00303137143EA59
:100F40000102032A00F2E7814D0700F0E1815A0710
:100F500000F0DE8114F003021CBF04F1FF3404F042
:100F6000010201F06BFF01463088A9E5E3681A78B9
:100F7000D10744BF0721597092074CBF07219978C8
:100F8000587848BF997001F04FFF53E7E3685988DC
:100F9000188801F00FFF4DE76046052118F05CFD51
:100FA000052104460C30F5F703F908A905460DF1B3
:100FB0001A0001F0F3FEBDF81A30A5F80130BDF8B3
:100FC0002020A5F8032000232B707FE5E3681F880D
:100FD0009A885988B8B201F0B7FE86E6E2681788A9
:100FE00092780023CDE90233CDE900330221B8B273
:100FF00001F0C6FD79E6E16800220F884B88039274
:1010000008890290C888019089880091B8B20221AD
:1010100001F0B6FD69E60921604618F01DFD0921C1
:1010200004460C30F5F7C4F83C493D4A0160002302
:10103000426003724AE5E3681F8800220621B8B2C5
:1010400007F01CF851E6E268002132F8027BF6E76F
:101050006046092118F000FD092104460C30F5F71F
:10106000A7F8002300F8013B082108F03DFD2DE51D
:10107000E068002308AA00F110010BF0ADF93088F8
:10108000112118F0E9FC112104460C30F5F790F815
:101090000646002306F8013B08AD07460FCDC7F80A
:1010A00001007160B260F36010E5E368188801F038
:1010B00007FE0146308803E5E368604608211E8884
:1010C00018F0CAFC082104460C30F5F771F8054603
:1010D000E91CB0B201F098FDA5F801602870F5E4B4
:1010E000E16800224B88088803920C890294CC881E
:1010F000019489880091114601F042FD0146308833
:10110000DEE4E06807F000FA94E6E06807F06EF9C4
:1011100090E607F045F98DE678010020008FCC308D
:10112000ECC00100E368188807F032FC3088012128
:10113000C5E5E368187807F017FC7BE6E3681868F4
:1011400008909A889B798DF8263060460721ADF883
:10115000242018F081FC072104460C30F5F728F80C
:101160000546411C08A807F0CBFB2870AEE4E368F5
:10117000186808909A889B798DF826306046072178
:10118000ADF8242018F068FC072104460C30F5F770
:101190000FF80546411C08A807F078FB287095E475
:1011A0006046022118F058FC022104460C30F4F786
:1011B000FFFF054607F03CFA002368702B7085E4BA
:1011C00007F038FA36E6E06807F072FA32E6E068CF
:1011D00000F11702C11D07F083FE2BE6E3686046AD
:1011E00005211E8818F038FC052104460C30F4F760
:1011F000DFFF05462A1DB0B2E91C01F0F5FDEB78D2
:101200002A792870002B93FAA3F3B3FA83F308BF6B
:101210004FF0FF330133EB70002A92FAA2F3B3FAD6
:1012200083F308BF4FF0FF330133A5F801602B7142
:101230004CE46046092118F00FFC092104460C30EB
:10124000F4F7B6FF08AB05460DF11A0206A90DF139
:10125000160001F0B9FDBDF81630A5F80130BDF853
:101260001830A5F80330BDF81A30A5F80530BDF8E0
:101270002020A5F8072000232B7027E4E368997845
:10128000188801F0E5FC0146308819E4E3681F88FE
:1012900008A9B8B201F006FE05210546308818F00D
:1012A000DBFB052104460C30F4F782FF0570A0F843
:1012B0000170BDF82030A0F8033007E4174B184A3E
:1012C0004FF0FF3041F6FF71C3E90001154B0020DC
:1012D0000021C2E900011F200021C3E90001FEF73F
:1012E00059FA3088012118F0B7FB012104460C306F
:1012F000F4F75EFF00230C4A03701360FFF796FAC1
:10130000FFF7E4BBE268064B7AE5079CFFF7DEBB1C
:101310001221FFF7D4BB1121FFF7D1BB80010020C0
:10132000282D0020780100209C3F00202DE9F84363
:1013300000230B60038A032B2ED9054688460C3008
:101340000421F4F717FF2B8A4788B0F80090BB42BE
:1013500022D3FB2F20D801F0BDFB4FEA19363346CC
:101360000446F8B19B0817D1D6B1012E14D12379C8
:10137000677166F301032371E9683A46E01D1DF0C9
:101380007AF92146C9F30B0001F0B0FB08B9BDE8BA
:10139000F883204601F0A4FB6FF01500BDE8F88348
:1013A0000226E4E70F4B1B689B0117D54FF0FF3275
:1013B0004FF0FF330220F5F769F90221C8F8000069
:1013C0000C30F4F7F5FE4FF48D730380D8F800006D
:1013D00001210C30F4F7ECFE012303706FF068007C
:1013E000D5E700BF80010020F8B50E4B1B68DB0677
:1013F00000D4F8BD02F10C0406460D462046022139
:10140000F4F7D6FE034640F205421A802046042136
:10141000F4F7CEFE00270770A0F801503278C270B2
:10142000F8BD00BF80010020024A1368013B136031
:10143000704700BF9C3F002070B5037FC68803F053
:101440000303013B012B0FD9164A1749174842F2F3
:10145000D33317F03BF8002383F31188BFF36F8F6A
:101460000323184602DF70BD044601F10C0528462F
:101470000421F4F79DFE237F03F00303022B0CBF2E
:1014800046F4005646F480560680637F4380617FB1
:101490002846F4F78DFE627F04F11F01BDE870401D
:1014A0001DF0E9B838F6020030F4020054F30200EF
:1014B0002DE9F04390F804C0C688BCF1030F85B055
:1014C00004460D4600F11C070ED0ACF1170CBCF120
:1014D000060F00F2AF82DFE81CF02B0088009000BE
:1014E0002100C100D400F400C37F033B122B00F2A3
:1014F0001F81DFE813F063011D011D018A01B101A5
:101500001D01E3011D011D011D01E8011D01BF01B8
:101510001D011A001D011D012D012D01C74B5B6826
:1015200018044FF0000400F1398105B0BDE8F083E4
:10153000F80700F1ED81277F002F00F0E081BF4B1D
:101540005B689900F1D5BE4B1B6840F20122134243
:1015500003F40078E9D00C35002F40F0F481B94A4B
:10156000136801331360B8F1000F00F00C82022100
:101570002846F4F71DFE41F63E73038001212846FC
:10158000F4F716FE03460A221A7028461E21F4F7C5
:101590000FFE0770A0F80160637FC370A37F037123
:1015A000D4F81F30C0F80530B4F82330A0F8093063
:1015B000D4F82B30C0F80B30B4F82F30A0F80F302F
:1015C000D4F82530C0F81130B4F82930A0F815301F
:1015D000638EA0F81730A38EA0F81930E38EA0F820
:1015E0001B3094F8383043779FE70A463846314637
:1015F00005B0BDE8F043FFF7F7BE904B5B689A007B
:101600004FF0000891D58E4B1B685B078DD50C35CC
:1016100002212846F4F7CCFD40F63E230380012149
:101620002846F4F7C5FD03464FF00309284683F822
:1016300000900921F4F7BCFDFF07054600F1EC819D
:10164000237F2B70A5F80160E38BA5F80330238C72
:10165000A5F80530638CA5F8073066E77A4B1B6860
:1016600019027FF562AF0C3502212846F4F7A0FD80
:1016700040F25723038002212846F4F799FD0680A3
:1016800053E76E4B5B689A007FF54FAF6C4B1B685E
:101690001B037FF54AAF0C3502212846F4F788FD7D
:1016A00040F23E43038001212846F4F781FD1423D4
:1016B000037003212846F4F77BFD0680237F8370A7
:1016C00033E75E4B5B689F007FF52FAF5C4B1B6879
:1016D00018057FF52AAF0C3502212846F4F768FD7E
:1016E00040F23E63038001212846F4F761FD0C239C
:1016F000037005212846F4F75BFD237F0370A0F8F3
:101700000160627F002A92FAA2F3B3FA83F308BF62
:101710004FF0FF330133C370A27F92FAA2F3002A85
:10172000B3FA83F308BF4FF0FF3301330371FCE6D4
:10173000464A4749474842F2A73316F0C7FE0023FE
:1017400083F31188BFF36F8F0323184602DFECE6A3
:101750003A4B5B689A007FF5E8AE394B1B685B0635
:101760007FF5E3AE0C3502212846F4F721FD40F663
:101770003E33038001212846F4F71AFD0723037046
:101780000A212846F4F714FD0680A38C4380E38CDD
:101790008380238CC380638C0381C6E60C350221D1
:1017A0002846F4F705FD4FF44C73038003212846C7
:1017B000F4F7FEFC0470A0F80160B6E61F4B5B680E
:1017C00099007FF5B2AE1E4B1B68DA067FF5ADAE11
:1017D0000C3502212846F4F7EBFC40F63E5303801B
:1017E00001212846F4F7E4FC052303700C21284668
:1017F000F4F7DEFC034623F8026B216A626AC0F844
:1018000002105A60238D43818FE60C4B1B681B0628
:101810004FF000047FF589AE0C3502212846F4F71D
:10182000C7FC4FF48163038004212846F4F7C0FC11
:1018300001230470A0F80160C37076E680010020E7
:10184000780100209C3F0020282D002038F602005F
:1018500030F4020054F3020090F820300E2B7FF495
:1018600064AE0B46324600211A2005B0BDE8F043B5
:10187000FEF7ECBF724B5B68980059D5714B1B6843
:10188000990655D50C3502212846F4F791FC40F60F
:101890003E33038001212846F4F78AFC06230370B7
:1018A0000A212846F4F784FC0680238C4380638C4D
:1018B0008380A38CC380E38C038136E60B463246DB
:1018C00039460020D1E75E4B90F820401B681F0688
:1018D0007FF52BAE0C3502212846F4F769FC4FF456
:1018E0008163038004212846F4F762FC002C08BFC2
:1018F0001F2400230470A0F80160C37015E6A07FC8
:1019000004F12503FF2204F11F0106F07DFF16E616
:101910004D4A4E494E4842F2CA0316F0D7FD002305
:1019200083F31188BFF36F8F0323184602DF02E6AB
:101930000023CDE90233CDE900331A2202213046DB
:1019400001F01EF9F1E5B8F1000F4CD10221284653
:10195000F4F72EFC41F23E33038001212846F4F7D0
:1019600027FC0123037012212846F4F721FCC0F85C
:101970000180C0F80580C0F80980C0F80D8080F8AB
:1019800011800770D1E502212846F4F711FC41F2DD
:101990003E33038001212846F4F70AFC0346012266
:1019A0001A7028461221F4F703FC0770A0F80160B2
:1019B000637FC370A37F03F001030371D4F81F306A
:1019C000C0F80530B4F82330A0F80930638EA0F8D1
:1019D0000B30A38EA0F80D30E38EA0F80F3094F8F2
:1019E00038304374A1E502212846F4F7E1FB41F6C3
:1019F0003E73038001212846F4F7DAFB0A230370C3
:101A00001E212846F4F7D4FB04461D220021013094
:101A10001CF059FE277088E50B4A0E490C4842F22B
:101A2000531316F053FD88F31188BFF36F8F4846A8
:101A300002DF05E6044A0849054842F2C3237CE672
:101A4000800100207801002038F6020074F60200C0
:101A500054F30200B0F6020030F4020070B500F159
:101A60000C040E46204602211546F4F7A1FB40F275
:101A70001353038005212046F4F79AFB01230370DA
:101A8000A0F80160A0F8035070BD00BF0379032BDC
:101A900009D0172B05D0183B052B8CBF0020032045
:101AA000704701207047037F03F00303032B14BF2B
:101AB00005200420704700BF0B4B0C4A0C4930B482
:101AC0004FF0FF3441F6FF75C3E9004500240025BF
:101AD000C2E900451F240025C1E90045054B00224D
:101AE0001A6030BCFEF7A2BE80010020282D002025
:101AF000780100209C3F002030B583B01A4C079D30
:101B00001A4B2C1BA3FB0434C4F34714DCB9A21CEE
:101B1000174B0095D2B201210020FDF7B1F910F06A
:101B2000FD0F0ED0134A1449144840F6E61316F080
:101B3000CDFC002383F31188BFF36F8F0323184676
:101B400002DF03B030BD0B4A0D490C4840F6E113EB
:101B500016F0BCFC002383F31188BFF36F8F0323BF
:101B6000184602DFD3E700BFD43F00204FECC44E3D
:101B7000191C0100ECF6020038F7020054F30200D1
:101B80002CF70200F8B505686F6D0646C7B1AC6D5D
:101B900000236B6544B300211723A96523714FF619
:101BA000FF73E38004F11C001E221CF08CFD3C231B
:101BB0002377A66021463846BDE8F840FEF7F6B820
:101BC000114A1249124840F62E2316F07FFC87F383
:101BD0001188BFF36F8F0323184602DFAC6D6F6D62
:101BE00000236B65002CD6D1074A0A49084840F605
:101BF000322316F06BFC84F31188BFF36F8F03233D
:101C0000184602DFAC6DC6E7ECF6020054F702009E
:101C100054F3020068F7020000B170470C4B10B596
:101C200002460446996002200121FBF7C3FD00B97A
:101C300010BD084A0849094840F6022316F046FC40
:101C400084F31188BFF36F8F0323184602DF10BDA2
:101C5000BC030020ECF6020040F5020054F3020041
:101C600038B5044610F8103B002B2ED0194DA86053
:101C7000A3687BB1184A1949194840F6172316F092
:101C800025FC002383F31188BFF36F8F03231846CD
:101C900002DFA86813490F4B0022C4E90210114665
:101CA0000120FBF787FD00B938BD0B4A0E490C48EF
:101CB00040F61E2316F00AFC002383F31188BFF3BD
:101CC0006F8F0323184602DF38BDBDE83840FFF7A9
:101CD00059BF00BFAC030020ECF6020080F7020001
:101CE00054F30200851B010040F5020038B50C4694
:101CF0001249637F124A0978117004EB83031B6A4F
:101D00001D7800B938BDFEF715F98442FAD015F0F8
:101D10000E0F02D16369002BF4D00A4A0A490B481E
:101D200040F6CE1316F0D2FB002383F31188BFF3E5
:101D30006F8F0323184602DF38BD00BF8E6100207D
:101D40008D610020ECF6020094F7020054F30200CB
:101D500000B5144B597F1A8B93F85EC003EB8101D9
:101D60004FF0020E22F44372086A6EF3420C4FF4F5
:101D7000006122F00202A3F85C1083F85EC042F01A
:101D80000E0206214FF0000C1A8380F800C041704B
:101D900093F8290003EB80030422DB6A1A70597060
:101DA0005DF804FBD43F002070B51C4C6569AB6F37
:101DB00073B11B4A1B491C4840F65B2316F086FB97
:101DC000002383F31188BFF36F8F0323184602DFCC
:101DD00005F16C0105F16800FBF76CFC064670B17B
:101DE0002868AE6700F04AFE0025A06D6561FDF72A
:101DF000CBFF606DA565FDF7BBFF656570BD084A4B
:101E00000A49094840F65D2316F060FB86F3118805
:101E1000BFF36F8F0323184602DFE1E7D43F0020B2
:101E2000ECF60200ECF7020054F3020024F9020081
:101E300030B5504C94F85E30D90785B066D56369EB
:101E400053B193F82C2042F0020283F82C206369EE
:101E500093F82C30DA0770D44648FEF753F88442E2
:101E60000ED0454A4549464840F6263316F02EFB2B
:101E7000002383F31188BFF36F8F0323184602DF1B
:101E8000237EDB0703AD0DD5022103913D4B009569
:101E9000032101220020FCF7F3FF2946FEF720F87A
:101EA00000285BD10222374B0095032100200392CA
:101EB000FCF7E6FF2946FEF713F8054648BB324813
:101EC000FEF75CF808B1783039D12A48FEF726F8D9
:101ED00084420ED0284A2949294840F6483316F052
:101EE000F5FA002383F31188BFF36F8F032318469D
:101EF00002DF63690BB1FFF757FF94F85E300020F3
:101F00006FF3000384F85E3006F014FE002005B085
:101F100030BD1848FEF702F884420ED0164A174921
:101F2000174840F63F3316F0D1FA002383F31188A7
:101F3000BFF36F8F0323184602DF0C20E7E70E4A3A
:101F400012490F4840F6453316F0C0FA85F3118860
:101F5000BFF36F8F0323184602DFB6E70548FDF78E
:101F6000DDFF8442E9D0044A0449054840F6313394
:101F7000D9E700BFD43F0020ECF6020000F80200D1
:101F800054F30200EDF00000E43F00200CF80200E2
:101F9000037803F00F0302F1FF3C022B1FFA8CFCC5
:101FA00025D0012B0DD01031C9009BB1062B11D0CB
:101FB0004FF4F37313FB0CF340F25320184480B238
:101FC000704740F2162313FB0CF340F2E330184441
:101FD00080B2704740781030C00001F21B3100F52C
:101FE000B37313FB0CF30844184480B27047417874
:101FF0000CEB8C03C3EB0310400001F11003DB007A
:1020000000F23B1003FB020290B270472DE9F0434F
:102010001E468BB04FF6FF739E429DF84890139C6E
:1020200017D025780135EDB28046174625706DB37F
:102030003B493C4B0E8104F110000022C860C1E90D
:10204000008781F80A90996001201146FBF7B2FBE6
:1020500060B9207E10F0010505D1334A334B117869
:102060001B788B4221D00BB0BDE8F083304A314958
:10207000314840F6671316F029FA002383F31188DC
:10208000BFF36F8F0323184602DFE2E7284A2B498C
:10209000294840F6431316F019FA85F31188BFF367
:1020A0006F8F0323184602DFC2E70133042109A81A
:1020B000137007F04BFD099B214A0694A2FB031203
:1020C000991A02EB5102120A40F2471101FB123336
:1020D0001C4A1D49A21AA1FB021252091B490232D5
:1020E000CDE904510133CDE90255CDE90055D2B215
:1020F000012128460993FCF7ABFE10F0FD0FB2D08A
:102100000B4A13490C4840F2B47316F0DFF985F31B
:102110001188BFF36F8F0323184602DFA3E700BFC8
:10212000A83F00209C0300208E6100208D610020CC
:10213000ECF6020040F5020054F3020024F802001D
:1021400021F1D490D43F00204FECC44EED1C01008F
:1021500028F802002DE9F04F704C1F46704B94F8A0
:102160005E6086468C4693E8030083B016F0010655
:102170001546DDF830809DF834209DF83830009009
:102180008DF8041040F08980218B02F0070203F0E3
:102190000303520021F4437142EA032221F00201B9
:1021A0000A432283627F04EB8202BCF1010F0CF12F
:1021B0000803D2F8209008BF4FF0000E0DEB030C7F
:1021C000A4F85CE099F800A01CF8083C2AF01F0174
:1021D00013F00E0F03F00F030CBF012200220B437C
:1021E00062F3451389F8003003F00F03012B0AF066
:1021F0000F0A49D094F85E3065F3420384F85E30EC
:10220000DAB25B070CD5134667F3C30384F85E307C
:10221000D8F80030C4F85F30424BB8F804209A80F8
:1022200099F8003003F00F02012A05F0010B39D0B4
:1022300099F80120F2B1BAF1010F51D099F80030AC
:102240006BF386136FF3C71389F8003094F82930C5
:10225000246104EB8304AD01E36A05F040055A787C
:1022600045F004051D700AB906225A70304603B0C5
:10227000BDE8F08F6BF3861362F3C71389F8003063
:10228000062389F80130E1E7BAF1010FB2D099F8DD
:102290000120CAB984F83460ACE70C26304603B09C
:1022A000BDE8F08F4A466BF3861367F3C71302F855
:1022B000083BD8F80010C9F80810B8F8041091804D
:1022C0000C2389F80130C1E7052A16D9063AD2B2A3
:1022D00009F10801144884F834201CF0CCF989E78E
:1022E00094F83420104909F108001CF0C4F994F85E
:1022F0003430063389F80130A0E70C4A0C490D4808
:1023000040F2BD1316F0E2F886F31188BFF36F8F29
:102310000323184602DF99F80120D7E7D43F0020B5
:1023200084ED02003340002009400020ECF602005A
:1023300060F8020054F3020010B5064C204608F085
:10234000A5F804F10C0008F0A1F8FFF701FD00204A
:1023500010BD00BFF03F002008B5FFF769FD002069
:1023600008BD00BF38B5094C04F10C05204608F043
:102370009DF8284608F09AF8204608F087F8284685
:1023800008F084F8FFF7E4FC002038BDF03F00209F
:10239000034A044B801AA3FB0030C0F34F10704770
:1023A000D43F00204FECC44E044A0068044B801A0E
:1023B000A3FB0030C0F34F10704700BFD43F002094
:1023C0004FECC44E38B9054890F85E3013F0010F59
:1023D00008BF002070470020704700BFD43F002096
:1023E00028B9044B93F85E0000F00100704700200C
:1023F000704700BFD43F002048B9064B93F85E00F9
:1024000010F0010004D0587E00F003007047002057
:10241000704700BFD43F002070B50546807E0C4653
:1024200006F0E4FC10B3237843F0400323702378D4
:102430000268C4F8022003F00F038288E280012BB7
:1024400004F1020601D0304670BDA87E06F000FD02
:102450000028F8D02278234642F0800203F8082BA7
:102460000268A26082889A80304670BD2078C0F3EE
:102470008010FCF7C7FDDAE71F2963D82DE9F04388
:10248000437F00EB830383B01F6A3B7803F00F03A5
:10249000012B0E460546904656D000F11C090DF161
:1024A0000601484608F06EF80DF10701044648465B
:1024B00008F068F89DF806209DF807309A424BD145
:1024C00023783A7823F01F0302F00F02134323709E
:1024D0003B782278C3F3401363F3451222703B78B4
:1024E000D2B2C3F38013394663F38612227011F817
:1024F000023B2046DB09D2B263F3C71200F8022B7D
:1025000006221CF0C6F83246414604F108000636A1
:102510001CF0B1F8667095F85E30DB0706D49DF8C4
:1025200006306B77002003B0BDE8F08395F82930C2
:1025300005EB83032146DA6A2846EEF789FB00287B
:10254000EDD0F0E71220704780F834100A4635309D
:1025500041461CF090F8E5E70749084A084840F270
:102560003D7315F0B3FF074815F0B0FF034840F284
:102570003D7115F0A2FF00BFA0F80200ECF60200CA
:1025800054F30200B4F8020003460A460148194613
:10259000FFF772BFD43F00201F295ED82DE9F0411C
:1025A00090F8293000EB830382B0DE6A0F460446C0
:1025B000904600F12805002E40D028460DF1070175
:1025C00007F0E0FF037823F03F03314643F00403B4
:1025D000037011F8022BDBB2C2F3801203F03F0349
:1025E00043EA82130370BB1D437005460622023086
:1025F0001CF04FF83A46414605F108001CF03BF844
:1026000094F85E30DA0707D49DF8073084F8293053
:10261000002002B0BDE8F081627F04EB820241231A
:10262000116A0A7802F00F02D340DB07ECD52A4684
:102630002046EEF70DFB0028E6D0EAE7284607F033
:1026400025FFC0B258B994F8293004EB8303DE6A41
:102650000423337006237370AFE7122070470720FE
:10266000D7E700BF03460A4601481946FFF794BF63
:10267000D43F00202DE9F0410768324982B0054679
:102680004FF4D0723846FAF7F1FF05F16806294693
:1026900008F012FBE86E01AA3146FBF727F800B3F9
:1026A000294C4FF6FF7894F8412094F84010531CC1
:1026B000DBB2082B08BF0023994232D004EBC201E1
:1026C00024F83280019A4A6012680260019A106010
:1026D000E86E84F8413001AA3146FBF707F800287C
:1026E000E1D1D7F8544107F5AA754CB10023C7F8DA
:1026F000543129462046FDF715FD02B0BDE8F081B2
:10270000124A1349134840F6210315F0DFFE84F303
:102710001188BFF36F8F0323184602DFD7F85441A7
:10272000E4E70A4A0C490B4840F60D0315F0CEFECB
:10273000002383F31188BFF36F8F0322104602DF5B
:102740001B80FFDE302D0020AC430020D4F80200B7
:102750001CF9020054F3020014F9020010B50C46F3
:10276000C0B9144B0022012102209C60FBF722F823
:1027700000B910BD104A1149114840F2C77315F055
:10278000A5FE002383F31188BFF36F8F0323184640
:1027900002DF10BD084A0B49094840F2C17315F029
:1027A00095FE002383F31188BFF36F8F0323184630
:1027B00002DFD6E7EC030020D4F8020040F5020067
:1027C00054F302002CF9020008B50C4B002298606B
:1027D00011460120FAF7EEFF00B908BD084A094981
:1027E000094840F2F37315F071FE002383F311885A
:1027F000BFF36F8F0323184602DF08BDCC03002010
:10280000D4F8020040F5020054F3020038B5044643
:1028100010F8103B002B2ED0194DA860A3687BB197
:10282000184A1949194840F2DC7315F04FFE00238D
:1028300083F31188BFF36F8F0323184602DFA86864
:1028400013490F4B0022C4E9021011460120FAF788
:10285000B1FF00B938BD0B4A0E490C4840F2E37392
:1028600015F034FE002383F31188BFF36F8F032329
:10287000184602DF38BDBDE83840FFF7A5BF00BFEE
:10288000DC030020D4F8020080F7020054F30200B9
:10289000C927010040F5020008B583685A6892F81C
:1028A0002730DB090FD10B4A0B490C484FF4E76383
:1028B00015F00CFE002383F31188BFF36F8F032301
:1028C000184602DF08BD0146BDE808400831EEF7B2
:1028D000F7BD00BFD4F8020030F4020054F3020048
:1028E00000B9704710B50C46FDF742FB844212D088
:1028F000FDF720FB84420ED0074A0849084840F201
:10290000FB6315F0E3FD002383F31188BFF36F8FA2
:102910000323184602DF10BDD4F8020038F9020084
:1029200054F3020010B50C46A0B92046FDF714FB85
:1029300084420ED00F4A1049104840F2117315F02E
:10294000C5FD002383F31188BFF36F8F032318465F
:1029500002DF10BD074A0A49084840F20E7315F01D
:10296000B5FD002383F31188BFF36F8F032318464F
:1029700002DFDAE7D4F802008CF9020054F3020017
:102980002CF9020010B50C46A0B92046FDF7D8FA84
:1029900084420ED00F4A1049104840F2077315F0D8
:1029A00095FD002383F31188BFF36F8F032318462F
:1029B00002DF10BD074A0A49084840F2047315F0C7
:1029C00085FD002383F31188BFF36F8F032318461F
:1029D00002DFDAE7D4F802008CF9020054F30200B7
:1029E0002CF9020010B5194C194B204601224FF466
:1029F000D071FAF7E9FD00224FF4D0712046FAF7C2
:102A000031FE144B01464FF6FF74181D8C840322CF
:102A10004FF48271FAF7D8FD0F4B104C181D0722A6
:102A20000821FAF7D1FD02F0B7F90D4A0D4B0E4916
:102A3000002010601B221A800C4A03234FF4A47C50
:102A4000A4F800C00B70137010BD00BF302D002023
:102A50005C4000209C400020604000204258002044
:102A60001444002044580020906100208F61002011
:102A70000148FAF7CDBD00BF5C4000200149FAF7DC
:102A8000DDBD00BF5C40002002494FF4D072FAF770
:102A9000EDBD00BF302D0020024620B903484FF4A1
:102AA000D071FAF7DFBD0020704700BF302D002045
:102AB00060B908B502464FF4D0710548FAF7D2FD67
:102AC00010B1838C03B908BD002008BD00207047F9
:102AD000302D00200148FAF79BBD00BF9C4000202C
:102AE0000149FAF7ABBD00BF9C40002000283DD152
:102AF00038B502460D461F484FF4D071FAF7B2FDC3
:102B00000446F0B1828CE2B91B4890F821C090F8DD
:102B100020100CF10103DBB2042B08BF0023994203
:102B200021D020F83C2000EBCC0CCCF8045080F8ED
:102B30002130237843B994F93730002B0EDB002085
:102B400038BD6FF0150038BD0C4B012103209C608F
:102B5000FAF730FE94F93730002BF0DA00212046E6
:102B600005F052FAEBE76FF0680038BD6FF0150022
:102B7000704700BF302D0020F0430020FC030020F0
:102B80002DE9F04782B0BDF82870BDF82C80BDF863
:102B9000309098B90C4615464FF4D071024619484A
:102BA0001E46FAF75FFD824640B1838C33B96CB1A3
:102BB000022C07D0012002B0BDE8F087022002B04D
:102BC000BDE8F087ADB902F055FB0EE00D9B019317
:102BD000CDF8009043463A46314602F0C3FA002849
:102BE000EDD19AF93730002B07DB002002B0BDE8A9
:102BF000F087294602F04EFBF7E70146504605F004
:102C000003FAF2E7302D0020E8B938B502460C4649
:102C10000E484FF4D071FAF725FD054650B1838C6C
:102C200043B902F031FA38B10368236003792371A4
:102C3000002038BD022038BDD5F83230236095F829
:102C400036302371F4E70220704700BF302D00209A
:102C500038B510B10224204638BD02460C4616484D
:102C60004FF4D071FAF7FEFC054608B3838CFBB92C
:102C70001A2C04D8042C16D81224204638BD292C2E
:102C800001D03B2CF8D12146284602F0E3F9044656
:102C90000028E0D195F93730002BDCDA01462846D0
:102CA00005F0B2F9D7E7054BE340DB07EBD4E3E7E8
:102CB0000C24204638BD00BF302D002020003804F1
:102CC00038B5A0B902464FF4D0710D48FAF7CAFCE6
:102CD000054660B1838C53B9012102F069F90446BD
:102CE00018B995F93730002B04DB204638BD022493
:102CF000204638BD0146284605F086F9204638BDF5
:102D0000302D002038B598B902464FF4D0710D48E7
:102D1000FAF7A8FC054658B1838C4BB902F060F96C
:102D2000044618B995F93730002B04DB204638BD2E
:102D30000224204638BD0146284605F065F92046A4
:102D400038BD00BF302D0020F8B970B50D461646CD
:102D50004FF4D07102461048FAF784FC044680B163
:102D6000838C73B9D0F830319B060CD53246294696
:102D700002F09CF920B994F93730002B07DB0020D2
:102D800070BD022070BD1A2070BD02207047014640
:102D9000204605F039F9F2E7302D0020034A044BB4
:102DA00012881B8802800B80704700BF44580020A7
:102DB00042580020024A034B1080198000207047BF
:102DC00044580020425800204FF0FB0CA0F800C0EF
:102DD0004FF01B0CA2F800C040F648004FF4A4725C
:102DE00008801A80704700BFC8B938B50D46144630
:102DF0004FF4D07102460B48FAF734FC034660B139
:102E0000808C50B993F87620C2F302022A7093F8AE
:102E10007730C3F30203237038BD022038BD02208F
:102E2000704700BF302D0020024A034B107019700C
:102E300000207047906100208F610020F0B583B0C2
:102E400000BB0F4616464FF4D071024614481D468B
:102E5000FAF708FC0446A8B1838C9BB9D0F830314E
:102E6000DB0513D52B46012500953246394602F085
:102E7000C9F8054618B994F93730002B0ADB284603
:102E800003B0F0BD0225284603B0F0BD1A25284640
:102E900003B0F0BD0146204605F0B6F8EFE700BFED
:102EA000302D002068BB10B502460C4616484FF482
:102EB000D071FAF7D7FB10B3838C03BBC38CB0F887
:102EC0008621052B0FD801339BB202FB03F30F4978
:102ED0004FF4FA7202FB03F3A1FB0313C3F34F3366
:102EE0002380002010BD03FB02F2084940F2E243B8
:102EF00003FB02F2A1FB0212C2F34F33F0E7022000
:102F000010BD0220704700BF302D00205917B7D1E7
:102F100060BB10B502460C4615484FF4D071FAF765
:102F2000A1FB08B3838CFBB9C38C42F2107202FB85
:102F300004F1052B01F1FF310DD801339BB24FF4A1
:102F4000FA7202FB03F31944B1FBF3F189B2A0F862
:102F50008611002010BD40F2E24202FB03F3194447
:102F6000B1FBF3F189B2F2E7022010BD02207047F5
:102F7000302D0020FFF736BD38B5214800224FF430
:102F8000D071FAF76FFB044658B304F110022146E2
:102F90000320FDF731F8054610B110F1780F0BD181
:102FA0001849194A0023C4F888300B84A2F840302D
:102FB000BDE83840FFF716BD40F247731349144887
:102FC000144A15F083FA14482A46002115F07EFAB7
:102FD000002383F31188BFF36F8F0323184602DFAA
:102FE000DEE70C4A0D490A4840F2437315F06EFAC9
:102FF00084F31188BFF36F8F0323184602DFC4E701
:10300000302D0020F0430020AC430020C8F902001E
:1030100054F30200D4F80200E0F9020014F50200B3
:10302000014B1878704700BF90610020014B187861
:10303000704700BF8F61002038B58B6808601D683D
:103040002B780C46A3B1AB6873B10C4A0C490D4800
:1030500040F28A3315F03AFA002383F31188BFF364
:103060006F8F0323184602DF074BC5E9023438BDD2
:10307000BDE838400846FFF70FBC00BFD4F8020097
:1030800080F7020054F30200992801000B68DA88E7
:103090009ABB70B50C4606464FF4D0711848FAF743
:1030A000E1FA054628B3838C1BBB02F02FF9226896
:1030B000137F03F00303032B08D10123137122684C
:1030C00031462846BDE8704002F034B953B995F84E
:1030D00080319B0703D53D2385F8503122680123B9
:1030E000137170BD95F880319A07FAD53D2385F8A4
:1030F0005031236801221A7170BD01221A71704784
:10310000302D0020F8B50446808C1D464FF6FF7325
:1031100098420F4616460CD02046C4E94376A4F8E0
:10312000145101F0D7FE94F8803113F0010010D152
:10313000F8BD0B4A0B490C484FF4747315F0C6F9EF
:10314000002383F31188BFF36F8F0323184602DF38
:10315000E2E76FF3000384F880316FF08B00F8BD75
:10316000D4F80200F8F9020054F30200F8B51C4D3F
:103170001C4F95F8212006461CE04FF4D0713846CC
:10318000FAF770FA00B3838C6168F3B9D43001F0B8
:103190001BFC95F8212095F820309A4206D0013387
:1031A000DBB2042B08BF002385F82030013E16F067
:1031B000FF0613D095F8203093420FD035F8332016
:1031C00005EBC304002AD8D061680B796FF30103C3
:1031D0000B714FF6FF70FCF729FEDAE7F8BD00BF70
:1031E000F0430020302D00202DE9F04F414A1468B3
:1031F000A04206460B4604BF00211160808CA6F851
:103200005A01182283B0012186F8582186F87031BE
:10321000304601F069FE06F1D407304601F078FE31
:10322000384601F0B9FB384601F0EEFB04460028B1
:103230003BD00379DFF8C090DFF8C0B0DFF8C0A062
:1032400003F00303032B0CBF03460023036048462F
:10325000FAF7DEF906F17C080546B8B12146424688
:103260002846FAF731FA384601F0CEFB0446E0B1C1
:10327000037903F00303032B0CBF03460023036011
:103280004846FAF7C5F905460028E7D11D4840F23F
:10329000B2735A46514615F019F985F31188BFF3F8
:1032A0006F8F0323184602DFD8E7B28C164B0096C7
:1032B0000332D2B201210020FBF7E2FD10F0FD0F36
:1032C0000ED00E4A11490F484FF4EF6315F0FEF887
:1032D000002383F31188BFF36F8F0323184602DFA7
:1032E0004FF6FF73FF20B38403B0BDE8F04FFFF744
:1032F0003DBF00BF1444002060400020D4F802000D
:1033000024F9020054F302005D27010098F902003D
:1033100000293BD02DE9F84F4D1EDFF87490DFF8FF
:1033200074B0DFF874A00746EDB200F1D40815E0E0
:10333000237903F00303032B0CBF234600232360F0
:10334000FAF766F9064690B1013D07F17C02214685
:103350003046EDB2FAF7B8F9FF2D06D0404601F03D
:1033600053FB04464846002CE2D1BDE8F88F0B48D9
:1033700040F2C7535A46514615F0A8F886F3118813
:10338000BFF36F8F0323184602DFDDE7704700BFEE
:1033900060400020D4F8020024F9020054F3020037
:1033A00010B504460120FFF7E1FE20460121BDE8EB
:1033B0001040FFF7ADBF00BF0149FAF73FB900BFAA
:1033C00060400020014B93F841007047AC4300205F
:1033D00000B50A4B93F840C093F841E0F4450BD098
:1033E00080F800E033F83C00088003EBCC035B6816
:1033F000136018685DF804FB0020FBE7AC43002075
:10340000074B93F840C0844508D003EBCC0033F859
:103410003C300B8043681360186870470020704789
:10342000AC430020094A92F8401092F841308B4298
:1034300009D04B1CDBB2082B08BF002352F8310027
:1034400082F8403070470020704700BFAC43002036
:1034500008B5134A92F841C092F840E00CF101031C
:10346000DBB2082B08BF00239E4508D022F83C00A1
:1034700002EBCC0CCCF8041082F8413008BD094AAC
:1034800009490A4840F2066315F020F8002383F347
:103490001188BFF36F8F0322104602DF1B80FFDE0F
:1034A000AC430020D4F8020070FA020054F302008A
:1034B000F8B55679144605460F467EB3237903F0D6
:1034C0000302032A0CD04FF6FF72954204BF6FF33C
:1034D0000103237121462846BDE8F840FCF7A6BC4D
:1034E0004FF6FF739D4228D13B689C423CD0002B95
:1034F000F0D02D4A2D492E4840F2316314F0E6FFFA
:10350000002383F31188BFF36F8F0323184602DF74
:1035100021462846BDE8F840FCF788BC224A2549E8
:10352000234840F2136314F0D1FF86F31188BFF3F0
:103530006F8F0323184602DFC0E7DDB91E482A4615
:103540004FF4D071FAF78EF8A0B1214601F0C0FE19
:103550003B689C42CBD1184800224FF4D071FAF757
:1035600081F808B1838C03B100202146BDE8F84002
:1035700001F064BC0C4A11490D4840F2196314F083
:10358000A5FF002383F31188BFF36F8F032210463A
:1035900002DF1846214601F09BFE3B68A342A6D1FC
:1035A000002DD8D0E0E700BFD4F8020084FA020072
:1035B00054F3020078FA0200302D002014F50200C6
:1035C00090F86620B0F85C30C2F30212022A14BFF1
:1035D000DB089B0890F87E20B0F8580014BF0A3B27
:1035E0000B3B9BB2D20644BF043B9BB2984228BF20
:1035F00018467047704700BF90F8803143F00203CF
:1036000080F88031704700BF90F880316FF341033C
:1036100080F88031704700BF0278038E12B1581EC7
:1036200080B27047418DB0F814215818104480B210
:10363000704700BF10B50B68C0F832300446323016
:103640000B7903710521FAF7CDF994F8373060F35F
:10365000050384F8373010BDB0F8703040F6480CE0
:1036600063454FF4A47028BF6346834238BF0346C6
:1036700008801380704700BF00B5B0F86020B0F834
:103680005A1003468A4290F87700B3F85EC028BF0C
:103690000A4600F00700B3F864101B2A38BF1B224B
:1036A000042814BF4FF4A4704FF42960614528BF6B
:1036B00061468142B3F86EC038BF01468C45B3F80D
:1036C0006A0044D09042A3F86E1001D0A3F86A209B
:1036D00093F8D12042F00202012083F8D120B3F800
:1036E00058C0B3F8622093F87610B3F85CE06245F6
:1036F00028BF624601F007011B2A38BF1B2204299C
:10370000B3F8661014BF4FF4A47C4FF4296C7145D4
:1037100028BF71466145B3F86CE038BF61468E45FD
:10372000B3F868C017D06245A3F86C1001D0A3F8B5
:10373000682093F8D1206FF3410283F8D12093F8E9
:10374000D1200120024383F8D1205DF804FB904290
:10375000BCD10020C3E76245E9D193F8D11041EA1A
:10376000510202F0010221F003010A4383F8D12043
:103770000028E4D15DF804FBB0F86020B0F85A10DE
:1037800003468A4290F87700B3F85EC028BF0A4625
:1037900000F00700B3F864101B2A38BF1B2204286E
:1037A00014BF4FF4A4704FF42960614528BF6146EF
:1037B0008142B3F86EC038BF01468C45B3F86A0049
:1037C0000DD09042A3F86E1001D0A3F86A2093F8B0
:1037D000D12042F00202012083F8D12070479042AC
:1037E000F3D10020704700BFB0F86220B0F8581045
:1037F00003468A4290F87600B3F85CC028BF0A46B8
:1038000000F00700B3F866101B2A38BF1B220428FB
:1038100014BF4FF4A4704FF42960614528BF61467E
:103820008142B3F86CC038BF01468C45B3F86800DC
:1038300014D08242A3F86C1001D0A3F868204FF096
:10384000010C93F8D1106046C1F3400242EA0C0229
:1038500021F003010A4383F8D12070478242ECD162
:1038600093F8D110002001F0010CEDE740F6480379
:103870009A4228BF1A464FF4A47CFB2928BFFB219B
:103880006245134638BF6346A0F87210A0F8702056
:10389000A0F85EC0A0F85C30A0F85810704700BFD8
:1038A00070B504460022A266E266A4F874202D4A90
:1038B0002D4812880588FB2A01F0030328BFFB224C
:1038C0002833C1F34001DB00A4F87220A4F858208B
:1038D0001B22CB40A4F85A2040F648014FF01B129F
:1038E0008D42226694F8772028BF0D46B5F5A47F57
:1038F00002F007029EB2A4F8705038BF4FF4A475CE
:10390000042AA4F85E60A4F86460A4F86660A4F8D1
:103910005C501ED0B3F5A47F38BF4FF4A47394F865
:10392000D120A4F86E301B2142F00202A4F86A10E4
:1039300084F8D1202046FFF757FF94F8D130AE42EB
:1039400043F0010384F8D13006D0012384F87430A9
:1039500070BD4FF42963E2E7A36DB3F11B1FF4D1EF
:1039600070BD00BF4458002042580020F8B50646FC
:103970000F46154601F042F9044600283CD02A1FA4
:10398000201D092A06D8DFE802F01F2225050505BB
:103990000528052B234A2449244840F2DF2314F04C
:1039A00095FD002383F31188BFF36F8F032318461F
:1039B00002DFE3797B732146304601F035F930466A
:1039C00004F026F82046F8BD02F0BCFEF1E702F054
:1039D000D1FEEEE702F0D8FEEBE702F0DFFEE8E70B
:1039E00096F8203197F84E101BB1D6F830315B07AE
:1039F00011D402F0DDFEDCE70A4A0D490B484FF412
:103A0000317314F063FD84F31188BFF36F8F0323C8
:103A1000184602DFB3E70A4697F84D1002F0D4FECD
:103A2000C7E700BF90FA020030F4020054F302002E
:103A300074FA0200F8B505460C4601F0D7F828B92B
:103A4000204601F015F90323A372F8BD0422214694
:103A50002846FFF78BFF8368C268C4F84720C4F884
:103A600043300369C5F8AC30A6690023A361A6B151
:103A7000032337793371AB8CF38006F11C012046A8
:103A800002F048FE2D2F02D00423A372F8BD306847
:103A90003146FCF78BF90423F7E7074A0749084842
:103AA00040F2F62314F012FD86F31188BFF36F8FF6
:103AB0000323184602DFDBE790FA0200D4FA020083
:103AC00054F3020070B504460D4601F08FF810B9AA
:103AD0000623AB7270BD04F18F063346002205F158
:103AE0003B0105F12B0008F077FCD4F89B10C4F8DB
:103AF000BC10D4F88F10C4F8B010D4F8A810D4F8C3
:103B00009320D4F89730C4F8C91000200021C4E9EC
:103B10003001C4F8B42094F8C81094F8A720C4F871
:103B2000B830D4F8AC30C4F8CD30002363F30001D2
:103B300084F89F3084F8A03084F8A13084F8A23053
:103B400084F8A33084F8A43084F8A53084F8A63033
:103B500042F0010384F8C81084F8A73005222946F2
:103B60002046FFF703FF4FF4C1636B8194F88E305A
:103B700043F0080384F88E3070BD00BFF0B50C46EA
:103B8000897A83B0064615460D2900F22C81DFE8BC
:103B900001F05E6669959907070C1736393E4F525A
:103BA000002D00F0A18003B0F0BD002DFBD1214617
:103BB00001F01CF8002840F0C7800723A372F2E749
:103BC000022DF0D1A5690023A361002D00F0EE8045
:103BD00003272F71B38CEB80237A052B00F0E18053
:103BE000062B40F0CF801A232B712146304600F07F
:103BF000FDFF002840F08D800923A372D3E7002D3C
:103C0000D1D1F2E7002DCED10B23A372CBE7072D44
:103C1000C9D1012101F00CF83046FFF7EDFC214637
:103C2000304600F0E3FF002864D10C23A372BAE70A
:103C3000002DB8D1F3E7082DB5D140F202336381EE
:103C400090F88E306FF3041380F88E30ABE7002DC0
:103C5000A9D1237A062BD7D00223A372A3E7002D84
:103C6000FAD0A0E7012D9ED12946019300F0E0FF94
:103C70003046FFF7C1FC304602F066FA019B5A68F5
:103C80009968C4F82510C4F821201A7B84F82920EB
:103C90005A7B84F82A20D3F80E20D3F81210C4F8E7
:103CA0003F10C4F83B20D3F81630C6F8A8302146A0
:103CB000304603B0BDE8F040FFF7BCBE002D7FF4F6
:103CC00072AFF4E7032D0CD0042D7FF46CAF062106
:103CD00040F20362072384F82010A4F84D20A37259
:103CE00061E70523A3725EE7214603B0BDE8F0401B
:103CF000FFF7E8BE0B2221463046FFF737FE40F6BD
:103D00000D33638196F88E306FF3C30386F88E30DF
:103D100049E7062221463046FFF728FE304604F0E8
:103D200045F80023A3720121304600F095FF30468C
:103D3000FFF76AFC304602F00BFA96F88E3043F03B
:103D4000100386F88E302EE70D2221463046FFF70D
:103D50000DFE304604F02AF894F82030062B34D0BB
:103D6000242B3FF420AF284A2849294840F27733D2
:103D700014F0ACFB85F31188BFF36F8F0323184653
:103D800002DF10E7204A2149214840F21E3314F097
:103D90009DFB002383F31188BFF36F8F384602DF4A
:103DA00023E705F11C0002F0EFFC1EE7164A194953
:103DB000174840F20F3314F089FB85F31188BFF3E5
:103DC0006F8F0323184602DF02E70121A1723046FC
:103DD00000F042FF3046FFF717FC304603B0BDE865
:103DE000F04002F0B5B9084A0849094840F2D34307
:103DF00014F06CFB002383F31188BFF36F8F032350
:103E0000184602DFCFE600BF90FA020030F402004D
:103E100054F30200D4FA020092F81FC0ACF1030C74
:103E200002F11C03BCF1080F06D8DFE80CF0120504
:103E3000050F0505050C09003D2380F8503170473A
:103E40000822FFF79BBE0722FFF798BE0222FFF76A
:103E500095BE0122FFF792BE00230322FFF78EBE1C
:103E600000230422FFF78ABE887AA0F10400B0FA8A
:103E700080F04009704700BF13460022FFF77EBE66
:103E800070B591F82C3091F82D20042B0C4603D8F6
:103E9000032B01D0042A0DD91343112113F007037A
:103EA00084F828104FF001050CD184F82830012542
:103EB000284670BD032A0DD0134313F007034FF0BB
:103EC0000005F2D0668DFFF7A7FB801B0304EFD43B
:103ED0002823EAE7112381F828300125F2E700BF03
:103EE000F0B50E4683B00DF1060201A9B0F86C5092
:103EF000B0F86E700446FFF7AFFB96F82D20002A4D
:103F00005CD196F82C30FBB9B4F86C30AB420ED3D0
:103F1000BDF806209A420AD3B4F86E30BB4206D3ED
:103F2000BDF804209A4202D3002003B0F0BD94F8FB
:103F3000D130A4F86C5043F001030120A4F86E7056
:103F400084F8D13003B0F0BD94F9370000281DDBB0
:103F500094F8761094F8685001F003032B440D3365
:103F6000DB00C1F34001CB409BB2BDF80650B3F576
:103F7000A47F38BF4FF4A4739D4228BF1D4632B3BF
:103F8000002803DA96F82C30002BBDD094F8772067
:103F900094F86A10BDF8047002F003030B440D336B
:103FA000DB00C2F34002D3409BB2B3F5A47F38BF1D
:103FB0004FF4A4739F4228BF1F46A5E794F937002A
:103FC0000028C5DB96F82C30002BDFD0C0E796F830
:103FD0002C30002B98D0002896DAD7E770B58D6981
:103FE00000230C4606468B61002D35D094F8213015
:103FF000DB071ED52B792D2B1ED11D232B71B38CE6
:10400000EB8094F828302B7796F87730C3F30203CF
:10401000AB7796F87630C3F302036B7728682946AE
:10402000FBF7C4FE94F821306FF3000384F82130CD
:1040300070BD01232B71F1E70F4A1049104840F27F
:10404000B91314F043FA002383F31188BFF36F8F81
:104050000323184602DFD0E7074A0A4908484FF40D
:10406000DB7314F033FA85F31188BFF36F8F0323EA
:10407000184602DFBAE700BFD8FA02001CFB0200B4
:1040800054F30200D4FA020070B591F821304D6A61
:104090009B070C4603D4CDB101232B710AE00646E1
:1040A000ADB103232B71B38CEB8005F11C013046BD
:1040B00002F0DAFC28682946FBF778FE94F82130F4
:1040C00000226FF3410384F82130626270BD074A19
:1040D0000749084840F2DF1314F0F8F985F3118816
:1040E000BFF36F8F0323184602DFDAE7D8FA020026
:1040F000D4FA020054F30200F8B5CE690C46054626
:104100004EB300F087FD10B90723A372F8BD00F08D
:1041100089FD06466062002834D0637BE6696661EB
:104120000027172BE76125D01E4A1F491F4840F280
:10413000C93314F0CBF987F31188BFF36F8F0323D2
:10414000184602DF2846314600F06EFD2846BDE8DD
:10415000F84003F05DBC134A154914484FF46973E5
:1041600014F0B4F986F31188BFF36F8F0323184658
:1041700002DFC6E7311D284602F060FB41F603036B
:104180006381DFE7074A0B49084840F2AE3314F079
:104190009DF986F31188BFF36F8F0323184602DF62
:1041A000BBE700BFD8FA020030F4020054F302006B
:1041B00044FB020058FB0200F8B5CE690C460546E8
:1041C000002E5AD0637B162B2ED195F93730002B59
:1041D0002ADBE66966610023E36194F8203095F8F4
:1041E0009421C3F3C20363F3C50285F8942194F8C4
:1041F000202095F8943162F3020385F8943194F805
:10420000203095F87620C3F3801363F3C302311D89
:1042100085F87620204602F0EDFA0221284600F0CB
:1042200007FD0223A3721FE000F0F4FC10B907237E
:10423000A372F8BD00F0F6FC0646606260B3637BD3
:10424000E66966610027162BE761C6D01A4A1B494A
:104250001B484FF4D27314F039F987F31188BFF378
:104260006F8F0323184602DF2846314600F0DCFC3E
:104270002846BDE8F84001F06FBF0F4A11491048C9
:104280004FF4BF7314F022F986F31188BFF36F8FD8
:104290000323184602DF95E7074A0B49084840F216
:1042A000891314F013F986F31188BFF36F8F03237A
:1042B000184602DFC3E700BFD8FA020030F402005C
:1042C00054F3020044FB020058FB020038B50546D7
:1042D0000C4601F031FF10B10123A37238BD28460E
:1042E00003F084FB0028F7D12146284600F07EFC2D
:1042F0000028F1D0284603F077FB0728ECD02846A9
:10430000012103F06BFB28460D2103F06BFB162304
:1043100021466373284600F071FCE061214628467F
:10432000BDE83840FFF748BF38B505460C4603F0F6
:1043300067FB10B10223A37238BD2146284600F066
:1043400055FC0028F6D0284603F04EFB0728F1D094
:1043500028460D2103F046FB1723214663732846A8
:1043600000F04CFCE06121462846BDE83840FFF7EC
:10437000C3BE00BFF0B591F80AC083B00C46074633
:1043800015461E46BCF1090F0BD8DFE80CF00505F9
:104390001B0A0A0A31747BAF002A00F0BA8003B00E
:1043A000F0BDA94AA949AA4840F2653314F08EF835
:1043B000002383F31188BFF36F8F0323184602DFB6
:1043C00003B0F0BD032AEAD190F83730DB0940F0A2
:1043D000D3809D4A9D499E4840F28A2314F076F886
:1043E000002383F31188BFF36F8F284602DFD6E7DF
:1043F000052A00F0B480062A00F09080022ACED16F
:1044000090F93730002B0EDB8F4A9249904840F2EA
:10441000CB2314F05BF8002383F31188BFF36F8F75
:104420000323184602DF0221384603F0D7FA31464B
:10443000204602F019FA21463846FFF721FD0546CD
:10444000204600F015FC002D40F0B08094F82D308F
:104450002BB197F8762063F3061287F8762038465A
:1044600001F084FE0823A3720221384603B0BDE8A0
:10447000F04000F0F1BB002A91D103B0BDE8F0405C
:10448000FFF79ABE002A8AD14D8DFFF7C5F8401B71
:10449000030484D497F9375097F8760097F877306B
:1044A00094F82C2094F82D10002D00F0070C03F048
:1044B0000706C0F297800021384603F08FFA94F87F
:1044C0002030002284F82820DB0994F8212063F3AF
:1044D000000284F8212097F87630C3F3020262F3D9
:1044E0000613092287F87630A27258E7042A7FF46F
:1044F00056AFFFF773FD21463846FFF7C5FD384636
:1045000001F0F8FE0021384603F06CFA0023A37294
:1045100045E703B0BDE8F040FFF7D8BE002103F047
:104520005DFAD7F830311A2223F48073C7F830319E
:1045300084F82820204600F09BFB94F8213043F0BB
:10454000010384F8213097F87630C3F3020262F356
:104550000613092287F876300221A27285E73146D8
:10456000204602F03FF994F84E3084F828300021BC
:10457000384603F033FADDE7374B90F8762093E8BE
:10458000030094F82030134302AD03F0070305E95C
:10459000030008336B44022113F8083C63F306124E
:1045A00041F6060387F8762063815EE700213846EE
:1045B00003F014FA94F828300BB187F8503194F8CE
:1045C000203094F82120DB0963F3000284F82120D5
:1045D00097F87630C3F3020262F3061387F8763059
:1045E000092340E711F003011FD061F3020012F02C
:1045F000030287F8760023D062F302038C4587F824
:1046000077301AD021463846FFF76AFC94F82130FB
:1046100060F3410384F821300021384603F0DEF9CD
:10462000002384F8283001234FE712F003023FF4FF
:1046300042AF62F3020387F877309642E2D13AE75D
:104640008C45DFD137E700BFD8FA020030F4020012
:1046500054F3020074FB02008CED0200F0B50C462E
:10466000897A83B00646154609290BD8DFE801F0A0
:104670001B2059620A0A95ADB605042D00F0E080B2
:1046800003B0F0BD8E4A8F498F4840F20A5313F0B1
:104690001DFF002383F31188BFF36F8F0323184698
:1046A00002DF03B0F0BD002DEAD10123A372E7E7DA
:1046B0001946204602F0B4F894F8202096F8943178
:1046C000C2F3C200C3F3C2010140C3F30203C2F349
:1046D0000200034043EAC10322F03F02134384F87F
:1046E000203096F93730002B0BDB94F8203013F094
:1046F000380F40F0A18094F8203023F03F0384F875
:1047000020300221304600F093FA012DB8D196F8FE
:104710003730DB0907D16A4A6A496B4840F23443B3
:10472000B5E7002DACD12146304603B0BDE8F040DE
:10473000FFF7FABD022DA3D190F93730002B0EDB25
:104740005F4A6249604840F2544313F0BFFE0023C1
:1047500083F31188BFF36F8F0323184602DF5C4B8E
:1047600096F8762093E8030094F82030134302ADC6
:1047700003F0070305E9030008336B44022113F833
:10478000083C304663F30612062386F87620A372AF
:1047900003B0BDE8F04000F05FBA032D7FF470AFC6
:1047A0001946204602F060F821463046FFF768FBC4
:1047B0000546204600F05CFA002D52D094F82830CF
:1047C000282B2ED186F850312BE0002D7FF458AFE6
:1047D000214603B0BDE8F040FFF78EBC002D7FF40A
:1047E0004FAF678DFEF718FFC01B03043FF548AFBE
:1047F00084F8285096F9375096F8760096F8773076
:1048000094F82C2094F82D10002D00F0070C03F0E4
:1048100007072CDB002294F8213062F3000384F8B0
:10482000213096F87630C3F3020262F306130922B0
:1048300086F87630A27223E75A077FF462AF5AE710
:104840002146FFF7CBFB21463046FFF71DFC3046E3
:1048500003F0ACFA0021304603F0C4F80023A37241
:104860000EE7304603F0DAF80823A37208E711F0E8
:10487000030118D061F3020012F0030286F87600FB
:104880001BD062F302038C4586F8773012D02146A4
:104890003046FFF725FB94F8213060F341030122F5
:1048A00084F82130B7E712F00302B3D062F30203B9
:1048B00086F877309742EAD1ACE78C45E7D1A9E793
:1048C000D8FA020030F4020054F3020074FB020034
:1048D0008CED020092F81FC0BCF1110F02F11C0315
:1048E0000FD0BCF1180F12D0BCF1070F0CD010B5CF
:1048F00024230C4680F8503101F0FCFC0023A37205
:1049000010BD0522FFF736BD0622FFF733BD022298
:10491000FFF730BD13460022FFF72CBD13460322DC
:10492000FFF728BD00230422FFF724BD10B592F83D
:104930001FE0BEF1160F02F11C030BD0BEF1180FE1
:104940000DD024230C4680F8503103F02FFA0023B9
:10495000A37210BDBDE810400122FFF77FBEBDE885
:1049600010400322FFF77ABE13460022FFF776BEFF
:1049700013460222FFF772BE00230422FFF76EBE29
:104980000023037043608360C3600361704700BF0E
:10499000037801330370704703785BB9C3687BB158
:1049A00002691AB1816861B10B6082600023C36043
:1049B00003617047013BDBB20370002BEED0704700
:1049C00070474360F1E700BF03783BB100230C3030
:1049D0000B60436843B119604160704700230430A5
:1049E0000B604368002BF6D101604160704700BF47
:1049F00000230B60836813B11960816070474160C8
:104A000081607047406870470346406828B19968E4
:104A100002685A60884208BF9A6070474078A0F1E7
:104A20000C00B0FA80F04009704700BF4078A0F158
:104A30000800B0FA80F04009704700BF4078A0F14C
:104A40000200B0FA80F04009704700BF4078A0F142
:104A50001700B0FA80F04009704700BF4078A0F11D
:104A60000100B0FA80F04009704700BF4078A0F123
:104A70000900B0FA80F04009704700BF4078A0F10B
:104A80000600B0FA80F04009704700BF4078A0F1FE
:104A90001800B0FA80F04009704700BF4078A0F1DC
:104AA0000300B0FA80F04009704700BF4078A0F1E1
:104AB0000500B0FA80F04009704700BFF8B506461F
:104AC00008460D46F8F7A4FD044680B1002745606E
:104AD0000672476187612C223946203019F0F3FDB8
:104AE0004FF47F43FF2262726381A381A773204644
:104AF000F8BD00BF4078A0F10200B0FA80F0400994
:104B0000704700BF4078A0F10200B0FA80F0400981
:104B1000704700BF4078A0F10100B0FA80F0400972
:104B2000704700BF4078A0F10200B0FA80F0400961
:104B3000704700BF4078A0F11800B0FA80F040093B
:104B4000704700BF4078A0F10100B0FA80F0400942
:104B5000704700BF4078A0F10100B0FA80F0400932
:104B6000704700BF4078A0F10900B0FA80F040091A
:104B7000704700BF4078A0F10900B0FA80F040090A
:104B8000704700BF4078A0F10300B0FA80F0400900
:104B9000704700BF4078A0F10300B0FA80F04009F0
:104BA000704700BF38B5456804462DB129462046F8
:104BB000BDE83840F8F742BD094A0A490A4870235F
:104BC00013F084FC85F31188BFF36F8F032318461D
:104BD00002DF656820462946BDE83840F8F72EBD5B
:104BE0008CFB0200CCFB020054F30200024B18685D
:104BF000003818BF012070471C04002010B504487D
:104C0000F8F706FD04460430FEF7F4FC204610BD1C
:104C10001C04002008B50120FBF7DCF8003818BFA1
:104C2000012008BDFBF7F0B8D430FFF7E1BE00BFAC
:104C300038B590F8463105460C461BB11C4385F843
:104C4000464138BDD430FFF7A3FE95F846311C43EA
:104C500085F8464138BD00BF90F8463123EA01018E
:104C600080F8461101B17047D430FFF795BE00BF00
:104C700038B58569044645B12B792D2B04D02D23F9
:104C80002B71A36922691A6038BD084A084909488E
:104C90004FF4967313F01AFC85F31188BFF36F8FEE
:104CA0000323184602DFA569E6E700BF8CFB02007C
:104CB000D8FB020054F3020038B5856904465DB1A3
:104CC0002B792D2B00D038BD01232B71A169BDE8B4
:104CD00038400868FBF76AB8074A084908484FF4A3
:104CE0009D7313F0F3FB85F31188BFF36F8F0323DC
:104CF000184602DFA569E3E78CFB0200D8FB02003F
:104D000054F302008B6913B11A792D2A0BD00B7A58
:104D1000072B15D0CB692BB1D0F84C211A60CB6989
:104D2000C0F84C3170471B68D0F848215A608B6935
:104D300001221A718B69C0F848310B7A072BE9D12F
:104D40004B6A002BE6D01B68D0F848215A604B6AAA
:104D500001221A714B6AC0F84831DBE7F8B50D4FF4
:104D600005463846F8F754FC044680B100264760F3
:104D70000572466186612C223146203019F0A3FC71
:104D80004FF47F43FF2262726381A381A6732046A2
:104D9000F8BD00BF0C04002010B50A4B062258686D
:104DA0005021F8F711FC084B012258685021F8F700
:104DB0000BFC064BBDE81040586804222C21F8F784
:104DC00003BC00BF140400200C0400201C040020BD
:104DD00038B50446002501F04DFA2046C4E93A559D
:104DE00084F8F45002F0D6FFC4F81851C4E93E55D7
:104DF00084F80651A4F80451A4F80851C4F81B51D2
:104E0000A4F83851C4F82051C4F82451C4F82851EA
:104E1000C4F82C51C4F83051C4F83451FAF7BCF836
:104E200094F88E3084F84651C4E94C01C4E95255D7
:104E300023F0180384F88E30258638BD08460149D2
:104E4000F8F7FCBB1C04002038B5B0F8F25003465C
:104E5000144625B1A9420ED26D1AA0F8F250B3F84B
:104E6000022122B191420DD2521AA3F8022100234D
:104E70001846237038BD01F0BDF8054658B12B7AAD
:104E80000A2B03D022236FF07300F2E795F820304D
:104E90006FF07300EDE7074A0749084840F2022324
:104EA00013F014FB85F31188BFF36F8F03231846AB
:104EB00002DFE4E78CFB0200ECFB020054F302008B
:104EC000034B0B44B3FBF1F3A0F80831704700BF6C
:104ED000FF59620210B5044602F064FF2046BDE8A7
:104EE000104001F0CFB900BF10B5044611B101293F
:104EF00007D010BD02F05EFF2046BDE8104001F073
:104F000023BA02F05BFF2046BDE8104001F040BA32
:104F100070B5D0F84841064634B12068214644684F
:104F2000FAF738FF002CF8D1D6F84C410023C6F828
:104F300048313CB1054D204624682946F8F77EFBF0
:104F4000002CF8D10023C6F84C3170BD1C040020A1
:104F500090F93730002B14DA70B504460E46032062
:104F600009491546FFF7AAFD014640B180F82060C7
:104F700080F82150204601F009F8002070BD0C2077
:104F800070BD0C20704700BF1404002010B5074905
:104F900004460120FFF792FD28B10146204600F0AB
:104FA000F5FF002010BD0C2010BD00BF1404002030
:104FB00038B504460D4602200849FFF77FFD58B179
:104FC00090F8203065F30003014680F82030204639
:104FD00000F0DCFF002038BD0C2038BD1404002098
:104FE00010B5074904460420FFF768FD28B10146C3
:104FF000204600F0CBFF002010BD0C2010BD00BFEC
:10500000140400202DE9F041054688460720104988
:105010009DF8186017461C46FFF750FDA8B1E30045
:1050200008F0070803F03803BF0143EA080307F05C
:1050300040073B4343EAC613014680F82030284628
:1050400000F0A4FF0020BDE8F0810C20BDE8F08155
:105050001404002038B504460D4601F0F1F920464D
:1050600002F008FF07490A20FFF728FD38B1014682
:1050700080F82050204600F089FF002038BD0C2029
:1050800038BD00BF1404002008B590F93730002B5C
:1050900008DB00F0AFFF20B1037A0B2B0CBF2230EE
:1050A000002008BD02F0A8FCF5E700BFF8B5D0F875
:1050B00030319B0601D40020F8BD04460D460C207B
:1050C00008491646FFF7FAFC074648B1294620462C
:1050D0003246FEF7CBFB3946204600F057FFEAE7A1
:1050E0000C20F8BD1404002070B506460D4602F0F1
:1050F00083FC20B1037A053B012B044601D90C2027
:1051000070BD01463046FEF7AFFE0028F7D0296893
:105110006A68AB68ED68C4F837503046C4F82B10A5
:10512000C4F82F20C4F833302146FEF795FE002046
:1051300070BD00BF38B5054602F05EFC20B1037AB1
:10514000053B012B044601D90C2038BD01462846F9
:10515000FEF78AFE0028F7D028462146FEF780FE9B
:10516000002038BD2DE9F0470546D0F83001BDF8E4
:105170002090099E9A4683078846174632D495F9AF
:105180003730002B50DB30490820FFF797FC0446EE
:10519000002C56D0237A082B2AD0092B34D1A4F81E
:1051A00026802785A4F82AA0A4F82C90002E3ED0B3
:1051B0003388238773886387B388A387F388E3875B
:1051C0003389A4F840307389A4F8423095F9373018
:1051D000002B12DA2846FDF757FC0146284602F05C
:1051E00013FF0AE018490920FFF768FC0446CFE7DF
:1051F0002785A4F82AA0A4F82C902846214600F080
:10520000C5FE0020BDE8F087104A1149114840F260
:10521000054313F05BF9002383F31188BFF36F8F0D
:105220000323184602DFE8E71A20BDE8F0870A4AA0
:105230004FF0FF33C4E90E23A4F840304FF6FF735C
:10524000C2E70C20DEE700BF140400208CFB020044
:1052500030F4020054F302000000FFFF08B502F032
:10526000CBFB28B1007AA0F10C00B0FA80F0400925
:1052700008BD00BF10B5044602F0BEFB10B1037AB2
:10528000092B00D010BD01462046BDE8104002F0B9
:10529000D5B900BF38B504460D4602F0ADFB10B1DC
:1052A000037A092B00D038BD80F8205001462046F3
:1052B000BDE8384002F0C6B908B502F09DFB28B140
:1052C000007AA0F10900B0FA80F0400908BD00BFE3
:1052D00038B505460C4600F08DFE10B14369A34277
:1052E0000ED0284602F088FB10B14369A34200D0DB
:1052F00038BD224601462846BDE8384002F020BDB0
:1053000001462246284600F07FFFEAE710B5044632
:1053100000F070FE18B10146204600F099FF2046CB
:1053200002F06AFB014620B12046BDE8104002F0C1
:105330001FBD10BD2DE9F041537F144605460E46B2
:10534000002B3FD0D37F1E2B29D9284600F052FED8
:105350000746284602F050FB0146002F5ED0FA7A3D
:10536000E37F002848D09342C07A51D03A7B002A8C
:105370005DD098424ED00A7B002A4BD1072B6DD0CE
:10538000112B04D14A7B94F820309A4242D0234614
:10539000324639462846BDE8F04100F0EBBE444AAB
:1053A00052F8232022B104F11C00904760B1E37F42
:1053B000022BCAD10123224631462846BDE8F041DE
:1053C00002F000BDFF23D377284600F013FE28B17A
:1053D000E27FC37A9A420DD0037B5BB9284602F084
:1053E0000BFB002850D0E27FC37A9A4202D0037BA5
:1053F000002BE0D0BDE8F0819342C8D03A7B002A70
:10540000C5D1072B4DD0112B4BD00D2BBFD0D1E7E1
:1054100098421CD11F2385F85031EBE70028C9D0F2
:10542000234632462846BDE8F04102F00FBC072B68
:105430002CD0112B18D0B3F10D0218BF01229842C5
:105440001FD00B7BEBB9002AA1D02423E3E70A7B12
:10545000002ADFD1072B95D0112B98D14B7B94F8E4
:1054600020209A42D6D092E77A7B94F82030D21A44
:1054700018BF0122112804D0087B10B9487B98423C
:10548000E1D1002ACCD1C5E7034694E77A7B94F8B2
:105490002030D21A18BF01220728EDD1002ABFD12F
:1054A000B8E77A7B94F820309A4283D16FE700BF47
:1054B000F0FB020070B505460E46FFF79FFB044661
:1054C000002862D0337A013B211D0B2B07D8DFE87F
:1054D00003F022282E3506060606063B0642324A0F
:1054E00032493348DD2312F0F1FF002383F31188A2
:1054F000BFF36F8F0323184602DFE37973732146EE
:105500002846FFF791FB337A0A2B2AD02846BDE8BC
:10551000704000F021BE084600F0B0FF1323F37284
:10552000EBE7284600F0DEFF0923F372E5E730469B
:1055300001F096F8FF237461F372DEE7084601F08C
:10554000B1F80C23F372D8E7304601F09BF8FF2343
:105550007461F372D1E7284601F056FA1523F3720D
:10556000CBE7EB8CB5F88C1140F2E24202FB03F37F
:1055700042F2107202FB013101392846B1FBF3F10E
:10558000BDE8704089B200F0EDBD074A09490848FE
:10559000A22312F09BFF84F31188BFF36F8F0323C4
:1055A000184602DF8EE700BF6CFC020030F40200F8
:1055B00054F3020074FA02002DE9F04107460C464C
:1055C000164602F01DFA28B10323A37200252846CF
:1055D000BDE8F08121463846FFF708FB0546002864
:1055E000F2D021463846FFF709FB804680B3237A84
:1055F000013B08F104010B2B07D8DFE803F0384624
:10560000064C060606060606063E264A2649274892
:1056100040F25E4312F05AFF002383F31188BFF378
:105620006F8F0323184602DF98F8073063734146F3
:105630003846FFF7F9FA384602F0EAF90423A37274
:10564000002EC4D0384602F0B1FB0023A372BEE79F
:10565000144A174915484FF4836312F037FF88F353
:105660001188BFF36F8F0323184602DFBFE7084698
:1056700000F00EFFFF23E372D6E7384601F0DCF9B5
:10568000FF23C4F81480E372CEE7384600F04EFFE3
:10569000FF23E372C8E7084601F004F8FF23E37232
:1056A000C2E700BF6CFC020030F4020054F30200B9
:1056B00074FA020038B50B7A013B0C4605460B2BF9
:1056C0000CD8DFE803F006060B290B0B0B0B0B1BAA
:1056D0000B24BDE838400122FFF76EBF174A184976
:1056E000184840F20E5312F0F1FE002383F31188A4
:1056F000BFF36F8F0323184602DF38BD02F056FB5D
:1057000094F820300022A27285F8503138BDBDE8EF
:1057100038400022FFF750BF90F8183143B90122FA
:10572000FFF74AFF0028E8D0012385F8183138BD7B
:1057300002F03CFB0023A37238BD00BF6CFC0200EA
:1057400030F4020054F302002DE9F0410C46897A4E
:1057500006461546042900F2F380DFE801F007232E
:105760000C1B0300012D4DD0BDE8F081002DFBD1B5
:105770000123A372F8E7002DF6D1237A0A2B74D106
:10578000304602F013FB94F820300022A27286F813
:105790005031E9E7002DE7D121463046BDE8F04120
:1057A000FFF788BF022DDFD1DA786272023A122A3F
:1057B0006AD801A151F822F0D1580100895801009E
:1057C0008958010089580100895801008958010051
:1057D000C958010089580100895801008958010001
:1057E000E3580100895801008958010089580100D7
:1057F0008958010089580100995701008958010012
:10580000A9580100237A0C2BAED1FDF7EDFF94F8D7
:105810002030042140EA03073046FFF71DFAA5694E
:105820000023FFB2A361002D7BD02B792D2B0ED04E
:105830004B4A4C494C4840F2814312F047FE00234A
:1058400083F31188BFF36F8F0323184602DF002F05
:105850004BD101232B7128682946FAF7A7FA304665
:1058600002F0A4FA0023A3727EE73D4A3F493E4876
:1058700040F2245312F02AFE85F31188BFF36F8F94
:105880000323184602DF7BE7354A3949364840F2A0
:105890000D4312F01BFE002383F31188BFF36F8FBB
:1058A0000323184602DF77E7194601F0F5F80421D3
:1058B0003046FFF7BDF93046FDF75EFF84F8200063
:1058C0002046FFF7D5F967E7194600F06FFE63E75A
:1058D0001946204600F0E2FE08213046FFF7A8F9FD
:1058E0005AE7194600F006FF56E703272F71B38CDD
:1058F000EB80237A0C2B05F11C080DD0184A1D49AA
:10590000194840F28A4312F0E1FD002383F3118825
:10591000BFF36F8F384602DF4146304601F0A4F8EE
:1059200099E70F4A1449104840F27E4312F0CEFD29
:1059300085F31188BFF36F8F0323184602DF74E7E6
:10594000074A0B49084840F28A5312F0BFFD002372
:1059500083F31188BFF36F8F0323184602DF03E739
:105960006CFC02001CFB020054F30200B4FC0200B9
:1059700030F40200D0FC0200D4FA02002DE9F0411C
:10598000D1F8188000260C4605468E61B8F1000F4C
:1059900049D00126032788F80470AB8CA8F806309C
:1059A000237A042B08F11C0129D00C2B23D0022BC5
:1059B00017D0284A284940F2AB13284812F086FD38
:1059C000002383F31188BFF36F8F384602DF0EB1D7
:1059D000BDE8F081D8F800004146BDE8F041FAF793
:1059E000E5B9637A072B1AD0092B10D0194A1A4946
:1059F0004FF48173E1E7284601F036F8E7E7637A70
:105A00000C2B08D0134A144940F20F13D5E728464F
:105A100000F0AEFDDBE7284600F056FED7E7204653
:105A200000F052FDD3E7FFF7FDF880460028B1D122
:105A3000084A0B4909484FF4C67312F047FD88F332
:105A40001188BFF36F8F0323184602DF88F80480A4
:105A5000FFDE00BF6CFC020030F4020054F30200D1
:105A6000D4FA020038B50B7A013B0C4605460B2BE5
:105A700015D8DFE803F006240E3214141414144170
:105A800014494B7A072B04D0132B02D0242385F81A
:105A90005031284600F02EFC0023A37238BD324A54
:105AA000324933484FF4137312F010FD002383F38F
:105AB0001188BFF36F8F0323184602DF38BD4B7A7E
:105AC000072B01D0092BE1D194F82030DB07E0D57A
:105AD00021462846FFF752FFDBE74B7A0C2BD5D146
:105AE0008B6993B321462846FFF748FF284600F00C
:105AF00001FC0023A37238BD00F0FCFB002216233A
:105B0000A27285F8503138BD4B7A152B16D0072B71
:105B1000BCD1D0F8303123F02003C0F8303100F090
:105B2000E9FB0023A3722846FFF798FB0028B5D1B4
:105B300028460421BDE83840FFF78EB8FDF79CFDEC
:105B400068B9284600F0D6FBEBE7FFF763F80028BA
:105B5000C8D1284600F000FB0423A37238BD2146BB
:105B60002846FFF70BFFECE76CFC020030F4020064
:105B700054F3020070B50E7A731E0C4605460B2BCB
:105B800007D8DFE803F0161D314506060606066154
:105B9000066F534A5349544840F2CF2312F096FC03
:105BA000002383F31188BFF36F8F0323184602DFAE
:105BB00070BD00F0C1FA00287FD00123A37270BD30
:105BC00000F0BAFA0028F8D121462846FFF70EF86F
:105BD0000028F2D021462846FFF76CFC6369002BB1
:105BE00008BF0326A67270BD00F0A6FA0028E4D113
:105BF00021462846FEF7FAFF0028DED02146284637
:105C0000FFF758FC6369002B18BF0226A67270BD0F
:105C100090F818319BBB00F08FFA0028CDD12146B7
:105C20002846FEF7E3FF0028C7D021462846FFF7A5
:105C300041FC6269002A4FF001030CBF03220222DB
:105C4000A27285F8183170BDFEF7D0FF0028B4D0DD
:105C500021462846FFF72EFC1622022384F8202036
:105C6000A37270BDD0F830319B0602D5FFF7F6FA6B
:105C700068B1284600F03EFB0023A37270BD0C22E1
:105C800000234A728B61BDE87040FFF7EBBE2846E7
:105C900000F052FA002890D121462846FEF7A6FFD0
:105CA00000288AD004212846FEF7C2FF2146284654
:105CB000FFF700FC0323A37270BD21462846FEF7C0
:105CC00095FF00283FF479AF21462846FFF7F2FB05
:105CD0006369002B0CBF03230223A37270BD00BFB6
:105CE0006CFC020030F4020054F3020070B50C4664
:105CF000897A06461546042900F2A380DFE801F000
:105D000003031B280600002D5CD070BD002DFCD1C4
:105D1000237A042B00F08780524A534953484FF4AA
:105D20005F7312F0D3FB85F31188BFF36F8F0323EA
:105D3000184602DF70BD052DE7D1237A032B01D071
:105D40000A2BE2D121463046BDE87040FFF78ABEFB
:105D5000012DDAD1DA786272023A172A37D801A116
:105D600051F822F01B5E0100CF5D0100CF5D010004
:105D7000CF5D0100CF5D0100115E0100CF5D01002C
:105D8000095E0100CF5D0100CF5D0100015E0100F1
:105D9000455D0100CF5D0100CF5D0100CF5D0100D9
:105DA000F75D0100CF5D0100455D0100CF5D0100A1
:105DB000EF5D0100CF5D0100CF5D0100CF5D01000F
:105DC000455D01002146BDE87040FFF7D3BE254A7E
:105DD0002549264840F24F3312F078FB002383F325
:105DE0001188BFF36F8F0323184602DFAAE7194615
:105DF00000F07AFEA6E71946204600F0F3FCA1E782
:105E0000194600F077FC9DE7194600F0FDFB99E785
:105E10001946204600F054FB94E7124A12491348F1
:105E200040F23633D8E7FEF7F5FE00283FF46DAFB9
:105E300021463046FFF7A2FD304600F05BFAA5721E
:105E400070BD084A0849094840F29A3312F03EFBF7
:105E5000002383F31188BFF36F8F0323184602DFFB
:105E600070BD00BF6CFC020030F4020054F302006D
:105E7000131D0522FFF73ABF02F11C030122FFF7B1
:105E800035BF00BF13460022FFF730BF02F11C03ED
:105E90000222FFF759BC00BF131D0122FFF754BCBB
:105EA00013460022FFF750BC70B5044606F078F99F
:105EB00068B1D4F8E85045B1D4F8EC202B68C4F8A8
:105EC000E830954208BFC4F8EC30284670BD05465E
:105ED0000121032006F002F92A460646012103208B
:105EE000F7F734FCD4F8E85045B1D4F8EC202B682F
:105EF000C4F8E830954208BFC4F8EC30002EE4D076
:105F0000012211460320F7F721FC284670BD00BF8F
:105F100070B5044606F044F940B1D4F8E850DDB15C
:105F200000220123A4F8F220AB7370BD05460121C5
:105F3000032006F0D3F82A46064601210320F7F78E
:105F400005FCD4F8E850002EE9D0012211460320C8
:105F5000F7F7FCFB002DE3D1094A0A490A484FF440
:105F6000F57312F0B3FA85F31188BFF36F8F032333
:105F7000184602DF00220123A4F8F220AB7370BDA3
:105F8000F8FC020040FD020054F30200F8B505469B
:105F90000C4606F005F940B100232360D5F8EC303B
:105FA000F3B11C60C5F8EC40F8BD064601210320A2
:105FB00006F094F83246074601210320F7F7C6FBA6
:105FC0002660D5F8EC3083B11C60C5F8EC40002F9A
:105FD000EAD00122BDE8F84011460320F7F7B6BB2E
:105FE000C5F8E840C5F8EC40F8BDC5F8E840C5F88C
:105FF000EC40ECE770B5054606F0D2F818B1D5F8DC
:10600000E840204670BD04460121032006F066F8F2
:106010002246064601210320F7F798FBD5F8E84011
:10602000002EEED0012211460320F7F78FFB204609
:1060300070BD00BF38B50C460546FFF7DBFF844254
:106040000DD0184A18491948522312F03FFA00237C
:1060500083F31188BFF36F8F0323184602DFA36910
:1060600013B11B792D2B07D02846FFF71DFF2046C3
:10607000BDE83840FEF796BD0A4A0D490B48572344
:1060800012F024FA002383F31188BFF36F8F0323E8
:10609000184602DF2846FFF707FF2046BDE83840D4
:1060A000FEF780BDF8FC020054FD020054F302002C
:1060B00068FD020038B50546FFF79CFF037A013BF7
:1060C00004460B2B1BD8DFE803F0060606061A1A57
:1060D0002A1414061A06014600222846FFF7D2FEAB
:1060E000A37B03B938BD21462846BDE83840FFF7F9
:1060F000A1BF01460022284601F072FAF0E70B4AE0
:106100000B490C484FF4EF7312F0E0F9002383F3CE
:106110001188BFF36F8F0323184602DFE0E70146C3
:1061200000222846FEF7F6FBDAE700BFF8FC020083
:1061300030F4020054F3020090F8F400A0F10100E2
:10614000B0FA80F040097047012380F8F4307047BE
:10615000002380F8F4307047B0F80831A0F8F2302E
:10616000704700BFA0F8F210704700BF0023A0F8EE
:10617000F230704738B50C468969054610461A4614
:10618000F9B1217A01390B2923D8DFE801F006069D
:1061900006062222321D1D06220621462846FFF74A
:1061A0006BFEA36923B11B792D2B1CBF0023A361B8
:1061B000A37B03B938BD21462846BDE83840FFF728
:1061C00039BFA3612061DCE72146284601F0B4F91C
:1061D000E7E70A4A0A490B4840F2491312F076F9F8
:1061E000002383F31188BFF36F8F0323184602DF68
:1061F000D7E721462846FEF76DFBD2E7F8FC020000
:1062000030F4020054F3020038B50B7A033B0C461D
:106210000546092B09D8DFE803F0050808080D0832
:10622000080508052146FFF723FEA37B00226261D3
:1062300043B938BD2146FEF771FBA37B00226261A2
:10624000002BF6D021462846BDE83840FFF7F2BEC5
:1062500038B50B7A072B0C46054608D0A37B03B94B
:1062600038BD21462846BDE83840FFF7E3BEFEF7BB
:1062700059FBF3E70222002380F8F020A0F8F23067
:10628000704700BF38B590F8F0300446032B1AD899
:10629000DFE803F002100F10FFF7ACFE48B1057AFB
:1062A0002046FFF707FF0A2D14BF0123032384F8BC
:1062B000F03038BDFFF79EFE0028FAD02046BDE83A
:1062C0003840FFF7F7BE084A084909484FF41B73E6
:1062D00012F0FCF8002383F31188BFF36F8F0323C0
:1062E000184602DF38BD00BFF8FC020030F402009F
:1062F00054F3020010B590F8F0300446032B0DD88B
:10630000DFE803F008020702FFF702FE002384F82B
:10631000F03010BDBDE81040FFF7FABD074A08494C
:1063200008484FF41B7312F0D1F8002383F311884F
:10633000BFF36F8F0323184602DF10BDF8FC020085
:1063400030F4020054F3020008B590F8F030022B4C
:1063500013D000D808BD032BFCD00A4A0A490B48C9
:106360004FF41B7312F0B2F8002383F31188BFF3CC
:106370006F8F0323184602DF08BD002380F8F0303A
:1063800008BD00BFF8FC020030F4020054F3020024
:1063900038B590F8F0300446032B3AD8DFE803F024
:1063A0000926121320462946FEF7ACFC2846FEF7C4
:1063B000F9FB2046FFF778FD05460028F2D10223BD
:1063C00084F8F03038BDFFF76FFD05460028F6D0A1
:1063D00029462046FEF796FC2846FEF7E3FB2046BA
:1063E000FFF762FD05460028F2D1E8E7FFF75CFD04
:1063F00005460028E3D029462046FEF783FC2846C0
:10640000FEF7D0FB2046FFF74FFD05460028F2D1EE
:10641000D5E7084A084909484FF41B7312F056F8AB
:10642000002383F31188BFF36F8F0323184602DF25
:1064300038BD00BFF8FC020030F4020054F3020043
:1064400038B50546FFF730FD68B1044621462846B9
:10645000FEF758FC2046FEF7A5FB2846FFF724FD73
:1064600004460028F2D10024A5F8F240214628462F
:1064700001F0B4FA85F8F04038BD00BF037801217F
:10648000122243F0030303704170C270704700BFD3
:1064900003780121132243F0030303704170C2709B
:1064A000704700BF0B784FF0020C43F00303072244
:1064B0000B7081F801C0CA7090F84C300B717047B6
:1064C0000B7980F84C3070470B784FF0020C43F09A
:1064D000030307220B7081F801C0CA7090F84C309A
:1064E0000B71704710B50B780C460922082143F058
:1064F0000303E1706270237090F93730002BACBF5A
:106500000B460E23E370F8F747FD002261F3070204
:10651000C1F3072C0B0C6CF30F2263F317421B0A19
:1065200063F31F626060A26010BD00BF38B50C4607
:106530000546F8F731FD237843F003032370092360
:106540006370E370D5F83031217263F0FF031840B7
:10655000020C0B0CC0F307252071C1F30721100AB0
:10656000A2711A0AE07165716172A372E27238BD9C
:106570000B78092243F003030B704A70CA70D0E90C
:106580004A23100CC2F3072C0A711A0C81F805C0BB
:1065900088714FEA102C0B72C3F30720130A81F89D
:1065A00007C048728A72CB72704700BF2DE9F04174
:1065B0004B68144F8E685A0F82EA137202F0010280
:1065C0001F400021931849419B18054641F10008DE
:1065D00087EA0374F8F7E0FC04EA0003C5F83031F9
:1065E00063F0FF0306F0EF063B4046EA0878C5E992
:1065F0004A3608EA01010122C5F8341185F8202144
:10660000BDE8F0812FCF87F72DE9F0414A68134F9D
:106610008E68530F83EA127303F00103D91807EA57
:1066200002074FF000025241C918054642F100042A
:1066300087EA0178F8F7B0FC06F0EF0646EA047442
:10664000C5E94A7608EA00000C400123C5F830018C
:10665000C5F8344185F82031BDE8F0812FCF87F7A8
:106660000B784FF0030C43F0030319220B7081F8F1
:1066700001C0CA7090F820300B7190F821304B7136
:10668000704700BF0B78022243F003030B704A707F
:10669000CA7090F820300B71704700BF0B7980F8FA
:1066A000203070470378074AC0F805204FF0060CE9
:1066B00043F0030340F60C51037080F801C0A0F8CA
:1066C00003107047F105FFFF0B784FF0060C43F005
:1066D00003030C220B7081F801C0CA7090F81A31C4
:1066E0000B71B0F81B31A1F80530B0F81D31A1F8DD
:1066F00007307047012380F819310B7980F81A317F
:10670000B1F80530A0F81B31B1F80730A0F81D3101
:10671000704700BF0B78032243F003034FF0170CC0
:106720000B7081F801C0CA70D0F82130D0F8252054
:106730008A604B6090F829300B7390F82A304B73C5
:10674000704700BF10B503780D21042243F0030306
:1067500041700370C270841805F022FD0C2120B135
:106760002046BDE8104003F0DFB92046BDE81040E8
:1067700003F0BAB903780121052243F00303037043
:106780004170C270704700BF03780121062243F0B8
:10679000030303704170C270704700BF037801218A
:1067A0000B2243F0030303704170C270704700BFB7
:1067B000037801714FF0020C43F003030D220370C4
:1067C00080F801C0C27070470378017143F0030381
:1067D0004FF0030C0370112380F801C0C3704271A5
:1067E000704700BF0B7980F84D304B7980F84E3000
:1067F000704700BF0B784FF0030C43F003031622E1
:106800000B7081F801C0CA7090F82030C3F3C20346
:106810004B7190F82030C3F302030B71704700BF37
:106820000A7990F8203062F3C50380F820304A7965
:1068300062F3020380F82030704700BF0B784FF0FE
:10684000030C43F0030317220B7081F801C0CA70D8
:1068500090F89431C3F3C2034B7190F89431C3F3B1
:1068600002030B71704700BFCB8843850B7980F81A
:106870002C304B7980F82D30704700BF0B784FF0EB
:10688000180C43F003030F220B7081F801C0CA708B
:10689000C38C8B80038DCB80438D0B81838D4B818B
:1068A00090F834300B73C38EA1F80D30038FA1F82C
:1068B0000F30438FA1F81130838FA1F81330C38FAD
:1068C000A1F81530B0F84030A1F81730B0F84230D8
:1068D000A1F81930704700BF0B784FF0180C43F047
:1068E000030310220B7081F801C0CA70C38C8B8027
:1068F000038DCB80438D0B81838D4B8190F8343099
:106900000B73C38EA1F80D30038FA1F80F30438FA6
:10691000A1F81130838FA1F81330C38FA1F815307F
:10692000B0F84030A1F81730B0F84230A1F8193073
:10693000704700BF8B88C384CB8803850B89438550
:106940004B8983850B7B80F83430B1F80D30C386DA
:10695000B1F80F300387B1F811304387B1F8133025
:106960008387B1F81530C387B1F81730A0F84030ED
:10697000B1F81930A0F84230704700BF0B78002200
:1069800043F003034FF00C0CCA700B7081F801C088
:1069900090F823300B71036B094AA2FB03239B0A77
:1069A000A1F80530438DA1F80930038DA1F8073017
:1069B000838DA1F80B30838CA1F80D30704700BF98
:1069C0005917B7D10B7980F82330B1F8053040F270
:1069D000E24202FB03F30363B1F809304385B1F8E7
:1069E00007300385B1F80B308385B1F80D3083840F
:1069F000704700BFB1F8093003844B68C0F82230FB
:106A00000B7A80F8263070470B784FF0090C43F072
:106A1000030314220B7081F801C0CA70B0F85A3019
:106A20008B80B0F858300B81B0F85E30CB80B0F876
:106A30005C304B81704700BF0B784FF0090C43F07E
:106A4000030315220B7081F801C0CA70B0F85A30E8
:106A50008B80B0F858300B81B0F85E30CB80B0F846
:106A60005C304B81704700BF0B784FF0090C43F04E
:106A7000030315220B7081F801C0CA70B0F86A30A8
:106A80008B80B0F868300B81B0F86E30CB80B0F8F6
:106A90006C304B81704700BF8B88A3F11B02E02A4A
:106AA00021D8B1F808C0ACF11B02E02A1BD830B5E0
:106AB000CD88A5F5A47244F2481E92B2724511D851
:106AC0004A8900210C4662F30F04A2F5A4726CF30C
:106AD0000F0192B263F31F4165F31F44724598BFE3
:106AE000C0E9181430BD70478B88A3F11B02E02A5F
:106AF00021D8B1F808C0ACF11B02E02A1BD830B590
:106B0000CD88A5F5A47244F2481E92B2724511D800
:106B10004A8900210C4662F30F04A2F5A4726CF3BB
:106B20000F0192B263F31F4165F31F44724598BF92
:106B3000C0E9181430BD704770B58C6900230D464C
:106B400006468B6104B3192322792371B38CE38049
:106B500095F82030237743B92B8DE3836B8D238405
:106B6000AB8D63842D2A09D070BDF38CE383338D04
:106B70002384B6F88C3163842D2AF5D12068214610
:106B8000BDE87040F9F712B9074A0849084840F2D1
:106B9000071311F09BFC84F31188BFF36F8F03235D
:106BA000184602DFCFE700BFC0FD0200D4FA0200A2
:106BB00054F30200F8B58C6900230D4606468B613C
:106BC00094B1032327792371B38CE38004F11C0172
:106BD0002846FFF753FE2D2F00D0F8BD2068214630
:106BE000BDE8F840F9F7E2B8074A084908484FF409
:106BF000597311F06BFC84F31188BFF36F8F03237B
:106C0000184602DFDDE700BFC0FD0200D4FA020033
:106C100054F3020030B5C38C0A8D4C8D8D8D934298
:106C200085B002D1038DA34214D0012381F8223014
:106C300002950B6BCDE900240C7A91F82320898C06
:106C40000391A4F10801B1FA81F14909EAF7E8FAE0
:106C500005B030BDB0F88C315B1B18BF0123E5E7F0
:106C6000F8B5CD6900230C4607461646CB61002DCA
:106C70003FD0291D112E0AD8DFE806F02E09090998
:106C80000909092A09090909090909093222234AB6
:106C9000234924484FF4527311F018FC002383F366
:106CA0001188BFF36F8F0323184602DFEB796373FC
:106CB00029463846FDF7B8FF237A092B14D0F8BDD2
:106CC000084694F8202094F82110FFF77DFDEDE7A9
:106CD0002046FFF7E7FBE9E72046FFF74FFEE5E731
:106CE0002046FFF7F9FDE1E73846BDE8F84000F03F
:106CF0008FBEFDF783FF05460028BAD1074A0A492F
:106D0000084840F22E3311F0E1FB85F31188BFF300
:106D10006F8F0323184602DFABE700BFC0FD020000
:106D200030F4020054F3020074FA020038B58B69A3
:106D30000C46054673B11F4A1F49204840F286336E
:106D400011F0C4FB002383F31188BFF36F8F03237B
:106D5000184602DFFDF766FF2D23A061037194F84A
:106D600034200121002384F823102363218D4AB1AC
:106D7000B1FBF2F313FB02F3E28C9BB29A429CBF8D
:106D800023851946238F8B4204D840F2E24202FB4E
:106D900003F323632846FCF73FFC2B8D063318448E
:106DA000A084002221462846FFF75AFF4FF60B73B6
:106DB000638138BDC0FD02000CFE020054F30200E6
:106DC0002DE9F0413A4E336804460D462BB183421B
:106DD00003D00123AB72BDE8F0812046FFF7ACF988
:106DE0000028F6D1204600F001FE07460028F0D129
:106DF00029462046FDF7FAFE0028EAD02046FCF797
:106E00000BFC01218046204600F0E8FDA5F8368005
:106E1000D5F81C8085F834703460EF61B8F1000F4C
:106E200029D008F104012846FFF728FD98F807301B
:106E30006B7341462046FDF7F7FE2B7A092B16D0DF
:106E400094F83730DB0902D004236B81C3E7194A79
:106E500019491A4840F29B1311F038FB002383F3C1
:106E60001188BFF36F8F0323184602DFB3E7204674
:106E7000FFF772F9E4E729462046FDF7BFFE80469A
:106E80000028CED10B4A0E490C4840F22F1311F0C6
:106E90001DFB88F31188BFF36F8F0323184602DFB1
:106EA00004212846FFF7EAFC98F80730FFDE00BF10
:106EB00014440020C0FD020030F4020054F302002C
:106EC00074FA020038B505460C4600F099FD10B181
:106ED0000923A37238BD21462846FDF787FE002806
:106EE000F6D021462846FDF789FEE061FDF792FEC7
:106EF00010B90C23A37238BD21462846BDE838409E
:106F0000FFF714BF70B50C460546FCF785FBA38C54
:106F1000C31A1B0400D570BD21462846FFF77AFE30
:106F2000237A092B15D094F82260E6B92046FDF7A4
:106F3000C3FEA661284600F039FF237A092B05D14C
:106F40000D4B1A68954204BF00221A600023A372F9
:106F500070BD284600F062FD237A092BE3D194F836
:106F60002030002BDFD0002384F820302146284633
:106F7000FFF7E2FDDEE700BF1444002070B50646CF
:106F80000C4600F03DFD10B10623A37270BD05460E
:106F900021463046FDF72AFE0028F5D01122214671
:106FA0003046FFF75DFE304600F000FF237A092BE4
:106FB00004D1044B1A68964208BF1D600023A372D7
:106FC00070BD00BF1444002070B5204A1368064607
:106FD0000C468BB183420FD002238B7200F010FD60
:106FE000054620B921463046FDF700FE08BB204685
:106FF000BDE87040FDF73CBE218DF38C16609942D0
:10700000628DA08D06D021463046FFF7D3FD0423C4
:10701000A37270BD338D9342F5D1B6F88C318342A3
:10702000F1D12046FDF748FE00220523A261A3729C
:1070300070BD4FF47263214623843046FFF79EFFF4
:107040002046FDF739FEA56170BD00BF1444002045
:1070500070B50C46897A064615460C2900F2A980BF
:10706000DFE801F00B17464E586273A77A848B9FB6
:107070000700002D00F0AD8070BD002DFCD1237AFB
:10708000082B00F0C980092B40F0B7800123A372C0
:1070900070BD012DF0D119462046FFF74BFCE38C63
:1070A000228DA08D618D94F83450052B17D9B2F53F
:1070B000486F14D8934212D8B1F5FA7F0FD2A0F1DD
:1070C0000A039BB240F6764C634508D84B1C9BB232
:1070D00002FB03F3B3EB800F01D2AA420AD240F6BF
:1070E0001E73238421463046BDE87040FFF746BF3B
:1070F000012DC1D821463046BDE87040FFF764BF7E
:10710000002DB9D1FDF786FD002840F0C78003238C
:10711000A37270BD032D67D0042DADD10F220623BD
:1071200084F82120A37270BD002DA5D190F93730CD
:10713000002B5CDA94F8203083B10F2384F82130DF
:107140002146BDE87040FFF719BF002D94D12146BC
:10715000BDE87040FFF712BF002D8DD1304600F022
:107160004FFC00285BD00823A37270BD002D83D193
:107170002146BDE87040FFF7A5BE022D7FF47CAF2D
:1071800090F83720C2F3C011D20956D184F84C10C0
:1071900000F036FC0546002800F089800D23A3721C
:1071A00070BD002D7FF468AF2146BDE87040FFF749
:1071B000A9BE504A5049514840F2515311F086F946
:1071C000002383F31188BFF36F8F0323184602DF78
:1071D00070BDFDF71FFD00283FF44EAF214630463D
:1071E000BDE87040FFF7A2BD0523A37270BDA56185
:1071F0002146BDE87040FFF765BE3E4A3E493F4824
:1072000040F2F23311F062F985F31188BFF36F8F0A
:107210000323184602DF70BD0A23A37270BD214606
:107220003046FDF7E3FC00289DD010222146304671
:10723000FFF716FD0A23638170BD19462046FFF74C
:10724000C1FB218D628DA58D8B1F9BB240F67A40CC
:1072500083422AD8B2F5FA7F27D2A5F10A039BB25E
:1072600040F67640834220D8531C9BB201FB03F3C7
:10727000B3EB850F19D23046A58CFCF7CDF92B1A4C
:107280009BB247F6FE72934229D9282386F85031E3
:10729000304600F08BFD0023A37270BD21463046BE
:1072A000FFF788FC0423A37270BD1E23EEE721467E
:1072B0003046FDF79BFC00283FF470AF07222146C3
:1072C0003046FFF7CDFC304600F070FD237A092BE5
:1072D000E1D10B4B1A689642DDD11D60DBE72046F9
:1072E000FDF7C6FC0B23A37221463046BDE8704073
:1072F000FFF708BEC0FD020030F4020054F30200A4
:1073000014440020F8B50C46897A0646154606292D
:1073100008D8DFE801F0172B070733640400002DBD
:1073200065D0F8BD7F4A804980484FF43E7311F024
:10733000CDF8002383F31188BFF36F8F0323184622
:1073400002DFF8BD002DECD1237A092B10D0754A4D
:10735000754976484FF4F57311F0B8F885F3118844
:10736000BFF36F8F0323184602DFF8BD002DD8D17D
:1073700021463046BDE8F840FFF722BD032D00F05E
:107380008D80042D00F09280022DCAD1194620462E
:10739000FFF718FB228D608DB4F82CC0931F9BB2B1
:1073A00040F67A418B4244D8B0F5FA7F41D2ACF135
:1073B0000A039BB240F676418B423AD8431C9BB2FB
:1073C00002FB03F3B3EB8C0F33D22946304600F0B7
:1073D00005FB2046FDF74CFC0623A372F8BD002DEB
:1073E0009FD1FEF7A9FE60B30523A372F8BDFCF799
:1073F00013F9A38CC01A030493D42946304600F035
:10740000EDFA21463046FFF705FC237A092B58D0C8
:1074100094F82250002D5ED12046FDF74DFCA56169
:107420003046FEF767FF237A092B2CD00023A37286
:10743000F8BD0021304600F0D1FA1E2386F8503105
:10744000EEE721463046FDF7D1FB0028CCD0294697
:10745000304600F0C3FAE769E561002F43D094F8A5
:10746000202094F82110381DFFF7AEF9FB796373E3
:1074700039463046FDF7D8FB237A092BD0D1304668
:10748000FEF76AFECCE796F93730002B25DB284B58
:107490001A689642CAD100221A60C7E75B7984F85D
:1074A000203021463046FFF747FBB9E7D0F83031AE
:1074B0001A2223F00203C0F83031214684F820203C
:1074C000F0E73046FEF752FE237A092BA0D194F85C
:1074D0002030002B9CD00023E1E73046FDF7ECFE86
:1074E0000028D4D0A2E721463046FDF787FB0746A7
:1074F0000028B4D10B4A0F490C4840F22F1310F06A
:10750000E5FF85F31188BFF36F8F0323184602DF71
:10751000042094F8202094F82110FFF755F9EB7916
:10752000FFDE00BFC0FD020030F4020054F3020091
:107530001444002074FA020010B592F81FC082B003
:10754000044602F11C03BCF1110F0AD8DFE80CF06D
:107550002C0909090909092509090909090909095C
:107560001E17242380F850310191FEF7C3FE0199C4
:107570000B7A092B1FD000238B7202B010BD03229F
:10758000204602B0BDE81040FFF7BCBE01222046F5
:1075900002B0BDE81040FFF7B5BE0422204602B09D
:1075A000BDE81040FFF7AEBE0222204602B0BDE8A3
:1075B0001040FFF7A7BE94F93730002B06DB074BCE
:1075C0001A689442D7D100221A60D4E7204601916C
:1075D000FDF772FE01990028F1D0CCE71444002099
:1075E00013460022FFF78EBE70B5D57F02F11C0353
:1075F00035B10F2D09D1BDE870400122FFF728BD3C
:10760000BDE870400222FFF723BD24230E4680F818
:107610005031044600F0CAFB337A092B05D1044BE4
:107620001A68944204BF00221A600023B37270BD2E
:107630001444002013460022FFF70ABD0023032252
:10764000FFF706BD00230422FFF702BD70B5D37F0C
:10765000012B05460C4607D0242380F8503100F05A
:10766000A5FB0023A37270BD8B7A012B12D013F0FF
:10767000FD0FF8D0154A1649164840F2271310F0AE
:1076800025FF002383F31188BFF36F8F0323184670
:1076900002DF70BD02F11C012046FFF7ABF928465E
:1076A000268CFBF7B9FF361AB6B247F6FE739E4238
:1076B00002D80223A37270BD282385F850312846D2
:1076C00000F074FB0023A37270BD00BF2CFE02000B
:1076D00030F4020054F3020038B58B7A012B12D03B
:1076E000022B0C4610D00BB3124A1349134840F238
:1076F000271310F0EBFE002383F31188BFF36F8F85
:107700000323184602DF38BD0546FBF785FF238CAF
:10771000C01A0304F7D404F122012846FBF78AFFBC
:10772000284600F043FB0023A37238BD01238B726F
:1077300038BD00BF2CFE020030F4020054F30200FA
:1077400038B5D0F8F8308B4204460D4623D01C4A99
:107750001C491D48782310F0B9FE002383F31188DB
:10776000BFF36F8F0323184602DFAB6913B11B7998
:107770002D2B15D0D4F8F83043B1D4F8FC101A688A
:10778000C4F8F820994208BFC4F8FC202846BDE898
:107790003840FDF707BA8B69002BE8D10B46ECE7C0
:1077A000074A0A4908487D2310F090FE002383F31E
:1077B0001188BFF36F8F0323184602DFDAE700BF9B
:1077C00074FE020054FD020054F3020068FD020042
:1077D00038B5D0F8F8502B7A013B04460B2B28D84B
:1077E000DFE803F00606060618181D131306220626
:1077F00000222946FEF754FBAB7B2BB129462046DD
:10780000BDE83840FFF79CBF38BD00222946FFF78E
:1078100011FFF1E700222946FCF72EFBECE70022DE
:107820002946FDF7A1F8E7E700222946FFF754FFB4
:10783000E2E7084A084909484FF4E77310F046FEAA
:10784000002383F31188BFF36F8F0323184602DFF1
:10785000D2E700BF74FE020030F4020054F30200CD
:1078600070B5D0F8F85004461DB394F80431012BDC
:1078700003D1022384F8003170BD29462046FDF76C
:10788000B5F90028F5D029462046FDF7B7F9064698
:10789000F0B1311D2846FEF705FEF3796B733146D2
:1078A0002046FDF7C1F90123AB73002384F80031B2
:1078B00070BD0F4A0F49104840F2162310F006FE23
:1078C00085F31188BFF36F8F0323184602DFCCE7DF
:1078D000074A0A4908484FF4EF7310F0F7FD86F3A2
:1078E0001188BFF36F8F0323184602DFD1E700BF73
:1078F00074FE020040FD020054F3020074FA02001C
:1079000070B5D0F8F8500446ADB394F80431012BAB
:1079100003D1012384F8003170BD29462046FDF7CC
:1079200065F90028F5D029462046FDF767F9064697
:1079300000283CD02046FEF75DFB2A7A037A93426A
:1079400006F1040026D0082B26D02A2194F82031F5
:107950001BB1D4F830315B0723D4FEF729FFF3794C
:107960006B7331462046FDF75FF90123AB730023AB
:1079700084F8003170BD154A1549164840F20623B7
:1079800010F0A4FD85F31188BFF36F8F0323184611
:1079900002DFBAE72321D9E7092A14BF2A212321CC
:1079A000D4E70A4694F80711FEF70EFFD7E7074A17
:1079B000094908484FF4EF7310F088FD86F31188E9
:1079C000BFF36F8F0323184602DFB3E774FE020094
:1079D00040FD020054F3020074FA020080F8061120
:1079E000704700BF704700BF0020704790F8050146
:1079F000003818BF01207047D0F8F800704700BF6A
:107A000090F80401A0F10100B0FA80F0400970473D
:107A1000B0F80831A0F80231704700BF0023A0F889
:107A20000231704738B5D0F8F840A4B10546D5F812
:107A3000FC202368C5F8F8309442214608BFC5F8F9
:107A4000FC302846FDF75EF92046FDF7ABF8D5F887
:107A5000F840002CEBD138BD022938B5054612D0CC
:107A600004290C460AD0012900D038BDD0F8F830DE
:107A7000002BFAD0BDE83840FFF7AABEFFF7D2FFCF
:107A800085F8004138BDD0F8F840002380F8053172
:107A90003CB100230122A5F80231A27385F8003120
:107AA00038BD074A0749084840F2292310F00EFD67
:107AB00084F31188BFF36F8F0323184602DFE8E7D2
:107AC00074FE020040FD020054F30200F8B590F885
:107AD000003104460E461546052B00F29F80DFE874
:107AE00003F00E1607030B03BDE8F840FFF7B4BF21
:107AF000BDE8F840FFF7B4BE03290CD0F8BD71B162
:107B00000429FBD1FFF78EFF84F80061F8BDBDE8C2
:107B1000F840FFF7F5BE002380F80031F8BDD0F83B
:107B2000F870002FEAD03B7A90F806C190F837E061
:107B3000112B11D8414A012101FA03F0024052B33E
:107B40000A2B21D0C3B184F805612046FFF740FE1F
:107B5000032384F80031F8BD394A3A493A486B2387
:107B600010F0B4FC002383F31188BFF36F8F03235D
:107B7000184602DF3B7AE3E7EB7F87F84C3020467C
:107B8000BDE8F840FFF76CBE2046FFF721FE052355
:107B900084F80031F8BD10F4386FDDD00A2BF3D033
:107BA000002BE9D0BCF1000F01D10E46CBE71EF04F
:107BB000800F12D1BCF1010F22D0BCF1020F9DD178
:107BC0002046FEF717FA3B7A027A9A4222D0082A18
:107BD0001ED02A2384F85031F8BDBCF1010FECD13E
:107BE0002046FEF707FA08B1FF22C272012384F88B
:107BF00005312046FFF7ECFD032384F80031F8BD82
:107C0000EB7F84F807312046BDE8F840FFF778BEE7
:107C1000092BDED1232384F85031F8BD084A0949E5
:107C200009484FF4437310F051FC002383F311888B
:107C3000BFF36F8F0323184602DFF8BD7FF4030004
:107C400074FE020030F4020054F3020038B50C4612
:107C50008969054610461A46237AF1B10C2B57D88C
:107C6000DFE803F00D070707073C3C484242074E98
:107C7000070021462846FEF709F9A16921B10B79D1
:107C80002D2B1CBF0023A361A37B2BB121462846CB
:107C9000BDE83840FFF754BD38BDA26120610C2B10
:107CA00036D801A151F823F00D7D0100737C01004D
:107CB000737C0100737C0100737C0100DD7C01009A
:107CC000DD7C0100F57C0100E97C0100E97C01001C
:107CD000737C0100017D0100737C01002146284670
:107CE000FCF79AF8A169C9E721462846FFF77CFC12
:107CF000A169C3E721462846FCF718FEA169BDE744
:107D000021462846FFF7A2FCA169B7E71146B5E76F
:107D1000084A094909484FF4A17310F0D7FB002322
:107D200083F31188BFF36F8F0323184602DFA16925
:107D3000A4E700BF74FE020030F4020054F3020016
:107D400038B50B7A072B0C4605460ED00C2B01D10B
:107D5000FEF7A2F8A37B002262612BB121462846E0
:107D6000BDE83840FFF7ECBC38BDFCF701FEF1E799
:107D700038B50B7A072B0C46054608D0A37B2BB1F0
:107D800021462846BDE83840FFF7DABC38BDFCF78D
:107D9000F3FDF3E70422002380F80021A0F802316C
:107DA000704700BF00220121FFF790BE0022022190
:107DB000FFF78CBE00220321FFF788BE00220421BA
:107DC000FFF784BEF0B5044683B00E4615467BB17E
:107DD000D37F1B2B31D8DFF898C090F837100CEB0D
:107DE0004307C9097F781AB201238B403B402BD14E
:107DF0001846FCF7B3FF0746E8B100230360D4F848
:107E0000FC30E3B11860C4F8FC002A46002120468B
:107E1000FFF75CFEBB7B1BB139462046FFF790FCA9
:107E2000D4F8F81039B12B463246204603B0BDE8ED
:107E3000F040FFF70BBF03B0F0BD0023D8E7C4F854
:107E4000F800C4F8FC00E0E71CF812300A2BCFD190
:107E50000193FFF7E7FD0022A4F8022184F8052131
:107E600084F800212046FEF7EBFA019BC0E700BF33
:107E7000BCFE020010B50446FFF7D4FD0023A4F8B1
:107E8000023184F8053184F8003110BD10B50C467C
:107E900030B994F874316FF3000384F8743110BD75
:107EA0000A4A0B490B484FF42A7310F00FFB0023CA
:107EB00083F31188BFF36F8F0323184602DF94F812
:107EC00074316FF3000384F8743110BDF4FE0200C6
:107ED0003CFF020054F3020000B9704708B5084A9D
:107EE000084909484FF4287310F0F0FA002383F38F
:107EF0001188BFF36F8F0323184602DF08BD00BF50
:107F0000F4FE02002CF9020054F30200012800D014
:107F1000704710B50C46F8F70DF884420ED0084AA9
:107F2000084909484FF4267310F0D0FA002383F370
:107F30001188BFF36F8F0323184602DF10BD00BF07
:107F4000F4FE020050FF020054F302002DE9F84352
:107F5000099C9DF820900546A08C4FF6FF71884241
:107F600025D02946204690461F46FBF7CBF8F0B9AE
:107F700026780136F6B226705EB31D491D4B0F817F
:107F800004F110000022C860C1E9005881F80A908D
:107F9000996001201146F5F70DFC50B9FF20FBF761
:107FA000E5F82046FF21BDE8F843FBF7B1B9BDE88D
:107FB000F883114A1149124840F2522310F086FA10
:107FC000002383F31188BFF36F8F0323184602DF6A
:107FD000E4E7094A0B490A4840F2452310F076FAD3
:107FE00086F31188BFF36F8F0323184602DFC4E7BF
:107FF0000047002024040020F4FE02000CF40200DC
:1080000054F3020024F80200C38D43B110B590F878
:10801000743113F0010488B002D008B010BD70476D
:10802000124A43F0010380F8743103310123CDE992
:108030000442CDE902430690CAB2CDE9004423468A
:1080400003212046F6F704FF10F0FD0FE5D0084AA3
:108050000849094840F20B2310F038FA84F31188DC
:10806000BFF36F8F0323184602DFD6E78D7E010032
:10807000F4FE020098F9020054F3020038B50C46F1
:108080001546FAF715FD48B11CB1BDE83840FDF7BB
:1080900051B82946BDE83840FDF726B8022038BD62
:1080A00038B50C461546FAF703FD58B190F937304C
:1080B000002B05DA2A462146BDE83840FCF748BFC8
:1080C0000C2038BD022038BD054B064A10B41F20D5
:1080D0004FF0FF3425211C601871117010BC7047DF
:1080E000104700209161002030B5044600789DF8CB
:1080F0000C5002FB01111F4A014482FB01020A4499
:10810000521102EBC20002EB80028A1AD0B2C108FF
:108110002070595C02F0070241FA02F212F00102EB
:108120001FD1B0FBF5F405FB1404E4B25D1E10464C
:10813000043300F1080E15F8011F5FFA8EFE0246A7
:1081400011F0010F02F1010C4FEA510102D04CB1C4
:10815000013CE4B25FFA8CF27245F1D110469D42C7
:10816000E7D130BDC11D891AC9B207291046F6D81A
:1081700030BD00BFA7C867DD428800885040704707
:10818000F0B5344D344C48404FF0030C060A5FFA0A
:1081900080FE0EEB8E2E06EB862004EA401705EAE1
:1081A000400605EA4E0004EA4E1E3E4340EA0E0039
:1081B00000EB002706EB062E06EB0E2600EB072051
:1081C000360CC0F3074040EA062000EB00100CF12B
:1081D000FF3C08441CF0FF0C80B2D7D141401F483F
:1081E000A0FB01400C1A00EB5400400900EBC00456
:1081F00000EB8400081AC0F3C40400F00705145D06
:108200002C41E407C0B21CD401FB03F3561EC3F398
:1082100007430432604600F1080516F801CFEDB2BD
:1082200001461CF0010F01F101044FEA5C0C02D081
:1082300043B1013BDBB2E1B2A942F2D1084696421A
:10824000E9D1F0BD0730401AC0B207280846F6D879
:10825000F0BD00BF10210200408408004D91CFBA4C
:108260001A491B482DE9F0410023451EA1F1020CDB
:10827000012606E00133082B01F1060100F1280078
:1082800022D003EB830215F83220D407F2D59CF8F4
:1082900000409CF801E0D0F80080C2F3801206FA9A
:1082A00003F79A4001333C434EEA020287888F80ED
:1082B000082B8CF800408CF8012001F1060141F8F0
:1082C000068C00F12800DCD1BDE8F0811E470020BB
:1082D00009480020084C0949094808B5224640F2DF
:1082E000B32310F0F3F8074810F0F0F840F2B32190
:1082F000204610F0E2F800BF80FF0200B4FF020049
:1083000054F302000C0003002048214A2DE9F047F5
:10831000204FDFF884800023951EA0F1020C012677
:1083200015F83310C90706FA03F926D53C7812F878
:10833000011C4CB1072901EB810405D818F8341051
:108340004C0701D5C90618D515F833109CF801E083
:108350009CF80040D2F800A0C1F3400199404EEAD9
:10836000010144EA0904B2F804E08CF800408CF8FA
:108370000110A0F804E0C0F800A00133082B00F1C0
:10838000060002F10802CBD1BDE8F0878A4900203F
:108390004A490020936100200848002008207047C7
:1083A00038B50020FAF728F8C8B90E4C0E4D621EF9
:1083B00014F83030072B03EB830105D815F8313062
:1083C0006FF3451305F8313012F830306FF30003C6
:1083D00002F8303001300828EAD1002038BD0C20E6
:1083E00038BD00BF49490020084800202DE9F04F62
:1083F000804683B00020F9F7FFFF002875D198F878
:108400000030FF2B054663D03D4E08F101094FF0C7
:10841000FF0A0446B71E03F0010B06E059455AD087
:108420000134082C06F108060FD017F83420C2F3E7
:108430004001D207F2D4BAF1FF0F08BF5FFA84FA05
:108440000134082C06F10806EFD1BAF1070F52D813
:1084500017F83A2063F3410207F83A20022314FB8D
:108460000A34D8F801303B513C44B9F80430A380B9
:1084700098F800B0234C0BF0010B661E04E00135A8
:10848000082D04F1280434D005EB85034FEAC30816
:1084900016F83330C3F38012DB07F0D55A45EED11E
:1084A00020460622494616F016F90028E7D116F8AC
:1084B000083043F0200306F80830EDB217F83A30E0
:1084C00007EBCA0243F0010307F83A305570002069
:1084D00003B0BDE8F08F304606224946019316F0FE
:1084E000FAF8019B00289BD1F1E70C2003B0BDE80E
:1084F000F08FFF25E2E7072003B0BDE8F08F00BF53
:108500004A490020094800202DE9F0410646002094
:10851000F9F772FFC8BB96F80080B8F1FF0F044668
:108520002ED01B4D0136AF1E08F0010804E00134C7
:10853000082C05F1080525D017F83430C3F34002A4
:10854000DB07F4D54245F2D106222846314616F023
:10855000C2F80028EBD107EBC4035B78072B08D8DF
:108560000C4A03EB830312F8331060F3451102F851
:10857000331017F834306FF3000307F8343000205D
:10858000BDE8F0810220BDE8F0810C20BDE8F0815B
:108590004A4900200848002007282DE9F8430446EE
:1085A000884615461BD81D4E04EB84034FEA840908
:1085B00016F8333013F0010721D0A144012216F838
:1085C0003930C3F3801388F80030282313FB0423C9
:1085D000F218F3582B609388AB80BDE8F883104AFB
:1085E000104911484FF48C730FF070FF002383F390
:1085F0001188BFF36F8F0323184602DFD3E7084AC1
:108600000A49094840F219130FF060FF87F31188F7
:10861000BFF36F8F0323184602DFCEE70848002020
:10862000400003008400030054F3020090000300A4
:108630000820704710B50020F9F7D2FE88BB1A4B0E
:108640001A4C197893F82820207060F3000160F329
:108650000002197083F8282093F8501093F87820BE
:1086600060F3000160F3000283F8501083F8782073
:1086700093F8A01093F8C82060F3000160F30002A3
:1086800083F8A01083F8C82093F8F01093F818210D
:1086900060F3000160F3000283F8F01083F8182102
:1086A00010BD0C2010BD00BF0848002092610020C2
:1086B0002DE9F04F83B083460020CDF800B0F9F7E4
:1086C0008FFE002856D11BF8012BDFF82481019280
:1086D00002F00103044608F1FF391E4604E00134AC
:1086E000082C08F1280841D004EB840209EBC205EC
:1086F00019F83270FB074FEA840AC7F38012EED5EF
:10870000B242ECD140460622594615F0E4FF00285B
:10871000E5D13E467607019A07462FD4354D02F043
:108720000108AE1E04E00137082F05F1080512D03C
:1087300016F83730C3F34002DB07F4D54245F2D1D7
:1087400006222846594615F0C6FF0028EBD106EB55
:10875000C706FF237370A244002019F83A306FF364
:10876000000309F83A3003B0BDE8F08F022003B0EF
:10877000BDE8F08F0C2003B0BDE8F08FDFF878C0C3
:108780009CF800305E1E023B062BF6B203D895F82B
:108790001780B04502D18CF80060BFE7174A02EBA2
:1087A000061302EB0812964605460FCB8EE80F0023
:1087B000DFF84CE005EB850309EBC30219F8333011
:1087C000D80705D5590703D59EF81730B34207D00F
:1087D0000135082D0EF1280EECD1009B1A78DAE74E
:1087E000009B82F817801A78064B03F80850D2E7EE
:1087F000094800204A490020926100208847002053
:1088000008480020804700202DE9F8431D465B7989
:1088100003F0C003402B01D0BDE8F8830F46F1B14F
:10882000DFF86080002400F0010608F1FF3904E061
:108830000134082C08F12808EED004EB840319F861
:108840003330D807C3F38012F2D5B242F0D10622FA
:108850004046394615F03FFF0028E9D1E2B2072A29
:10886000DAD8094B02EB820113F83110C907D3D5CE
:108870001820282111FB0202286898501A44AB885E
:108880009380C9E709480020084800202DE9F84FE7
:1088900082461A4E1AF8018B8946002408F0010816
:1088A000771E03E0082C06F128061BD004EB840297
:1088B000D50017F83230C3F38012DB0704F101044E
:1088C000F0D54245EED106225146304615F003FF61
:1088D00083460028E6D118357C1906212046F4F796
:1088E000D9FE10B90220BDE8F88F7859C9F8000008
:1088F000A388A9F804305846BDE8F88F094800203D
:108900002DE9F0478246174E1AF8018B894600245C
:1089100008F00108771E03E0082C06F128061DD098
:1089200004EB840207EBC20517F83230C3F3801260
:10893000DB0704F10104EFD54245EDD10622514693
:10894000304615F0C8FE0028E6D16B6A1A68C9F8EF
:1089500000209B88A9F80430BDE8F0870220BDE81C
:10896000F08700BF0948002010B504460020F9F741
:1089700037FD40B91CB1012C01D0122010BD034BB2
:108980001C70002010BD0C2010BD00BF93610020A2
:10899000034B4FF47A7202FB00F01860704700BF7F
:1089A000184700202DE9F047824600208846F9F755
:1089B00017FD90BB1D4E1AF8019B044609F00109F2
:1089C000771E03E0082C06F1280620D004EB840271
:1089D000D50017F83230C3F38012DB0704F101042D
:1089E000F0D54A45EED130460622514615F073FEC9
:1089F0000028E7D1B8F1000F12D0B8F1010F09D16A
:108A00007B5D43F010037B550020BDE8F08702201A
:108A1000BDE8F0871220BDE8F0870C20BDE8F087A4
:108A20007B5D68F304137B55EEE700BF0948002027
:108A3000D0B5314C3149002304F1FF3C14F8332008
:108A4000072A02EB820E05D811F83E206FF345127B
:108A500001F83E201CF833206FF300020CF833209D
:108A60000133082BEAD1264A264C002313700A78DA
:108A700063F300020A7091F8282063F3000281F882
:108A8000282091F8502063F3000281F8502091F8DB
:108A9000782063F3000281F8782091F8A02063F336
:108AA000000281F8A02091F8C82063F3000281F849
:108AB000C82091F8F02063F3000281F8F02091F8CB
:108AC000182163F3000281F818210F4A13700F4B2D
:108AD0004FF0FF364FF0FF37C3E900670C4B2360C0
:108AE00028B1BDE8D0400B490B480CF0A7B9BDE850
:108AF000D04009480CF0E0BA49490020084800205D
:108B0000936100201847002092610020002F002070
:108B1000A0BB0D00B18D0100D02E0020034A044BF4
:108B2000002814BF10461846704700BF884900202F
:108B30001C470020A8B110B50B4A12684FF400433F
:108B400040F2E7300021E2FB03014FF47A72002388
:108B5000E7F726FBBDE8104002460B4603480CF041
:108B60001DBA02480CF0A8BA18470020D02E0020E9
:108B700008B5094B00221A8030B9084B084A1B7807
:108B8000002111801BB908BDFFF7BEFBF5E7BDE86A
:108B90000840FFF765BB00BF8849002093610020B3
:108BA0001C4700202DE9F04F814687B015F0B5FC39
:108BB0004A0143011B1A42EAD06262EB01029200B1
:108BC00042EA93729B001B1841EB0201CA0042EA81
:108BD0005372C3F3103BD30B4BEA424B0193B9F1F1
:108BE000000F17D16A4AD2E90012B2F1FF3F08BF65
:108BF000B1F1FF3F0ED067480068BBEB010163EBAA
:108C00000202814272F10002ACBF4FF0010A4FF044
:108C1000000A01E04FF0010A5F4EDFF88081CDF8D5
:108C200000900024F71F12E02B1917F833301A07B1
:108C30004FD4254417F8353043F0020307F8353098
:108C40000134082C08F1060806F1280653D004EB7D
:108C50008403A50017F83330DA07F1D5BAF1000F15
:108C600001D19807ECD42B1917F833305907DBD50D
:108C7000337C4B4A0DF1080902EB03124A4571D3CC
:108C800006AB9A4272D30F320DF107030DF11700B4
:108C900012F8011903F8011F8342F9D1484606F181
:108CA000170110F0CFFA0028BED03E4A3E493F4897
:108CB00040F2F3230FF00AFC002383F31188BFF383
:108CC0006F8F0323184602DF2B1917F833301A076A
:108CD000AFD50DF108094946304610F0B3FA002827
:108CE00046D1B9F804300298A8F80430C6F81D80BF
:108CF000C8F800009DE7DDF80090BAF1000F04D03D
:108D0000234A019BC2F800B05360B9F1000F26D08E
:108D10000020F9F757FB044608B394F85E305B0770
:108D20001DD5A37E072B1AD8FF238DF80830637F4B
:108D300004EB830302A91E6A04F11C0001F022FC6B
:108D4000727805460232314615F095FC29462046D8
:108D5000F9F762FB9DF80830FF2B00D0637707B06E
:108D6000BDE8F08F02F1100399458CD2FFF7B2FAFB
:108D70000C4A0D490D4840F201330FF0A7FB0023C8
:108D800083F31188BFF36F8F0323184602DFA8E730
:108D9000002F0020184700200F48002050470020D7
:108DA00088470020400003000CF4020054F3020046
:108DB00010B50120FFF7F6FE0A4A12684FF400438F
:108DC00040F2E7300021E2FB03014FF47A72002306
:108DD000E7F7E6F9BDE8104002460B4602480CF002
:108DE000DDB800BF18470020D02E0020072815D876
:108DF000F8B500EB8003124D15F833301A0704461E
:108E00004FEA8006C3F3C00007D5C3F340079B07B2
:108E100006D5264405EBC603586AF8BD0020704706
:108E2000084A094909484FF44A730FF04FFB87F38A
:108E30001188BFF36F8F0323184602DFE9E700BFF5
:108E40000848002040000300A400030054F302007F
:108E500007280CD800EB8003064A12F833104B07A2
:108E600005D5282303FB002202F11E0070470020D5
:108E7000704700BF084800202DE9F0478946164694
:108E80000AB1FF231370154D002400F0010805F10D
:108E9000FF3A09E01EB13378FF2B08BF3770013469
:108EA000082C05F1280514D004EB8403E7B21AF866
:108EB0003330C3F38012DB07ECD54245EFD10622F5
:108EC0002846494615F007FC0028E8D13846BDE899
:108ED000F087FF273846BDE8F08700BF094800202B
:108EE0002DE9F04F074685B000200E469046F9F771
:108EF00077FA002875D1BA4604461AF8010B0DF12D
:108F00000F025146FFF7B8FF072840F2C0809DF8D6
:108F10000F90B9F1070F78D809EB8902D200614DA3
:108F2000D7F801100192531C09EB890BE9502B442F
:108F3000BAF8041099803B7815F83B10009263F35F
:108F40008611A95430461021F4F7A4FB009BE95C7C
:108F500060F38201E95440461021F4F79BFB009B2B
:108F6000019AE95C00F0010060F3C30111F0040F05
:108F7000E95405EBCB0B4FEA89034AD100286DD1A8
:108F800018320021A9502A44474E918003EB090270
:108F9000A6F1020815F8321021F0120105F832107E
:108FA00097F800B00BF0010B04E00134082C06F137
:108FB00008061AD018F8342012F00107F5D0C2F3D1
:108FC00040025A45F1D1062251463046009315F031
:108FD00082FB009B0028E8D108EBC40888F80190C8
:108FE00004E00C2005B0BDE8F08F00274B447F0162
:108FF00015F8332047F0010722F021021743002023
:1090000005F8337005B0BDE8F08F072005B0BDE866
:10901000F08FDFF898E0DFF898C09EF800108BF82A
:109020001710DFF890B00CEB011C0BF80190B44561
:1090300001F101018EF800102DD906F110018C45C7
:109040002ED306F10F010CF1FF3C013E11F801E9AE
:109050000CF801EFB142F9D1002891D0D61DA81922
:1090600003EB0901D8F800B0D8F804E0D8F808C03C
:10907000D8F80C8045F806B005EBC101C0F804E053
:10908000C0F808C0C0F80C800020486278E71220C1
:1090900005B0BDE8F08F03D00CF110018E42D0D2A4
:1090A000FFF718F9084800204A4900209261002083
:1090B0008847002080470020072807D8044B00EB92
:1090C000800013F83000C0F3C000704700207047E4
:1090D00008480020024B1B7803700248704700BF0D
:1090E000926100208847002038B5234B1B788342CB
:1090F00004460DD9214B1C5D072C1CD8204B04EBDA
:10910000840213F8323013F0010524D0204638BD14
:109110001C4A1D491D4840F287330FF0D7F9002340
:1091200083F31188BFF36F8F0323184602DF134BBD
:109130001C5D072CE2D9134A1549144840F28933C3
:109140000FF0C4F9002383F31188BFF36F8F03235B
:10915000184602DFD2E70B4A0E490C4840F28A3328
:109160000FF0B4F985F31188BFF36F8F032318460E
:1091700002DF204638BD00BF9261002080470020FA
:1091800008480020400003003402030054F30200AA
:109190005402030028020300072825D8F8B5134F0E
:1091A00000EB8003044617F8333013F001054FEA53
:1091B000800605D0264417F83600C0F34010F8BDED
:1091C0000B4A0C490C4840F295330FF07FF985F3B8
:1091D0001188BFF36F8F0323184602DF264417F868
:1091E0003600C0F34010F8BD00207047084800204A
:1091F000400003009000030054F302001378FF2B9B
:1092000019D12DE9F047194D0446AE46002303EB72
:10921000830C9E0015F83CC01CF0010003D0CCF379
:10922000801CA44509D00133082B0EF1280EEED185
:109230000120BDE8F0870120704701F1FF38774633
:109240004FF0000C17F801AF18F8019FCA450CF158
:10925000010CE8D1BCF1060FF4D11E44137015F8CF
:1092600036305A07E5D5C3F30010E2E7084800207E
:10927000024B1878003818BF012070479361002016
:1092800000F032BC08B5002303F0A6F8002008BDAA
:1092900010B584B018BB04460DF10F010DF10E009E
:1092A000F6F7F4FD9DF80F20134B9DF80E00009487
:1092B0000132D2B20221F5F7E3FD10F0FD0F0CD020
:1092C0000E490F4A0F4842230FF000F90E480FF0E5
:1092D000FDF80B4842210FF0F0F804B010BD0B4927
:1092E000074A084839230FF0F1F809480FF0EEF863
:1092F000034839210FF0E1F881940100CC0203000A
:109300005C02030054F30200E40203002CF90200A3
:10931000A8020300F0B58DB00E4605460DF12F01F1
:109320000DF12E001C461746F6F7B0FD9DF82FC034
:1093300006940CF1010C0024CDE90744CDE9034467
:10934000CDE901449DF82E00059700962B465FFA63
:109350008CF20121F5F700FD10F0FD0F1AD00E4838
:1093600000940E4BC4609DF82F209DF82E00012123
:10937000F5F786FD10F0FD0F0CD00949094A0A489F
:109380008D230FF0A3F809480FF0A0F805488D21B0
:109390000FF093F80DB0F0BDD44900209192010078
:1093A000CC0203005C02030054F302001403030028
:1093B000019B024A3121FFF7ADBF00BFC1930100FD
:1093C00070B5059D0446F6F767FD2B462046034A17
:1093D000BDE870400621FFF79DBF00BFE19301008B
:1093E00010B584B0079CF6F779FD58B3D4E9003086
:1093F00098470128044601D104B010BD0DF10F01BA
:109400000DF10E00F6F742FD00210091144B9DF87E
:109410000F209DF80E000121F5F732FD10F0FD0F31
:109420000CD01049104A114860230FF04FF8104833
:109430000FF04CF80C4860210FF03FF80D4BDC604A
:1094400004B010BD0C49084A084850230FF03EF8FC
:109450000A480FF03BF8044850210FF02EF800BFE7
:1094600091920100CC0203005C02030054F302005D
:1094700014030300D4490020300303004C0303000D
:10948000012802D808480AF059BF08B50749084A18
:1094900008482B230FF01AF807480FF017F8044874
:1094A0002B210FF00AF800BFBC4900207403030011
:1094B0005C02030054F302009403030008B5012288
:1094C0000021024814F03EFF002008BDBC490020E6
:1094D000024BA0F2A462C3E900207047D4490020E7
:1094E0000020F5F715BC00BF08B5F5F74FFD014B9F
:1094F000986008BDD4490020684620F007018D46D9
:1095000001B502F0FDF8EBF747FDBDE801408546E7
:10951000704700BF08B50A4BD3F840213AB9012083
:10952000F4F7A6F9BDE808400220F4F7A1B900203D
:10953000C3F84001D3F84031F5F7F6FBEFE700BF81
:1095400000B000400020F4F793B900BF70B508BB2D
:10955000214B224C1A7821789142D3B20FD0204A65
:109560002049214840F237430EF0B0FF002383F337
:109570001188BFF36F8F0323184602DF23781B4E39
:109580001B4D3278013323702B78934212D03378FD
:109590002B7070BD124A1749134840F232430EF047
:1095A00095FF002383F31188BFF36F8F03231846C1
:1095B00002DFCDE70A4A10490B4840F23D430EF066
:1095C00085FF002383F31188BFF36F8F03231846B1
:1095D00002DF33782B7070BD94610020956100200C
:1095E000C40303000C04030054F30200996100203B
:1095F000986100202CF902002804030070B51A4E6F
:109600001A4D33782A789A4204460BD033782B705F
:10961000174E184D1CB933782A789A4212D03378F5
:109620002B7070BD144A1549154840F21E430EF0C8
:109630004DFF002383F31188BFF36F8F0323184678
:1096400002DFE3E70C4A0F490D4840F229430EF0D0
:109650003DFF84F31188BFF36F8F0323184602DFA9
:1096600033782B7070BD00BF976100209661002099
:109670009461002095610020C4030300500403009E
:1096800054F302007804030002F046B938B5194CCF
:10969000194D237829788B421AD0184B217000225B
:1096A0000599996001201146F4F784F800B938BD96
:1096B000134A1449144840F2B4430EF007FF002344
:1096C00083F31188BFF36F8F0323184602DF38BD81
:1096D0000B4A0E490C4840F2AE430EF0F7FE002351
:1096E00083F31188BFF36F8F0323184602DF2978B5
:1096F000D3E700BF9461002095610020340400206E
:10970000C403030040F5020054F302009404030074
:109710002DE9F0473F4A404D12782B789A428AB0A3
:109720000E4605D13D4B3E4A1B7812789A4268D0CE
:109730003768DFF8F08007F1310424F07F44D8F86F
:1097400000102046F5F724FC10F4000002D10AB006
:10975000BDE8F087344A354B11781A7891421CD015
:109760003046334BC168C8F800400022CDE90732CB
:10977000304BCDE90322CDE90531CDE9012231237A
:1097800000932C780134E4B23B46114610462C700D
:10979000F5F7E2FA0AB0BDE8F087204A20491278CE
:1097A00009789142DCD01A7801324FF00009D2B228
:1097B0001A704946204BCDF800904A464846F5F7C6
:1097C0005FFB10F0FD0FCBD01C4A1D491D484FF424
:1097D00094630EF07BFE89F31188BFF36F8F4FF017
:1097E000030A504602DF154A1549164840F26943FC
:1097F0000EF06CFE89F31188BFF36F8F504602DFC5
:10980000AEE70768DFF81C8007F1310424F07F44DD
:10981000A7E700BF986100209961002094610020B3
:1098200095610020EC49002096610020976100209E
:109830004D9501008D960100FD950100C4030300C4
:1098400038F7020054F30200804A9368002B7ED060
:109850002DE9F04F136889B082467BB14FF0FF339A
:109860008DF80A3003E0067F16F0030609D00DF1EB
:109870000A00F6F7B7FC05460028F4D109B0BDE8A8
:10988000F08FC368534576D00768B146B04602E012
:10989000037F990722D00DF10A00F6F7A3FC0446D6
:1098A0000028F5D1B8F1000F08BFA8464146404650
:1098B000FFF72EFF30F00203E0D0654A65496648A5
:1098C00040F2FB430EF002FE84F31188BFF36F8F6A
:1098D0000323184602DF09B0BDE8F08FC368B9F171
:1098E000000F0ED0534527D0D4F800B03946584663
:1098F000F5F74EFB00F4000000281CBFA0465F46B1
:10990000C9E79A458146EFD12B7FE96843F002030E
:109910002B772846AB699847FF238DF80A3003E080
:10992000037F13F0030413D00DF10A00F6F75AFC7D
:1099300005460028F4D1A1E72B7FE96843F0020334
:109940002B772846AB699847A14587D1E4E7704754
:10995000C36853450FD03E4A40493F4840F21E532A
:109960000EF0B4FD84F31188BFF36F8F0323184604
:1099700002DFD5F80CA0354A50465368116803AA97
:1099800098470446F0B110F1100F3FF477AF2F4A1B
:10999000002093681168984714F10B0F1BD08C348A
:1099A0003FF46CAF2A4A2E492B4840F25B530EF02D
:1099B0008DFD002383F31188BFF36F8F03231846B7
:1099C00002DF5BE72B7FAA69E96843F002032B778C
:1099D0002846904752E70224FF258DF80B500DF1E1
:1099E0000B00F6F7FFFB98B1037F9A07F7D40EB987
:1099F000DB07F4D4154AC36811689942EFD1037F9D
:109A000043F002030377836998478DF80B50E6E72C
:109A10000126B44201D03446DFE70C4D039B286891
:109A200000940021CDE9041106910790296004AA51
:109A3000D5E90101F6F78EFB044600287FF41EAF3E
:109A4000034A0849044840F259533BE7F0490020D3
:109A5000C403030038F7020054F30200B00403000B
:109A6000DC040300D404030010B5154814F0CBFB4C
:109A700010B3144B00249C6000F04AFB00281ADB52
:109A8000214601202246EBF7E7FC22460B2001216C
:109A9000EBF7E2FC224621461820EBF7DDFC012023
:109AA000EBF7AAFC0B20EBF7A7FC1820EBF7A4FCC4
:109AB00001F056FE204610BD6FF0120010BD00BF31
:109AC000FCE80200F049002008B500F031FB002856
:109AD00009DB0120EBF79EFC0B20EBF79BFC182029
:109AE000EBF798FC002008BD0A4601460948836848
:109AF0001B680BB192B218470749084A084810B5CD
:109B00005B230EF0E3FC07480EF0E0FC03485B210A
:109B10000EF0D3FCFCE802001C050300E80403007F
:109B200054F302003C05030030B4074DAB685C6899
:109B300034B18AB2A44601460023284630BC6047AF
:109B40006FF0850030BC7047FCE8020030B4074D70
:109B5000AB685C6834B18AB2A4460146002328464B
:109B600030BC60476FF0850030BC7047FCE80200F5
:109B70000020704730B5254B83B0044670B31A6897
:109B8000824225D0FF250DF107008DF80750F6F72A
:109B900029FB38B91AE0A1420AD00DF10700F6F707
:109BA00021FB98B1037F9B07F7D4C168002CF2D149
:109BB000037F826943F00203037790470DF10700AA
:109BC0008DF80750F6F70EFB0028EBD103B030BD3F
:109BD0009D6865B101460020A847D3E79D68002D28
:109BE000D0D019680029CDD00020A847CAE7084A7C
:109BF0000849094840F2CB130EF068FC85F3118840
:109C0000BFF36F8F0323184602DFBBE7F049002044
:109C1000C40303006405030054F3020000207047EE
:109C200038B50446F6F7D0FA64B1054620B3246887
:109C30000020F6F7F1FA2046F6F794FB044658B1F7
:109C4000002038BD1B4DAC682CB32C680023AB60E2
:109C50002B60002CEBD1EBE7174A184918484FF45A
:109C60000F730EF033FC84F31188BFF36F8F03235F
:109C7000184602DF002038BD0F4A1249104840F252
:109C800005230EF023FC85F31188BFF36F8F0323A8
:109C9000184602DFCBE7084A0B49094840F20A237D
:109CA0000EF014FC84F31188BFF36F8F0323184662
:109CB00002DFCAE7F0490020C40303009005030057
:109CC00054F302006C0503007C050300312070474B
:109CD00010B51446F5F75AF92146F5F759F9034638
:109CE00010F4000004D10333092B88BF184610BDBF
:109CF000002010BD262810B504461CD0272812D0FD
:109D0000252808D00A281ED9272821D8033040004A
:109D100001F074FD02E0022001F070FD2046BDE874
:109D2000104001F071BD502001F068FD2046BDE8F3
:109D3000104001F069BD1A2001F060FD2046BDE829
:109D4000104001F061BD0230400001F057FDE5E731
:109D5000074A0849084840F2A5230EF0B7FB002344
:109D600083F31188BFF36F8F0323184602DFD5E713
:109D7000C403030030F4020054F3020001F002BEF9
:109D800001F0A0BD01F0A6BD08B501F0C5FDBDE81C
:109D9000084001F02DBF00BF08B501F0BDFD01F086
:109DA00027FFBDE8084001F0CBBE00BF08B501F0B9
:109DB000B3FD01F01DFF01F001FF02F023F9BDE842
:109DC000084001F0BDBE00BF08B50146184801F0CB
:109DD000A7FC01F0D7FD60B101F0A0FF01F0F8FC95
:109DE00000F0EAF900280EDBBDE808400020FFF78C
:109DF00017BF01F07DFD01F091FF01F0E9FC00F0DB
:109E0000DBF90028F0DA0B4A0B490C4840F2213309
:109E10000EF05CFB002383F31188BFF36F8F0323E5
:109E2000184602DF0020BDE80840FFF7F9BE00BF7A
:109E300089960100C40303009805030054F302004F
:109E400010B5044601F068FD01F0D2FE01F0B6FE47
:109E500002F0D8F801F074FE2046BDE81040FFF78C
:109E6000B3BF00BF08B50146144801F059FC01F02A
:109E700089FD40B100F0A0F900280ADBBDE80840E8
:109E80000020FFF7CDBE01F033FD00F095F900286A
:109E9000F4DA0B4A0B490C484FF44C730EF016FBE6
:109EA000002383F31188BFF36F8F0323184602DF6B
:109EB0000020BDE80840FFF7B3BE00BF899601004F
:109EC000C40303009805030054F302002DE9F04F8A
:109ED00089B01F46FF239DF848B08DF81F3080469B
:109EE0008946924602E0037F9C0722D00DF11F00B5
:109EF000F6F778F90028F6D1684DAB680446002BD8
:109F000040F08180FB682B60C5E901893846D04765
:109F1000054603E0037F13F0030356D00DF11F0045
:109F2000F6F760F901460028F4D1284609B0BDE8EB
:109F3000F08F05683E689DF81F300593044629465A
:109F40003046F5F725F8BBF1000F01D1010254D4DA
:109F5000BC4214BF2646002602E0027F920724D0AE
:109F60000DF11F00F6F73EF90028F6D14B4D059B89
:109F70008DF81F30AB68002B46D1002E44D1002C49
:109F8000C0D0BBF1000F66D1BC42BBD0444A4549AA
:109F9000454840F2B5330EF099FA8BF31188BFF3C0
:109FA0006F8F0323184602DFACE70268049029464E
:109FB00010460392F4F7ECFF039A049B00F40000B0
:109FC00000281CBF15461E46CAE71C46FFF7A0FB2B
:109FD00030F00203A9D0324A3449334840F2D53335
:109FE0000EF074FA84F31188BFF36F8F03231846C1
:109FF00002DF284609B0BDE8F08FFF233546059300
:10A000005C465E46ACE726464946CDF800B053466E
:10A010003A464046F6F79EF8014638B3BBF1000FCA
:10A0200016D1002E35D03046FFF772FB30F0020318
:10A030000ED01B4A1D491C484FF464730EF046FABB
:10A04000002383F31188BFF36F8F0323184602DFC9
:10A050006FF0760569E7CDF800B053463A464946B9
:10A060004046F6F777F806460028F1D10C4A104929
:10A070000D4840F27E330EF029FA002181F3118859
:10A08000BFF36F8F0323184602DFBBF1000FC8D068
:10A09000DEE7002C14BF26460E46C4E7F049002038
:10A0A000C4030300AC05030054F3020038F70200B8
:10A0B000A405030001F110000AF040B970B505468F
:10A0C0008AB00C460122002104A814F03BF90F4B82
:10A0D0000193002603236946284603960293EAF774
:10A0E0006FF9002810DB4FF40043314640F2E730AF
:10A0F000E4FB03014FF47A720023E6F751F80246BD
:10A100000B4604A80AF09EF90AB070BDB5A0010084
:10A1100010B5012002F044FD0449002301244B60E6
:10A120008C60CB60BDE81040EAF74AB9004A0020D5
:10A1300010B5012002F034FD04490446EAF744FA60
:10A140002046BDE81040EAF7D3B900BF004A00201E
:10A150000C4B1A780AB10020704710B50120187016
:10A1600002F01EFD4FF4FA710446FFF7A7FF38B95D
:10A170002046EAF7BDF902280CBF00206FF004006A
:10A1800010BD00BF9A61002008B50A4BBFF35B8F7A
:10A1900053E8002F511C43E800100028F8D1BFF30A
:10A1A0005B8F002A01DD002008BD02F001FD0020C8
:10A1B00008BD00BFFC49002008B50C4B1A68002AF6
:10A1C00011DDBFF35B8F53E8002F511E43E80010F1
:10A1D0000028F8D1BFF35B8F012A01DD002008BD04
:10A1E00002F0FCFCFAE76FF0770008BDFC490020A4
:10A1F0004FF4FA70704700BF014B33F810007047FE
:10A20000E005030010B50446FFF7D0FD01F0CCFCDB
:10A210002046BDE81040FFF7D7BD00BF30B583B082
:10A22000054601F0ADFBFFF7AFFD962001F0F0FC15
:10A23000002318461A46194601F014FC0120F5F7D0
:10A240002DFF0446002845D004F11C0001F02EFB30
:10A2500001F078FBE0B92748294601F061FAFFF7E1
:10A2600007F860BB01F0AEFD00210446084601F08E
:10A2700033FB00210546084601F02AFB2C44CB3471
:10A28000201A01F057FD03B0BDE8304001F08CBD4D
:10A29000194A1A491A4840F2A1430EF017F900234F
:10A2A00083F31188BFF36F8F0323184602DF114831
:10A2B000294601F035FAFEF7DBFF0028D2D00DF178
:10A2C0000700FEF707FF002201469DF8070001F096
:10A2D00057FEC7E7084A0B49094840F29D430EF074
:10A2E000F5F884F31188BFF36F8F0323184602DF5C
:10A2F000AAE700BFADA90100F00503004406030072
:10A3000054F302003C060300814208B50ED00B7ADC
:10A31000DB0702D46FF08B0008BD134B1360FFF70F
:10A3200033FF00280FDB6FF00A0008BD0B7B01EB49
:10A3300083010B691B7803F00F03012B14BF6FF02F
:10A340008B00002008BD094A09490A4840F25143E0
:10A350000EF0BCF8002383F31188BFF36F8F032343
:10A36000184602DFDFE700BFB5A70100F0050300D4
:10A370009805030054F3020010B50446FFF716FDDC
:10A3800001F012FC2046FFF71FFD0C4B00210122BB
:10A3900008469C60F3F70EFA00B910BD084A094957
:10A3A000094840F2B6530EF091F8002383F3118868
:10A3B000BFF36F8F0323184602DF10BD4404002053
:10A3C000F005030040F5020054F3020010B5E8B1B7
:10A3D0000C46FFF7F1FE002804DB2046BDE81040E4
:10A3E000FFF71EBC0D4A0E490E4840F277430EF0AF
:10A3F0006DF8002383F31188BFF36F8F0323184692
:10A4000002DF2046BDE81040FFF70ABC064801F015
:10A4100087F9BDE8104001F06BBA00BFF0050300FA
:10A420009805030054F3020005A20100084B042222
:10A4300010B598182821F3F7C7F8064B00249C8123
:10A4400002222146044813F07DFF204610BD00BFC4
:10A45000404A0020304A0020184A0020084B0422BD
:10A4600010B598182821F3F7AFF8064B00249C810B
:10A4700002222146044813F065FF204610BD00BFAC
:10A48000404A0020304A0020184A002010B50446F7
:10A490000548F3F7BDF820B103460020587063600B
:10A4A00010BD6FF00B0010BD404A00200346002095
:10A4B000187058709860704738B52B4D2B7B6A7BAD
:10A4C0009A4202D055F8234034B92848F3F7A0F84F
:10A4D000044680B1204638BD25480AF02DF82B7B74
:10A4E0006A7B9A42F6D00133DBB2032B08BF00230C
:10A4F0002B73204638BD1E484FF42032002309F04C
:10A50000A1FF90B91A480AF017F82A7B6B7B934297
:10A510001AD0531CDBB255F82220032B08BF0023AE
:10A520002B738AB11446204638BD124A124913488B
:10A530004FF4DB730DF0CAFF84F31188BFF36F8F04
:10A540000323184602DFDDE70A4A0D490B4840F2B3
:10A55000BB130DF0BBFF002383F31188BFF36F8F94
:10A560000323184602DFB5E7304A0020404A0020A6
:10A57000184A0020F00503000CF4020054F3020016
:10A580005806030010B5027843789A4214D0D4B22A
:10A5900044700278944204D05A1C4370D3B2022B08
:10A5A0000ED01A4600EB82040B70606800B110BD3B
:10A5B000FFF782FF606010BD0133DBB2022BF0D1E8
:10A5C00000221346EEE700BFF8B5027843789342C5
:10A5D000044625D0D5B2154A00EB8507507B92F88A
:10A5E0000CC0431CDBB2032B08BF00239C450E4666
:10A5F000796806D042F8201053730D4809F09EFE8A
:10A6000000216B1CDBB2022B0ABF00221A46134644
:10A6100079602370012104EB820431706068F8BD19
:10A620001A4604EB82046068F8BD00BF304A00207F
:10A63000184A002070B5057AC5F302150446002DAE
:10A6400095FAA5F0B0FA80F008BF4FF0FF3082B065
:10A6500000F1010646D0227A6B1E2B4063F30612EE
:10A6600006F124002272FFF745FB00230DF10701DC
:10A6700004F10C008DF80730FFF7A6FF054600280F
:10A6800042D0284601F018F92B7803F00F03022B73
:10A690001FD00DF1070104F11800FFF795FF0646E2
:10A6A000002840D09DF8073063B92146254801F0C5
:10A6B00037F8962001F0ACFA002002B0BDE87040F7
:10A6C00001F088B9D5F80230C6F80230EB88F38083
:10A6D000EBE71D48214601F023F802B0BDE87040C9
:10A6E00001F020BA194A1A491A4840F2C1530DF034
:10A6F000EDFE85F31188BFF36F8F0323184602DF49
:10A70000257AC5F30215A6E7104A1349114840F20D
:10A71000CA530DF0DBFE85F31188BFF36F8F03235F
:10A72000184602DFADE7094A0C490A4840F2D45303
:10A730000DF0CCFE86F31188BFF36F8F032318460C
:10A7400002DFAFE71DA2010061A70100F0050300D1
:10A750005C06030054F3020064060300680603006D
:10A7600010B5044601F00CF9FFF720FB237A03F043
:10A770007102012A05D1C3F3420262F30613237268
:10A78000DBB213F0700F05D0636853B193F82C302F
:10A790009B0706D501F008FA2046BDE81040FFF7F8
:10A7A00013BB2046FFF746FF01F09CF8BDE81040C0
:10A7B00001F0FABA70B5C36804461E68F4F7E6FB08
:10A7C00005463046FFF782FA00232D1AC4E90053EC
:10A7D00023812046BDE87040E7F762B910B582B02A
:10A7E0000446FFF7D1FC00281CDB164A164917481F
:10A7F00000940023F5F7E4FD08B1773001D102B0F1
:10A8000010BD134A1349144840F2AF230DF05EFE09
:10A81000002383F31188BFF36F8F0323184602DFF1
:10A8200002B010BD0A4A0D490B484FF42B730DF0CE
:10A830004DFE002383F31188BFF36F8F0323184667
:10A8400002DFD2E7A11A0000CDA3010009A3010095
:10A85000F005030094F5020054F30200980503008C
:10A860002DE9F0410D46417A9DF818801746CA0738
:10A870001E4609D5B8F1000F17D02B78B7EBD31FC0
:10A880001AD00020BDE8F0812946044611F8020BD9
:10A89000079AC0F38010FEF7B1FC0028EDD1637A6F
:10A8A000DB07EED5B8F1000FE7D1079B1878FEF76C
:10A8B00073FC0028E1D1E4E7062205F108013046E7
:10A8C00013F009FFB0FA80F04009BDE8F08100BF45
:10A8D0002DE9F84F1F460B9B9DF828909DF83050AE
:10A8E00006460C4692466BB9437A03F00303012BEC
:10A8F0002CD9002D3AD02378BAEBD31F4AD00020B0
:10A90000BDE8F88F88460D9A18F8020BC0F3801046
:10A910004146FEF773FC0028F2D094F800B0BAEB81
:10A92000DB1FECD104F108013846062213F0D3FEF8
:10A930000028E4D10D9B1B78FF2B1ED0B27AFF2A92
:10A940001BD0981AB0FA80F04009D9E711F8020B31
:10A950000D9AC0F38010FEF751FC0028CBD1737A1A
:10A9600003F00303012BCAD9002DC4D10D9B187825
:10A97000FEF712FC0028BED1C1E7CBF3801BCB450C
:10A98000BDD10B980622414613F0A5FEB0FA80F027
:10A990004009B5E7062204F10801384613F09BFE92
:10A9A000B0FA80F04009BDE8F88F00BF2DE9F0470C
:10A9B0008AB0044600F0DAFFC0B250B9FFF7F6F9EA
:10A9C0007D48214600F0ACFE0AB0BDE8F04700F03B
:10A9D0008FBF00F0EDFF054601F0FAF8824601F066
:10A9E00001F901F027FB064601F006FBEDB28046B7
:10A9F00001F0B0F8FFF7DAF9002DE1D016F0FF060C
:10AA00007AD1FF2301208DF82730F5F747FB054663
:10AA1000002800F0A480237B95F81C8004EB8303BE
:10AA200008F00F081F693B4605F11C0113F8020BE3
:10AA300000F00F0CBCF1010F0CBF07F108094FF03B
:10AA40000009B8F1030FC0F380125FFA8AFA4FEAE7
:10AA5000D01759D0B8F1050FB2D1687F2228AFD1F5
:10AA600060680028ACD090F82C5015F00205A7D1F2
:10AA70000DF127000390CDE9019A00972046FFF7DA
:10AA800027FF00289CD00420F5F708FB002897D06A
:10AA90004A48214600F044FE00F02AFF00F052FF31
:10AAA00000284DD1626892F82C3043F0010382F8FF
:10AAB0002C30F5F70DFB17224FF6FF730271C380A0
:10AAC0008460054601F024F9286101F075F9002140
:10AAD0000446084600F000FF241A6C6196B19DF808
:10AAE00027306B76F5F7F4FA2946E8602868F5F721
:10AAF00019FB0AB0BDE8F0875FFA88F0FEF7F4FAB8
:10AB000003467FE7FF23ECE7687F0C287FF458AF0C
:10AB1000B9F1000F7FF454AF0DF127000190CDF88B
:10AB200000A02046CDE906230591FFF799FE28BB3A
:10AB300095F81C80079BDDE9051208F00F0889E7EE
:10AB40001F4A2049204840F26D630DF0BFFC85F399
:10AB50001188BFF36F8F0323184602DFA2E7184A5C
:10AB60001A49194840F20D630DF0B0FC85F31188C5
:10AB7000BFF36F8F0323184602DF4CE70E482146D0
:10AB800000F0CEFD00F0CEFF237E04EB8303D869F6
:10AB900000F092FE00F0D6FE0028AAD0084A09492B
:10ABA000094840F226630DF091FC89F31188BFF348
:10ABB0006F8F404602DF9CE761A7010079A3010087
:10ABC000F00503004406030054F302003C060300B2
:10ABD000F8B50546FFF7EAF8F5F7B6FB0446002896
:10ABE0003FD0274B274A1B781178A27926485B0073
:10ABF00001F0010103F002030B4322F003021343AF
:10AC0000224A01881278A18001202070A37122724B
:10AC100019B195F92730002B04DB2846BDE8F84030
:10AC2000FFF7D2B895F82C30C3F30213022B16D0DD
:10AC3000042B0CBF4FF4BC77282701F0A9F8064677
:10AC400001F0ACF8361AE660EA6BC4E90427002389
:10AC5000EB636B642846BDE8F840FFF7B5B81827EA
:10AC6000EBE70B4A0B490C4840F2E7330DF02EFCA2
:10AC700084F31188BFF36F8F0323184602DFB0E718
:10AC80009C6100209D610020465800209B610020AF
:10AC9000AC06030070FB020054F3020008B500F09C
:10ACA00091FE02780346012161F301021A7000202F
:10ACB00008BD00BF00207047704700BF30B4074A8E
:10ACC000074D084C0848094900231380084A2B8087
:10ACD000237003700B70137030BC7047465800200F
:10ACE000485800209D6100209E6100209C6100204A
:10ACF0009B61002091F82C305B070AD481420AD175
:10AD0000064B1B88002B14BF6FF08B006FF00F00F9
:10AD10007047002070476FF08B0070474858002044
:10AD200038B50D46002842D00446FFF745FA002802
:10AD300054DBE2682389518B938301330B4492F9EE
:10AD400027105383002913DBF5F7FEFA0446F8B108
:10AD5000A37923F00303002243F0020301212170B1
:10AD6000A280A37122722846BDE83840FEF758BF82
:10AD70002089136B916B00FB03330B44516B8B42A7
:10AD800028BF0B469363F5F7DFFA04460028DFD1AE
:10AD90001C4A1D491D484FF487730DF097FB84F33F
:10ADA0001188BFF36F8F0323184602DFD0E791F9B4
:10ADB0002730002B0ADB1648294600F0B1FC00F0D2
:10ADC00097FD95F87E301B0717D438BD114B1B88B3
:10ADD000002BF0D1104B01221A70ECE7094A0F4901
:10ADE0000A48F5230DF072FB002383F31188BFF3AB
:10ADF0006F8F0323184602DF9BE7BDE8384001F060
:10AE0000B5B800BFAC06030070FB020054F30200AB
:10AE1000D1AB0100485800209C6100209805030038
:10AE2000F8B506460120F5F739F9044670B300215C
:10AE3000617796F86750B6F85A7005F0070528460E
:10AE400000F0C8FC96F87E301B0704F11C044FEAA2
:10AE5000850210D5391D42F00102C9B2082000F068
:10AE6000FBFC2246294606F17F0000F0B1FFBDE859
:10AE7000F84000F01BBDF9B2082042F0010200F0DA
:10AE8000EBFC2046BDE8F84000F010BD074A084939
:10AE9000084840F21A330DF019FB84F31188BFF310
:10AEA0006F8F0323184602DFC1E700BFAC06030023
:10AEB0003C06030054F3020038B50446FEF764FF75
:10AEC0002B4AA08913880133138000F0A1FE94F867
:10AED000662094F86700C2F3C00300F0070002F098
:10AEE0000702002100F0BEFD2046FFF799FF00F0A9
:10AEF00033FD60BB00F066FF258A034694F86700C7
:10AF00000D35012100F007001D4400F0E5FC94F828
:10AF1000673003F00703022B054416D0042B0CBF47
:10AF20004FF4BC73282394F86600C0F3C00100F00E
:10AF300007001D4400F0CCFC281A00F0FBFE21465F
:10AF40000C48BDE8384000F0EBBB1823EBE70A4A99
:10AF50000A490B4840F2B6230DF0B8FA002383F3F8
:10AF60001188BFF36F8F0323184602DFC2E700BFCB
:10AF70004858002099B00100AC060300F806030011
:10AF800054F30200F8B50F4690F86610B0F8586018
:10AF900001F007040546C1F3C001204600F01AFC89
:10AFA00095F87E30A200DB0642F00102F1B20DD529
:10AFB0000431C9B2082000F04FFC394605F1A00069
:10AFC00000F05EFFBDE8F84000F076BC082000F01D
:10AFD00043FC3846BDE8F84000F06EBCF0B50546CD
:10AFE00083B001AA806E0F46E96EF2F777FB95F801
:10AFF0007E305A07064638D448B3019C95F87D3018
:10B0000095F87C2004341C4412B9627885F87C20C1
:10B0100033B12378012262F30103237095F87D3068
:10B0200095F87C20D31A63702846F8F7C9FA63783C
:10B0300083422AD960700121237803F00F03002294
:10B0400043EA01132370A2703C6003B0F0BD43F0EB
:10B05000040385F87E3000F0B5FC044623786FF3D6
:10B06000041323703C6003B0F0BD43F0040385F883
:10B070007E3000F0A7FC0446002EEFD0037843F0AA
:10B08000100303703C6003B0F0BD3268EB6E9A426F
:10B09000D1D10021D0E700BF2DE9F04182B00446B4
:10B0A00000F064FCC0B250B9FEF776FEBD48214600
:10B0B00000F036FB02B0BDE8F04100F019BC00F032
:10B0C00077FCC5B200F046FDFEF766FEB64A13886F
:10B0D000012003441380F4F7E1FF0646002800F046
:10B0E000E380002D4ED1B14B1F78002F40F0AA8095
:10B0F000012201A920461A70FFF770FF0027DDF832
:10B1000004803D46E08900F083FD94F8670000F07C
:10B11000070000F05FFCA648214600F001FB00F0AC
:10B1200043FE94F87E2098F8003062F3C30388F859
:10B13000003094F87E3098F80020C3F3400363F3A6
:10B14000820288F8002041462046FFF71BFF00F0EE
:10B1500003FC002840F0988000F01AFE002867D019
:10B16000002D6BD0A08A4FF6FF73984200F0D1807B
:10B170002946F8F76DF9002F77D102B0BDE8F0410C
:10B18000F4F7C8BF94F87E30327F03F00101C2F3B8
:10B190008000884200F09A8094F9272081F0010114
:10B1A00061F30003002A84F87E3005DA94F82C302D
:10B1B00043F0080384F82C3094F87E305D0700F1EA
:10B1C000BC80D4E91A0101AAF2F788FA05460028E2
:10B1D00000F0B98094F87D20019B1344597971B136
:10B1E00094F87E30D8060AD5D4F8B0300133C4F8CC
:10B1F000B030D4F8B43043F10003C4F8B43094F85C
:10B200007C300A44D2B29A42C0F0A28000F0B780EB
:10B21000684A6949694840F274430DF057F90023C0
:10B2200083F31188BFF36F8F0323184602DF8AE090
:10B2300000F0A2FD00F0A6FD002D93D1AFB902B041
:10B24000BDE8F081013FFFB201A920461F70FFF762
:10B25000C5FE002F7FF452AFDDF80480514821462F
:10B2600000F05EFA00F05EFC5BE7F4F731FF0323C9
:10B270003371A38A3068F3803146F4F73BFF02B0A4
:10B28000BDE8F041F4F746BF4A4A4D494B484FF4F8
:10B29000F8730DF01BF9002383F31188BFF36F8F50
:10B2A0000323184602DF57E7424A4649434840F223
:10B2B0005B130DF00BF986F31188BFF36F8F032337
:10B2C000184602DF002D3FF40EAF5BE70025C2F306
:10B2D000C002C3F340039A423DD00027334A3A4BA1
:10B2E000002111702046012201A91A70FFF776FE95
:10B2F000337FDA061ED4DDF8048098F80030DB06D0
:10B300003FF500AF98F80130002B7FF4FBAEA5E7C6
:10B310000027284A2D4929484FF404730DF0D6F828
:10B32000002383F31188BFF36F8F0323184602DFD6
:10B33000A08A1DE7DDF80480E4E66FF3820384F859
:10B340007E3000F03FFB94F87E30327F0025BEE770
:10B3500084F87D20F7E70320F4F7A0FE0028BCD096
:10B3600094F87E3083F0020384F87E30737F002BE4
:10B37000B3D094F87E3019072AD40127AEE7002213
:10B38000A4F87C20E06E04F16801F2F7AFF9019BAC
:10B390001B682B60019B1D60019D94F87E30327FFD
:10B3A00095E700BFD1AB0100465800209E61002008
:10B3B000B9AE0100AC06030030F4020054F3020001
:10B3C000F80603003C0603009D61002014070300FB
:10B3D00000F09AFD0746002868D000F0BDFD002867
:10B3E00054D1D4F88F30D4F89320134304D1337F51
:10B3F00003F00303032B32D0344B3548022221469D
:10B400001A7000F08DF900F073FA00F09BFA78B929
:10B4100000F0BEFCE0B1002D3FF411AFA08A4FF662
:10B42000FF7398423FF474AF2946F8F711F8A4E689
:10B43000284A294929484FF4B6730DF047F80023EC
:10B4400083F31188BFF36F8F0323184602DFDFE712
:10B4500000F092FC00F096FC002DDFD1EFE600F04A
:10B46000B5FA4378272B0146C6D80333DAB206F182
:10B470001C0013F000F9D4F88F30D4F89320013B6E
:10B48000C4F88F3042F1FF33C4F89330D4F88F30D2
:10B490000E4A0133C4F88F30D4F8933004F18F0191
:10B4A00043F100034B600123137066E7094A0C491E
:10B4B0000A4840F28F430DF009F887F31188BFF373
:10B4C0006F8F0323184602DF87E700BF9B610020D0
:10B4D000D1AB0100AC0603004406030054F30200A4
:10B4E0000C07030010B582B00446FEF74DFE00289D
:10B4F0001BDB154A1549164800940023F4F760FF3A
:10B5000008B1773001D102B010BD124A1249134878
:10B5100055230CF0DBFF002383F31188BFF36F8FFB
:10B520000323184602DF02B010BD0A4A0C490B483B
:10B530004C230CF0CBFF002383F31188BFF36F8FF4
:10B540000323184602DFD4E7191C000021AD0100D7
:10B55000F5AC01002C07030094F5020054F302003F
:10B56000980503004FF080530246D3F8A410013130
:10B5700007D04FF08051D1F8A00010F0010009D1A0
:10B580007047D3F8A8304FF6FF719BB28B42F0D1D1
:10B5900000207047D1F8A4301360D1F8A83013719F
:10B5A000C3F3072363F03F035371D1F890300133A5
:10B5B0001CD0D1F89430013318D0D1F89830013331
:10B5C00014D0D1F89C30013310D0D1F89030C2F8AB
:10B5D0000630D1F89430C2F80A30D1F89830C2F869
:10B5E0000E30D1F89C30C2F8123008E00023C2F8C7
:10B5F0000630C2F80A30C2F80E30C2F8123001200C
:10B60000704700BF00234FF08052036043608360A7
:10B61000C360D2F88030013318D0D2F884300133BF
:10B6200014D0D2F88830013310D0D2F88C300133E6
:10B630000CD0D2F880300B60D2F884304B60D2F856
:10B6400088308B60D2F88C30CB60704700230B6061
:10B650004B608B60CB607047054B4FF4803200210C
:10B66000C3F80815C3F84423C3F80423704700BF88
:10B6700000B00040054B1878421C1A7018B9044BF2
:10B6800001221A6070470120704700BF9F610020AF
:10B6900000B0004038B50E4D2C784CB1601EC0B2E1
:10B6A000287018B90B4B01225A6038BD012038BDF3
:10B6B000094A0A490A4871230CF008FF84F31188EB
:10B6C000BFF36F8F0323184602DF2C78E6E700BF35
:10B6D0009F61002000B000408C070300D8070300E2
:10B6E00054F30200014BD3F80405704700B000404A
:10B6F000024B00F5A87043F82010704700B00040DE
:10B70000044BD3F8103123B1034A044B10681B6873
:10B710001847704700100040FC4D0020004E0020EC
:10B7200038B5044601200D46E9F774FE084B094A76
:10B730001C600949094B156010200222C1F804035E
:10B74000C3F88021BDE838400120E9F755BE00BFAD
:10B75000004E0020FC4D00200010004000E100E001
:10B760004FF080434FF0FF320021C3F8002EC3F8A2
:10B77000042EC3F8081EC3F80C2EC3F8101EC3F81D
:10B78000142EC3F8182EC3F81C2EC3F8202EC3F8AD
:10B79000242EC3F8282EC3F82C2EC3F8302EC3F85D
:10B7A000342E704710B50120E9F734FE064B0748E8
:10B7B00000244FF490514FF41052C0F81845C3F8CC
:10B7C0000018C3F8042810BD00F00140001000402C
:10B7D000704700BF054B02280CBF0421032140F233
:10B7E0000122C3F81015C3F850267047001000401E
:10B7F000014BC3F80C05704700100040014BC3F823
:10B800000805704700100040084B00F07F00C3F8A7
:10B810005405D3F8182522F00072C3F81825D3F880
:10B82000182542F00072C3F8182570470010004038
:10B83000084A00210123C2F82C15C2F83035C3781C
:10B84000C2F824358178038843EA01431B02C2F819
:10B850001C35704700100040C2F38203A3F10203BD
:10B8600002F00302B3FA83F3013A5B091B06022AD2
:10B8700098BF43F4801300F00F000A4A184340F4C5
:10B880008070C2F81405D2F81805074B0340C2F8BF
:10B890001835D2F81835194341F44031C2F818155B
:10B8A000704700BF001000400000F8FE014BC3F8D5
:10B8B0000405704700100040014BC3F804057047B1
:10B8C0000010004002280CBF28202920704700BF2C
:10B8D000012070472920704702280CBF05200A204C
:10B8E000704700BF014B01221A60704700100040F2
:10B8F000074A084910B401234FF410640020C2F82D
:10B9000008455360D360C1F800020B6110BC70475A
:10B9100000F0014000100040094B0022C3F8002154
:10B92000D3F80011C3F80421D3F80411C3F80C2193
:10B93000D3F80C11C3F81021D3F81031704700BFB1
:10B9400000100040034BD3F80001003818BF01205D
:10B95000704700BF00100040034BD3F804010038CB
:10B9600018BF0120704700BF00100040034BD3F800
:10B970000C01003818BF0120704700BF00100040C4
:10B9800001207047034BD3F85005B0FA80F040090E
:10B99000704700BF00100040044B40F20312C3F890
:10B9A0003425C3F83805C3F83C1570470010004033
:10B9B000034BD3F80004003818BF0120704700BFC4
:10B9C0000010004000487047FC4C002000487047C1
:10B9D000F84B0020F0B41D4B1D4D1E4E1E4C1F4F4A
:10B9E0000322C3F800222A78C6F8687502F10C0316
:10B9F000DBB2D000DB00910003F1804300F1804016
:10BA000003F5F83300F5F83001F18041C6F86C0514
:10BA100001F5104104EB82041148C3F81045C3F846
:10BA20001405D1F840352D2B8ABFD1F840350123BC
:10BA30002D3BC1F840350132064B4FF4106102F046
:10BA40000102C3F804152A70F0BC704700100040D2
:10BA5000A061002000F00140409100400C11004026
:10BA6000041000402DE9F041284E294C294FDFF801
:10BA7000A8E0DFF8A8800323C6F800322178CEF8CA
:10BA8000688501F10C03DBB2DB00CD0003F18043DC
:10BA900003F5F83305F1804507EB810705F5F83527
:10BAA000CEF86C554FEA810CC3F8107549F6346531
:10BAB000C3F814654AF2B813022A18BF1D460CF1E8
:10BAC000804C42F2B84241F28833022818BF134634
:10BAD0000CF5104C124A2B44A2FB0323DCF8402542
:10BAE000B2EB931F85BF9809DCF8403501231B1A80
:10BAF000CCF840350131084B4FF4106201F00101E0
:10BB0000C3F804252170BDE8F08100BF001000409B
:10BB1000A06100204091004000F001400C11004065
:10BB2000D34D62100449054B03204FF41062C1F855
:10BB30000002C3F8082570470010004000F00140E3
:10BB4000034B0022C3F81C21D3F81C31704700BFFF
:10BB500000100040034BD3F81C01003818BF01202F
:10BB6000704700BF0010004010B44FF0000C4FEAC7
:10BB70008C0303F1804303F580531468C3F8004637
:10BB80000CF1010C9488C3F82046BCF1080F02F1B7
:10BB90000602ECD1034B40EA0120C3F8400610BC7A
:10BBA000704700BF00100040034AD2F8403623F02F
:10BBB000FF03C2F84036704700100040034B0022DC
:10BBC000C3F81421D3F81431704700BF00100040AF
:10BBD000034BD3F81401003818BF0120704700BF91
:10BBE00000100040014BD3F81004704700100040D3
:10BBF0000449054B054A4FF48020C1F84803C3F8B7
:10BC00000825704700B0004000F00140C001700EF0
:10BC1000034B044A1B7803F5A87342F823007047CE
:10BC2000A061002000900040F0B4A2F574232F4DD5
:10BC3000A3F51073AB42044606D902F1E87202F58F
:10BC4000D432013902F5A572294B2A482A4D2B4ED0
:10BC50000127DF600027C3F80475A0FB0202042758
:10BC6000C3F81075900C0227C3F80875244AC3F86E
:10BC70004005C5F848154FF48021C5F8441340210C
:10BC8000C2F84065C2F84435C2F804154CB34FF40D
:10BC90008013C2F804351B4A012100240423D1601B
:10BCA000C2F80445C2F81035154BC2F808451160BA
:10BCB0001549C3F850150C32C3F8542502F5AF32BC
:10BCC000124CC3F8584502F5FC7201F50041C3F867
:10BCD0005C2538310832C3F86015C3F86425F0BC20
:10BCE00070474FF40013C2F80435D4E7BFBDF07FAE
:10BCF0000080004083DE1B4300B0004048B100409C
:10BD000000F00140009000400C11004040910040C4
:10BD1000014BD3F84805704700B000400349044A7E
:10BD200001234B600B61536013617047008000403A
:10BD3000009000400449054BC1F844054FF088626B
:10BD4000C3F80425704700BF0080004000F00140A8
:10BD5000054B06480649074AC3F84805C3F84C1581
:10BD6000C3F80425704700BF00F0014000110040F7
:10BD70004080004080000004014BD3F84405704728
:10BD800000800040014B1860704700BFF44B00205A
:10BD9000014B1868704700BFF44B0020014BD3F8EB
:10BDA0004005704700800040024B4FF00062C3F82E
:10BDB0000425704700F00140014BD3F84805704757
:10BDC00000800040014BD3F84805704700800040D8
:10BDD000244B30B40024C3F800450224A142C3F828
:10BDE0000045054634D003F580334FF000711E4CFA
:10BDF000C3F804151B491D4BC1F80445D3F8183589
:10BE0000DBB21F2B03D9FF2B29D0191F00E01B2108
:10BE1000144B1748C3F8181500241649C3F80855E1
:10BE2000C3F80C05C3F81025C3F81415C3F8004275
:10BE3000C3F80041D3F80021C3F80441D3F804212A
:10BE4000C3F808410122D3F808111A6030BC7047CA
:10BE5000094B0A4C4FF00071C3F80415CAE7FB21E7
:10BE6000D6E700BF00F000400100000100100040D4
:10BE7000F84B0020E84A002000F0014001000101D9
:10BE800030B41C4B1C4C1D4A0025C3F80055054618
:10BE90000220C3F80005C3F80445D2F81835DBB218
:10BEA0001F2B03D9FF2B22D01A1F00E01B22114B9E
:10BEB0001348C3F818250024C3F808550122114D72
:10BEC000C3F80C15C3F81005C3F81455C3F80022C5
:10BED000C3F80041D3F80011C3F80441D3F80411AA
:10BEE000C3F80841D3F808111A6030BC7047FB2230
:10BEF000DDE700BF00F0004000000101001000403D
:10BF0000F84B0020E84A002038B5114C0223C4F851
:10BF10000433D4F8043163B92025EFF3118085F39D
:10BF20001288BFF36F8F0DF0E3F8D4F80431002BC3
:10BF3000F3D0074B074A02204FF40041C3F808032F
:10BF4000C2F88011D3F80801B0FA80F0400938BD7A
:10BF500000F0004000E100E0034BD3F8000400389B
:10BF600018BF0120704700BF00F00040034B0121C3
:10BF700000229960C3F80025704700BF00F0004020
:10BF8000F0B4194A194BD2F80455194E0024013D5A
:10BF90000327C3F80075C3F80405C3F80815C3F8F0
:10BFA0001055C3F81465C3F80041D3F80011C3F865
:10BFB0000441D3F80411C3F808414021D3F80831F3
:10BFC000C2F86015D2F800320A4943F04003C2F8C3
:10BFD0000032C2F828414FF40003D2F82821C1F8FA
:10BFE0000435F0BC704700BF0010004000F0004076
:10BFF000E44A002000F00140014BD3F800047047F0
:10C0000000F0004010B4084A084C09490023C2F867
:10C0100028314FF40000D2F82821C4F80035C1F8C7
:10C02000080510BC704700BF0010004000F0004041
:10C0300000F0014038B5164BD3F828312BB3154C1E
:10C040000123C4F80433D4F8003163B92025EFF399
:10C05000118085F31288BFF36F8F0DF049F8D4F883
:10C060000031002BF3D00B4B0B4A01204FF4004161
:10C07000C3F80803C2F88011D3F804212AB1D3F819
:10C080000801B0FA80F0400938BD002038BD00BF7B
:10C090000010004000F0004000E100E001390129FB
:10C0A00005D80B200AB1E9F7A7B9E9F7B3B908B584
:10C0B000074A084908482D230CF008FA002383F3A7
:10C0C0001188BFF36F8F0323184602DF08BD00BF3E
:10C0D000E407030030F4020054F3020029B10139EF
:10C0E000012905D80B20E9F7A9B91820E9F7A6B965
:10C0F00008B5084A0849094841230CF0E7F900232C
:10C1000083F31188BFF36F8F0322104602DF1846B6
:10C1100008BD00BFE407030030F4020054F302003E
:10C1200088420FD0012807D002280DD1A1F10100CB
:10C13000B0FA80F040097047A1F10200B0FA80F037
:10C14000400970470120704700207047012908B559
:10C1500011D002290FD0A1B10D4A0E490E487B2300
:10C160000CF0B4F9002383F31188BFF36F8F03231E
:10C17000184602DF08BD094B4FF40062C3F80021E6
:10C1800008BD064B4FF08072C3F8002108BD00BF08
:10C19000E407030030F4020054F3020000E100E081
:10C1A00008B512F044F908BD032810B5044604D8B8
:10C1B000124B1C5D9CB1204610BD114A114912481A
:10C1C00029230CF083F9002383F31188BFF36F8FC9
:10C1D0000323184602DF094B1C5D002CEBD1084AF3
:10C1E0000A4909482C230CF071F984F31188BFF334
:10C1F0006F8F0323184602DF204610BDB4080300EA
:10C20000340803008408030054F30200A408030068
:10C21000013810B51C46042863D8DFE800F014226A
:10C220001B29030004292CD0304A31493148B82356
:10C230000CF04CF9002383F31188BFF36F8F0323B5
:10C24000184602DF10BD04292BD0284A2849294866
:10C250004C23EDE704291CD0244A254925487A239C
:10C26000E6E7032925D0214A214922486323DFE755
:10C2700003292ED0042924D01C4A1D491D48A0237F
:10C28000D6E71D4B9C60BDE8104002210320F1F76A
:10C2900091BA1A4B9C60BDE8104002210120F1F7D1
:10C2A00089BA174B9C60BDE8104002210020F1F7CD
:10C2B00081BA144B01219C60BDE810400846F1F79B
:10C2C00079BA114B02219C60BDE810400846F1F795
:10C2D00071BA0E4B9C60BDE8104001210220F1F7BD
:10C2E00069BA024A02490348BE23A1E734080300A1
:10C2F00030F4020054F302005404002084040020AF
:10C30000A40400209404002064040020740400208D
:10C3100001460020FFF7ECB9124B30B4012104466E
:10C3200000205960C3F80445C3F80001C3F80401B4
:10C33000196005E0D3F8042132B9D3F804251AB105
:10C34000D3F80021002AF5D05960D3F80421002A3F
:10C35000E7D1D3F80455002DE3D0C3F8042530BC51
:10C36000704700BF00E0004070B5174C0126D4F8BC
:10C37000045566600E20E9F74DF8D4F8040140B189
:10C380000021C4F80411D5E90E323046BDE87040F2
:10C390001847D4F8006146B1C4F80001D5E90E325F
:10C3A00005F12001BDE870401847084A08490948CE
:10C3B000E4230CF08BF886F31188BFF36F8F03230F
:10C3C000184602DF70BD00BF00E00040B80803005F
:10C3D00030F4020054F3020070B58CB00E461546DE
:10C3E0000146102268461C46F1F746F910220DEB73
:10C3F00002003146F1F740F96846FFF78DFF25B19D
:10C40000102208A92846F1F737F92CB108AD0FCD55
:10C4100020606160A260E3600CB070BD10B504469E
:10C42000006803F09BFC094B98420DD094F88830CB
:10C4300013F0010004D06068E8F75AF8002802DB26
:10C44000002384F8893010BD0020FCE70000AD0B0C
:10C4500038B5036903293ED8DFE801F0020E020E69
:10C4600093F889200AB9002038BD0122186883F8A2
:10C470008A2003F0FBFCF6E793F88820920702D4A9
:10C480006FF00400F0E793F8892002F0FF05002A1E
:10C49000E9D183F88A500469012384F8893094F83B
:10C4A000883013F0010F10D00C4BE3604FF0030302
:10C4B00065612361D7D0606804F10801E7F780FF68
:10C4C0000028D0DA84F88950DAE72046FFF7A6FF83
:10C4D00000EAE070C8E76FF01500C5E7CFC60200BC
:10C4E0002DE9F04F0569476895F889200E6989B0F4
:10C4F0000C4602F0FF03002A40F0D38091F824A0FC
:10C5000091F82620BAF1010F0BD1012A81F825A05C
:10C5100081F827A00B622DD06FF0150009B0BDE89F
:10C52000F08F022184F8251001218A4284F8271017
:10C530002362F1D1BAF1020FEED14FF0100E626911
:10C54000724501D0012AE7D1A369002BE4D13168FB
:10C5500009B1317981B995F88830980708D52868EC
:10C5600003F0DEFB95F888306FF3410385F88830DF
:10C570000020D3E79E46E2E71029CDD10AF1FF3132
:10C58000D1F1000A4AEB010A07F10409724508BF1C
:10C590009B46B9E80F000DF10808A8E80F0099E8DC
:10C5A000030018BF4FF0010E88E8030023684048DD
:10C5B0008DF808A018BFF3468DF809B0C4F81CE048
:10C5C00001934FF001094FF0FF3290F800A0D6F828
:10C5D000008038494FF0000E0B68DDF804B05B4571
:10C5E0005AD3D4F804B05B4513D9BEF1000F04D080
:10C5F0004378CDF814C08DF81B30E2B1B9F1010FCA
:10C6000000F1020002D0013215D185E74FF0020996
:10C61000DBE7B3FBFAF3984533D8A3EB080B93455C
:10C6200038D2D1F804C0BBF1000F30D14378CDF837
:10C6300014C08DF81B3095F888309B0708D5286802
:10C6400003F06EFB95F888306FF3410385F888306E
:10C650003A68286802A903F023FB174B984223D1BC
:10C66000F388EB61B368AB6197F8203095F88820C8
:10C67000003B18BF012343F0020322F003021343DF
:10C6800074E7A8EB030B934506D2D1F804C05A46D1
:10C690004FF0010E9845A8D3084B083199429BD121
:10C6A000A3E76FF00F0039E76FF0040036E700BF33
:10C6B000062E0300040903000000AD0B340903003B
:10C6C00037B50446002201211D20E8F7C5FE636846
:10C6D000DD6901AA0021284610F077F900282BDB3C
:10C6E000019B2A681979186801F086FA002823DB73
:10C6F000124D134B1349284640F8543B04231A4665
:10C7000011F0CBFD042310491A4605F1200011F069
:10C71000C4FD0020246900F043FA606058B90B4959
:10C720000B480C4A40F2A5230BF0D0FE094840F21A
:10C73000A5210BF0C2FE002003B030BD344E002016
:10C7400078090300D04E0020C04E0020E52D0300E4
:10C7500041150300B42D0300F7B506784C4C05468F
:10C7600046B994F88A204368002A34D1002B73D14B
:10C7700003B0F0BDA0690022002301A906F0FEFE6F
:10C7800000280BDA94F88A206B68002A33D1002B3A
:10C7900063D10123206884F88A306CE0019F002275
:10C7A000002301A904F1200007F074F8002804DA3E
:10C7B0000199A06906F06EFFEBE7E2692068C2F319
:10C7C0004F02394603F004FB324B94F88A2098421A
:10C7D0006B68DAD1C8E703BB94F88930002BC7D067
:10C7E000002384F8893094F88830D907C0D5606870
:10C7F000E7F77EFEBCE78BB994F88930002BC8D0F0
:10C80000002384F8893094F88830DA07C1D560684D
:10C81000E7F76EFE0028ABDBBBE700261E480022D0
:10C82000002301A907F012F90028A1DB0199A069F2
:10C8300006F030FF94F889305BB1002384F889302A
:10C8400094F88830DB0704D56068E7F751FE0028CC
:10C850008EDB002E9DD18BE700260F4D002200239A
:10C8600001A9284607F0F2F8002807DA012355F855
:10C87000200C84F88A3003F0F9FA79E700220023CB
:10C8800001A905F1340007F005F80028E1DA8FE787
:10C89000344E00200000AD0B544E002037B50C463E
:10C8A0000A490B4A411A4023009349110546234681
:10C8B00008480FF01CFF011E05DA2846234603B086
:10C8C000BDE83040184703B030BD00BFF44E002033
:10C8D00059C702009CE80200C9B2012908B509D96C
:10C8E00008490948094A7F230BF0F0FD07487F21DA
:10C8F0000BF0E3FD03690C2201FB0233986C00F09E
:10C90000070008BD542E030041150300172E030035
:10C9100070B5C9B2012903690BD9194919481A4AD6
:10C9200040F2D1130BF0D2FD174840F2D1110BF0B9
:10C93000C4FDEFF31185202484F31288BFF36F8FB9
:10C940000C2606FB0134A46C14F0C00408D0A242EB
:10C9500006D085F31188BFF36F8F4FF0FF3070BDA5
:10C9600006FB013301229A6485F31188BFF36F8FB0
:10C97000436803EBC1035B6898470020EFE700BF03
:10C98000542E030041150300172E030070B50D4609
:10C990000649411A0446491105484022FFF7B8FFED
:10C9A0002B4601462046BDE870401847F44E002053
:10C9B0009CE80200002270B5012104461046E8F709
:10C9C0004BFD114802F026FA104B984218D120690D
:10C9D00000F056FA02F030FA26690D4930460BF0A5
:10C9E00058FE00280BDB0125B5642469084904F1D1
:10C9F00020000BF04EFE002801DB6565002070BDB5
:10CA00006FF00400FBE700BFD1CA01000000AD0BCE
:10CA10008C0903007FB500220123CDE9022304AB7A
:10CA2000CDE90433094ACDF800D06B46CDF804D0E7
:10CA30000FF08BFE002805DB4FF480420023684690
:10CA400007F000FD07B05DF804FB00BF6BC70200F4
:10CA500010B5EFF31184202383F31288BFF36F8F97
:10CA6000074A136823F00201DB07116002D401209A
:10CA700002F078FA84F31188BFF36F8F10BD00BF06
:10CA80004C4F002030B4104B0C2202FB0033014607
:10CA90000020D3E910521864EFF31180202484F3AE
:10CAA0001288BFF36F8F9C6C04F0C00444F0020442
:10CAB0009C6480F31188BFF36F8F1DB12B46034830
:10CAC00030BC184730BC7047F44E00209CE8020090
:10CAD000012810B504460AD003280CD078B90E4BB3
:10CAE0009B6C5B0717D1BDE81040FFF7CBBF00F090
:10CAF000D5F92046F7E7BDE8104000F0DDB9074959
:10CB00000748084A40F202330BF0E0FC054840F2C7
:10CB100002310BF0D2FC10BDF44E002019170300B7
:10CB200041150300172E030010B4EFF311822023E8
:10CB300083F31288BFF36F8F1748016841F0020436
:10CB40000460C80707D482F31188BFF36F8F0120F8
:10CB500010BC02F097B94FF08041D1F80C04D1F825
:10CB60000C14C907EFD5EFF3118083F31288BFF3DC
:10CB70006F8F0A498B6C03F0C00343F002038B6490
:10CB800080F31188BFF36F8F82F31188BFF36F8F2B
:10CB9000002010BCFFF776BF4C4F0020F44E002061
:10CBA000024BC0B203EB4010704700BFF44E0020B0
:10CBB000094BBFF35B8F53E8002F42F0010143E8BC
:10CBC00000100028F7D1BFF35B8F930702D4012038
:10CBD00002F058B9704700BF4C4F002010B5EFF37A
:10CBE0001184202383F31288BFF36F8F074A1368E1
:10CBF00023F001019B07116002D4012002F0B2F979
:10CC000084F31188BFF36F8F10BD00BF4C4F00201D
:10CC1000F8B53449BFF35B8F0646012251E8003F67
:10CC200041E800200028F9D1BFF35B8FA3B92E495A
:10CC30002E484B60CB608A60E7F7C2FB00280BDA16
:10CC40002B492C4A2C484FF429730BF03FFC4FF42E
:10CC5000297128480BF031FC06B3731E012B37D81D
:10CC600011F0E5FB0446D0B9244B1B78BBB14FF063
:10CC700080430222C3F8082305464FF08047D7F8C7
:10CC80001824D7F81834D20312D59B0701D0012EEF
:10CC90000ED1BCB185F31188BFF36F8FF8BDEFF3F0
:10CCA0001185202383F31288BFF36F8F0124E4E7FB
:10CCB0001CB128460CF01CFAE1E70021212009F004
:10CCC000E1FADCE74FF080430222C3F80423E5E7F2
:10CCD0000B49084A084840F2B6230BF0F7FB40F234
:10CCE000B621B6E7F04E0020E04E0020144F0020A1
:10CCF00033270300172E030041150300C3610020F2
:10CD00001917030008B5134BBFF35B8F012253E8DB
:10CD1000001F002903D143E800200028F7D1BFF30A
:10CD20005B8F16D10C490023CB600C4B4B60032367
:10CD30008B600B4B1868E7F743FB002809DA0949B9
:10CD400009480A4A4D230BF0C1FB08484D210BF05E
:10CD5000B4FB08BD6C4F0020544F002055CE01009D
:10CD6000504F00203327030041150300872E030096
:10CD700007B500220023CDE900230E484FF400320E
:10CD800000230AF025F90C4B1868E7F7B1FB0028DF
:10CD900009DA0A490A480B4A55230BF097FB094860
:10CDA00055210BF08AFB084B00221A6003B05DF896
:10CDB00004FB00BF08070020504F0020332703006A
:10CDC00041150300872E03006C4F0020F7B51C4E61
:10CDD0001C4CB7681C4DFB6840213046984740B159
:10CDE000002323702B8002F0D9F80123237003B0B5
:10CDF000F0BD0C213B696A46304698470028EFD1C8
:10CE0000124A019B93FBF2F3009A217803EB820311
:10CE10001BB2B5F900200029E4D09A1A002AB8BF45
:10CE2000524212B2012ADDDC094A1368013901338A
:10CE30002170136003B0BDE8F040FFF799BF00BF59
:10CE4000DCE90200A16100204A58002090D00300D4
:10CE5000644F002008B5074811F0D5F928B902F051
:10CE60009DF8054B01221A7008BDBDE80840034833
:10CE700007F0C6BEDCE90200A1610020B404002076
:10CE8000034B044A186000231360034A1360704781
:10CE9000504F0020684F0020644F0020024B0022BA
:10CEA0001A70FFF72FBF00BFA1610020014811F0E9
:10CEB0007CBB00BF08070020024A136801331360DF
:10CEC000FFF756BF684F0020EFF31182202383F352
:10CED0001288BFF36F8F0A4BD3F8001161B10021A4
:10CEE000D3F80805C3F80011D3F80031C0B282F3BB
:10CEF0001188BFF36F8F70476FF00A00F7E700BF2C
:10CF000000D00040F0B5034610469C7893F803C06B
:10CF1000EFF31182202585F31288BFF36F8F1F78FE
:10CF200093F801E0E41B04EA0C04A04288BFA0B21D
:10CF30003E180CEA06063D461E7082F31188BFF3C8
:10CF40006F8F0A188A4216D177450CD1EFF3118200
:10CF5000202181F31288BFF36F8F1978597082F303
:10CF60001188BFF36F8F1B79241AA34222BF064B8F
:10CF700001221A60F0BD5E190135767901F8016B66
:10CF800005EA0C05DEE700BF00D000402DE9F047C0
:10CF90002D4D0069A8420E4614460BD02B492C4853
:10CFA0002C4A40F203130BF091FA2A4840F2031185
:10CFB0000BF083FADB4313F0010504D03030FFF7A8
:10CFC000A1FFBDE8F0879AB3EFF31188202383F324
:10CFD0001288BFF36F8F0D20E8F730FA07460D2057
:10CFE000E8F718FA88F31188BFF36F8FDFF868A0AD
:10CFF000DFF86880CAF80051DAF800314FF40059C0
:10D000000123CAF800302546C8F88091DAF80031CB
:10D0100083B1FFF759FF031EC8F88091F6DB013D8D
:10D02000ADB27355002DF1D117B10D20E8F7E4F939
:10D030002046C6E7EFF31180202383F31288BFF365
:10D040006F8F0CF055F8E1E7704F0020FA2E0300C7
:10D0500041150300C82E030000D0004000E100E0AD
:10D060002DE9F041194B07699F420D46144605D141
:10D0700007F1450864B92046BDE8F0811449154818
:10D08000154AE5230BF022FA1348E5210BF015FAB7
:10D090004FF0FF334FF0FF32384607F0D3F9224606
:10D0A00029464046FFF72EFF0646384607F046F968
:10D0B0003EB94FF0FF324FF0FF33084807F0C2F996
:10D0C000E6E7A41BA4B23544D4E700BF704F0020AC
:10D0D000FA2E030041150300C82E0300884F0020DC
:10D0E00038B5214B04699C420BD020492048214A85
:10D0F00040F247130BF0EAF91E4840F247110BF0DB
:10D10000DCF901221146204611F01CF90122002110
:10D1100004F1180011F016F940F20743A4F8483062
:10D120004FF0706323630C2384F834300025124BD6
:10D1300084F84550A4F84650D3F8042542F0010283
:10D14000C3F804250121C3F80051D3F80021C3F826
:10D1500004132A4619600D20E8F77EF90D20E8F740
:10D160004BF9284638BD00BF704F0020FA2E03004F
:10D1700041150300C82E030000D0004010B5FFF792
:10D18000A3FE002820DB174B93F8322093F83140A0
:10D1900093F83310141B31EA0404C0B20DD193F894
:10D1A000472093F8464093F84810141B31EA0404D2
:10D1B0000BD10D4B01225A600EE09C180132114038
:10D1C00084F8350083F8321010BD9C1801321140EC
:10D1D00084F84A0083F847100448BDE8104007F07F
:10D1E000ADB800BF704F002000D00040884F002035
:10D1F000024B0B6001231360704700BFC44F002037
:10D2000000487047A809030010B5012211460748DD
:10D21000074C11F097F8FCF751F90FF0B1FD2060C1
:10D220000FF0AAFD6060002010BD00BFCC4F0020B1
:10D23000C44F00204FF08042D2F81015D2F81035BC
:10D2400001F01E0123F01F030B4343F00103C2F85A
:10D250001035024B00221A70704700BFA2610020F7
:10D260004FF08053D3F83031082B20D14FF080425B
:10D27000D2F81015CB071AD5D2F8103501F01E01DF
:10D2800023F01F030B43C2F81035D2F808315BB10D
:10D29000D2F8103523F01F030B4343F00103C2F80B
:10D2A00010356FF08B007047024B01221A7000207E
:10D2B000704700BFA2610020F8B504460FF05CFD86
:10D2C000237B05460BB1FCF70FF9134F0026FFF740
:10D2D000C7FFE8B9606802F0C3FBA3685B1BA360EB
:10D2E00063682B4463603B780BB1FFF7A3FF237B9C
:10D2F00001363BB9A368002BE9D1A068003818BFFC
:10D300000120F8BD3046E4F7A7FB0028F2D0F4E78F
:10D310006FF08B00F5E700BFA2610020F0B587B089
:10D320000E4615460FF028FD2946074630460FF0F9
:10D3300096FAC8B3B6FBF7F307FB1363A3BBB5FBC1
:10D34000F7F407FB14547CBBBD4222D34FF0FF32ED
:10D350004FF0FF33164807F075F8FCF7C1F802AB41
:10D3600001461022C0B12146184611F0ACF9012245
:10D370008DF814200F4ACDE900200F48CDE9036550
:10D38000FCF7A6F86846E4F7D3FA0446084806F026
:10D39000D5FF204607B0F0BD184611F094F9CDE94D
:10D3A0000365FFF789FFF0E76FF01504F1E700BFB1
:10D3B000CC4F0020B9D20100645E010070B5037B40
:10D3C00004460BB1FCF790F8194E0125A368032B16
:10D3D00006D8184AD2F80034DB07FBD5002070BD10
:10D3E000FFF73EFF08BB23686068196802F070FB16
:10D3F00033780BB1FFF71EFF636804336360236863
:10D4000004332360A368043BA360237B0135002B16
:10D41000DCD02846E4F720FB0028D7D0054AD2F814
:10D420000034D907FBD50120D9E76FF08B00D6E790
:10D43000A261002000E0014070B50D4686B019469B
:10D44000284616461C460FF00AFA60B345EA040364
:10D450009B0728D1FCB14FF0FF334FF0FF32134848
:10D4600006F0F0FFFCF73CF80346CDE9026502A8A0
:10D4700004949BB101238DF814300D4BCDE900309D
:10D4800041F64C50FCF724F86846E4F751FA04469C
:10D49000064806F053FF204606B070BD8DF81430E4
:10D4A000FFF78CFFF3E76FF01504F4E7CC4F002093
:10D4B000BDD3010010B5036961B92049204A214854
:10D4C0003F230BF003F820480BF000F83F211C48E5
:10D4D0000AF0F3FF486850B91C49194A194840231B
:10D4E0000AF0F4FF1A480AF0F1FF4021EFE758680C
:10D4F000F8B1884219D19C6808685860A14200D1EF
:10D500009860002008602AB15A680A609A685960D9
:10D5100002B99960002010E0814206D108682060BD
:10D5200098688142EDD19C60EBE7044600680028D2
:10D53000F2D1002AE8D16FF0150010BD802F030052
:10D54000442F030041150300892F0300982F030087
:10D55000AA2F030008B503685909024614D001290F
:10D5600006D103F01F034FF6FF71D940C80713D44B
:10D570000B490C480C4A40F2C7330AF0A7FF0A488F
:10D5800040F2C7310AF099FF4FF0FF31D940C90787
:10D59000EED54FF0A04000E00448136008BD00BF86
:10D5A000F42F030041150300C12F030000030050B6
:10D5B000F0B54068057B01F01F0444EA4514056995
:10D5C00087B0002D78D0B2F5001F00F1100506D10C
:10D5D000214628460FF0B1FB002007B0F0BD01AE98
:10D5E0000027B2F5800F0197776034D1B3F1007F47
:10D5F00014BF052304238DF804300023CDE9046310
:10D6000003938368CB40D9073AD4B2F1A07F37D1D6
:10D6100068460094FFF79EFF009B03F5E07350F807
:10D620002330DB072CD46A462146284602F034F822
:10D63000244B98421AD0CDF808D003AA2146284698
:10D6400001F0F4FE204B984239D1012221462846B0
:10D6500002F09EF8C0E7B3F1C06F05D0B3F1007FD0
:10D6600014BF01230223C6E70323C4E76946284603
:10D6700002F088F8144B9842DDD06FF00B00ACE755
:10D680006A462146284602F007F80F4B98420646A4
:10D69000D3D19DF80010284602F06EF8B042CCD0ED
:10D6A0000A490B480B4A40F2BD130AF00FFF094824
:10D6B00040F2BD110AF001FF6FF085008DE76FF0B9
:10D6C00015008AE70400AD0B0000AD0B43300300EA
:10D6D00041150300173003002DE9F043466840F27E
:10D6E0000635337BD00687B001F01F0702EA050537
:10D6F00047EA431754BFC2F340130323B5F5837FB2
:10D7000014468DF8033045D00DD8062D16D005D817
:10D71000A5B1022D40D06FF0150038E0B5F5807F3F
:10D72000F9D101250AE040F20222954236D0B5F542
:10D73000407F35D0B5F5007FEDD1022501232203CE
:10D7400003FA01F12ED57368C3F8081533697BBB62
:10D7500003A80397FFF7FEFE039B00EB830084F40E
:10D760008033C3F30043C4F34044D0F8002744EAB5
:10D7700043049DF8033022F4E16244EA830422F07A
:10D78000070244EA05231343C0F80037002007B01E
:10D79000BDE8F0830725D1E70425CFE70525CDE7D0
:10D7A0000325CBE7630344BF7368C3F80C15CDE7CB
:10D7B00010360DF102023946304601F06DFF14F4C7
:10D7C000403F804617D1394630460FF0B4FA244B1B
:10D7D0009845DBD19DF80210304601F0CDFF404561
:10D7E000D4D020492048214AD7230AF06FFE1F4891
:10D7F000D7210AF062FE01AB4FF0000903AA3946B7
:10D800003046CDE90439CDE90199CDF80C9001F00D
:10D810000DFE134B9842B9D114F4003315D09DF886
:10D8200003308DF80E3084F48034C4F300444B464A
:10D8300003AA394630468DF80C508DF80D4001F0A2
:10D84000A9FE074B9842A1D1C1E7CDE9043303AA51
:10D850000DF1030339463046039301F0E7FDF0E78D
:10D860000000AD0B433003004115030017300300E7
:10D87000420970B5034602D0012A1ED070BD144E75
:10D88000326951680029F9D003F01F0301250C68A3
:10D890009D400029F2D08A682A4012D04B6873B9A3
:10D8A0000C490D4A0D4864230AF010FE0C480AF09A
:10D8B0000DFE094864210AF000FE0A4EE0E73046FA
:10D8C00098471CB1236821461C46E2E72346FAE745
:10D8D000DCE80200B4350300442F030041150300C7
:10D8E000AA2F0300BCE8020038B545682B69B3B124
:10D8F0001035284601F036FF044680B90146284617
:10D9000001F0F6FE084B98420BD108492246284602
:10D9100001F0BCFE224605210620E7F79DFD002010
:10D9200038BD6FF00400FBE70000AD0B71D80100BB
:10D9300002780B69012A08D0022A08D04AB9064A9F
:10D940001A6303F1180006F0F9BC044AF8E7044A28
:10D95000F6E7044AF4E700BF0000AD0B0100AE0B90
:10D960000200AE0B0100AD0B2DE9F04F87B0D0F8EF
:10D9700010B004934368D3F828809B8B0393174619
:10D980004FF0FF334FF0FF3205460C460EF0D2FF4A
:10D990000BF118030293002300220BF1180000265C
:10D9A00006F050FD3346BE4201D300234DE0207AFD
:10D9B000010776D40136BE4221680BD2820709D412
:10D9C000227D80EA020C0CF0010C02F004025CEAF9
:10D9D000020C08D023B901F06042B2F1005F1AD006
:10D9E0004FF0000901E04FF001096268DDF80CE03A
:10D9F00003EB020CF44557D8C00705D408EB03002D
:10DA0000059310F038FE059B62681A4493B2B9F191
:10DA1000000F2FD113BBD4F800A0A3884FF000094A
:10DA2000049A217A00922846524600F063F8031EB9
:10DA30000BDB4FF480420298002306F003FD80B117
:10DA4000284600F037F86FF00403284602930EF0E2
:10DA500074FF029B184607B0BDE8F08F9946C24696
:10DA6000DEE7DBF83030124A9342ECD1237ADB0751
:10DA700002D400230C3496E7C245FAD1A24609E04D
:10DA8000A9EB02011FFA81F9DAF80C0018FA81F10A
:10DA900010F0F1FDDAF804209145AAF10C0AEFD25A
:10DAA000E7E76FF08503D0E76FF01B03CDE700BF1A
:10DAB0000000AD0B70B544682368D3F80855D3F85F
:10DAC0000C65204602F02CFF3146284603F0E0FBAF
:10DAD00000210546606A0EF033FF204602F0FAFE90
:10DAE000034B9D4214BF6FF00F00002070BD00BFBC
:10DAF0000000AD0BF0B587B047680C461646002114
:10DB000012220DF106001D4610F0DDFD04F00103A8
:10DB10008DF80430BDF830308DF80530BB8D02959E
:10DB2000AB42049614D384F00202C2F340025201C5
:10DB300001A9384602F082FF084B98420BD00B3304
:10DB4000984214BF6FF004006FF00F0007B0F0BDF3
:10DB50006FF01B00FAE70020F8E700BF0000AD0BF4
:10DB600038B545682B6A04469847686A01210EF06B
:10DB7000E7FE2346AA6905F10801284602F066FE81
:10DB8000054B984204D120460EF000FF002038BD1E
:10DB90006FF00400FBE700BF0000AD0B08B50368A1
:10DBA0005909024614D0012906D103F01F034FF68C
:10DBB000FF71D940C80713D40B490C480C4A40F2F6
:10DBC000C7330AF083FC0A4840F2C7310AF075FCFB
:10DBD0004FF0FF31D940C907EED54FF0A04000E02B
:10DBE0000448136008BD00BFF42F03004115030073
:10DBF000C12F0300000300502DE9F04FDFF818910A
:10DC000085B09246834600EB810640F2FF175E45E1
:10DC100003D1002005B0BDE8F08FDBF800305D04D3
:10DC2000C3F3C322C3F308046FD43C491B0E043B67
:10DC30008D5CBC4208BF4FF0FF34112B68D8DFE881
:10DC400003F0091021676767672958676767676787
:10DC500067675B5E601CCAF8084553D10BF1040B83
:10DC6000D5E7CAF80C45611CF8D04FF0010803A8AD
:10DC70000394FFF793FF039B012101FA03F3C0F81C
:10DC80000C3511E0CAF81045621CE7D04FF00008CF
:10DC9000414609E0CAF80845002DF5D1631CDDD0E6
:10DCA0004FF0000841460625DBF80030019303F4ED
:10DCB0000040002818BF002103A8009118BF4FF0B2
:10DCC00001080394FFF76AFF039C019B009900EB96
:10DCD0008400C3F3412CD0F800472B0243EA8C03A5
:10DCE0000B4304EA0904234343EA4803C0F800371E
:10DCF000B4E7CAF80C45CFE7CAF84045B3E7CAF81D
:10DD00004445C1E74FF00008B1E76FF0150081E727
:10DD10006FF085007EE700BFF0F8FCFF8030030065
:10DD2000014B01221A60704700C000400C290369B2
:10DD30000BD1DB6A064907484B4393FBF0F100FB2C
:10DD4000113311605360002070476FF085007047F9
:10DD500090D0030040420F00044B00690022C3F83A
:10DD60000021D3F8003106F0E9BA00BF00C000403E
:10DD70007FB505692B6B002B42D0402901D00C29BF
:10DD800041D105F118064FF0FF324FF0FF33304616
:10DD900005F03CFF1D4B019300240323286B0394E3
:10DDA00069460293E6F70CFBA04209DA1849194AC2
:10DDB00019483D230AF08AFB3D2116480AF07DFBF5
:10DDC0004FF0FF324FF0FF33284606F03BFB286B45
:10DDD000E6F78EFB002807DA0D490E4A0E4842236B
:10DDE0000AF074FB4221E8E70C4BD3F80825EA62FD
:10DDF00001225A60304605F0D9FF204604B070BDBC
:10DE00006FF00A00FAE76FF08500F7E721DD010007
:10DE100035270300883003004115030000C000408F
:10DE200010B504690020FEF7BBFE206348B9114914
:10DE30001148124A77230AF049FB104877210AF06B
:10DE40003CFB4FF0FF320021204610F07BFA04F13A
:10DE5000180010F03EFA002201210C20E7F7FCFA2E
:10DE60000C20E7F7C9FA064B0122C3F8042300206F
:10DE700010BD00BFC230030041150300883003000D
:10DE800000C0004008B503685909024614D00129B2
:10DE900006D103F01F034FF6FF71D940C80713D412
:10DEA0000B490C480C4A40F2C7330AF00FFB0A48F2
:10DEB00040F2C7310AF001FB4FF0FF31D940C907EA
:10DEC000EED54FF0A04000E00448136008BD00BF4D
:10DED000F42F030041150300C12F0300000300507D
:10DEE00010B5012303FA01F1436804691B68194264
:10DEF0000ED10E490E4A0F4840F28E630AF0E6FA40
:10DF00000D480AF0E3FA0A4840F28E610AF0D5FAA9
:10DF10002368194218BF82F0010222B18368DB68CE
:10DF2000BDE81040184783681B69F9E70315030033
:10DF3000D2140300411503005E1503002DE9F843D8
:10DF40004468066905460021606B0EF069FD0028F3
:10DF500022DBA16B481C16D1E36A9847B4680127FD
:10DF60000834D6E9023203EBC203A4F1080293425B
:10DF700014D830460EF096FD6B680021586B0EF0F9
:10DF80004FFD002008E004F13C0000F099FA10F188
:10DF9000130F01D0411DDFD1BDE8F88354F8080C00
:10DFA00010F031F9002858D054F8080C14F8041C6B
:10DFB00034F8023C03F03002302AD0E901C9D0F82D
:10DFC00010800ED12649274A274840F2E3330AF051
:10DFD0007DFA26480AF07AFA40F2E33121480AF045
:10DFE0006CFA03F00602042A09D121491D4A1E4891
:10DFF00040F2EA330AF06AFA40F2EA31EEE7DCF87E
:10E0000000C0DA0707FA01FE54BF43F4B01383F4EB
:10E01000D0131EEA0C0F23F480120CD11549114ABB
:10E02000114840F2FD330AF051FA13480AF04EFA53
:10E0300040F2FD31D2E7D8F800C0DB074CBF4EEA12
:10E040000C032CEA0E03C8F80030D9F800309847CA
:10E05000002804F1080484DA9EE76FF012009BE7C1
:10E0600087150300D214030041150300C0150300F7
:10E0700099160300031503005E1503002DE9FF4107
:10E080000569D0F804802B6E0646A86D002835D1AE
:10E09000002B53D0B8F830406A6DEF6D9C4228BF1A
:10E0A0001C46EB6D53B1296E41B107F06041B1F1EF
:10E0B000005F03D0082C6F6F28BF082400926A6DA0
:10E0C000AC661AB1AA6D002A18BF2246CDE9012715
:10E0D0001BB12B6E002B18BF234600226946404619
:10E0E000039302F0E1F9184B984229D06FF0040134
:10E0F000304604B0BDE8F0410EF0F6BC696DEF6D3E
:10E10000B8F830400A46ABB1834228BF03469C4270
:10E1100028BF1C460029C4D001F06043B3F1005F62
:10E12000BFD0082C28BF08242246286F10F0A3FA7D
:10E130002A6FB6E7844228BF0446EBE71946D7E7C3
:10E1400004B0BDE8F08100BF0000AD0B2DE9F04F39
:10E150008FB004690193436802938B880646980444
:10E16000884691462ED44FF0FF324FF0FF3304F132
:10E17000100006F067F9C4F80480D6F804B0D6F8A9
:10E1800010A0DBF8083003939AF86D3023B1DAF869
:10E190000030984500F0A680B8F804E01EF4006F47
:10E1A00017D06FF08505236813B19B889B0405D4B5
:10E1B0000023636004F1100006F0C0F828460FB099
:10E1C000BDE8F08FA369002BCDD163689942CAD115
:10E1D000D3E71EF0090F02D06FF01505E3E7CEF389
:10E1E0004513082BF8D1D8F800508D4B9D42F3D938
:10E1F0000BF10C0CBCE80F0006AF0FC79CE80F003A
:10E2000087E80F00039BAB4228BF2B461D46854B7A
:10E210009D4217D2844B9D4214D2844B9D4211D211
:10E22000834B9D4245D8834B9D4244D8824B9D42AF
:10E2300043D8824B9D4242D88149824B824A8D42CB
:10E2400088BF13461EF0020F0B930EF0040338D064
:10E25000002B14BF032302238DF83030CEF30013BC
:10E260008DF83130DBF80030D3F80835591C0BD06D
:10E270001EF0020F059305A827D1FFF703FE059AAC
:10E2800001239340C0F80C359AF86D302BB15846F5
:10E2900002F0B8F800238AF86D3033466B4A06A9BD
:10E2A000584602F06FF86A4B984216D06FF004059A
:10E2B00079E7684BC6E7684BC4E7684BC2E7684B31
:10E2C000C0E7003B18BF0123C6E7FFF7DBFD059A57
:10E2D00001239340C0F80835D6E701238AF86D3052
:10E2E000CAF80080012384F86C30029B996B4A1CA9
:10E2F00003D003F13C0000F013F9B9F1000F68D12D
:10E30000C4F844900023A36404F1580204F14801C6
:10E3100004F144000EF071FB019B6065002B60D19D
:10E32000E3640023236504F1600204F1500104F169
:10E330004C000EF062FB00252A46E06501212046D4
:10E3400025640EF08EFB3046FFF798FEA06C2A463F
:10E350002B4683424DD10023256D1946A9424FD14A
:10E360009A42274638BF1A464FF4FA5303FB02F588
:10E3700057F8283B4FF000081B68B5FBF3F54FF446
:10E38000004CC835414640F2E7304FF47A72002322
:10E39000E5FB0C01E1F704FF02460B46384606F0A8
:10E3A00051F8024618B9256C15F1740F2FD1029857
:10E3B000C4F8688002F026F884F86D806FF073016D
:10E3C00030460EF091FB384606F0B6F86FF0730554
:10E3D000E9E6D9F800306364002B93D0D9F8043013
:10E3E00091E7019B1B68E364002B9AD0019B5B685B
:10E3F00098E7616C01EBC301013349680A44A8E75F
:10E40000E06C00EBC100013140680344A6E7002D39
:10E410003FF4C9AE014630690EF023FBC3E600BFEE
:10E4200047E801000048E8010024F40000127A00E7
:10E43000FF083D007F841E003F420F001FA1070020
:10E440008FD0030048E8010090D003000BCB0200FE
:10E450000000AD0B00093D0080841E0040420F000B
:10E4600020A1070008B503685909024614D0012904
:10E4700006D103F01F034FF6FF71D940C80713D42C
:10E480000B490C480C4A40F2C7330AF01FF80A48FF
:10E4900040F2C7310AF011F84FF0FF31D940C907F7
:10E4A000EED54FF0A04000E00448136008BD00BF67
:10E4B000F42F030041150300C12F03000003005097
:10E4C000F0B587B001238DF8023002238DF80430B7
:10E4D0006B4403930F4601AB0DF103010024049339
:10E4E00005460291059401F04DF90C4B9842064601
:10E4F0000FD103AA3946284600F098FFB0420BD04E
:10E500009DF80310284601F037F96FF0040007B0BA
:10E51000F0BD6FF01200FAE72046F8E70000AD0BFF
:10E52000F7B50C4605460EF00AFC002221460646C9
:10E53000284601F02DF901A80194FFF793FF019BF4
:10E5400000EB8302164BD2F800170B4043F00C038C
:10E55000C2F800370EF032FB07462B689B59B3B167
:10E560000026214628460EF0E8FB01A80194FFF79B
:10E5700079FF019B00EB8300094BD0F80027134083
:10E5800043F00403C0F80037304603B0F0BD0EF08E
:10E5900015FBC01B0628E0D96FF07306E1E700BF4A
:10E5A000F0F8FCFF70B40E49D1E90034D01AC3185A
:10E5B00044F1000422F07F46C1E90034A6F50013BF
:10E5C000B3F5400F09D2074B1B681A0A1B069C19AA
:10E5D000054B42F10005C3E9004570BC08F02EBBB5
:10E5E000182F00206C500020202F00200D4B1868A1
:10E5F000010A0006BFF35F8F0B4BD3F804351818E0
:10E6000041F10001B3F5801F0AD2084BD3E9002382
:10E61000904271EB030303D210F1807041F10001CD
:10E62000704700BF6C50002000100140202F0020D8
:10E630002DE9F7432F4CD4F8043399070BD5D4F8C0
:10E64000043143B12C4A0023C4F80431D4F8043116
:10E65000136801331360D4F80433DA0329D5BFF308
:10E660005B8F264B53E8002F22F0010143E8001096
:10E670000028F7D1BFF35B8FD30702D4D4F8403121
:10E68000BBB10025C4F84051D4F84031FFF7AEFFCC
:10E69000EFF31182202383F31288BFF36F8F184B9F
:10E6A000D3E90267B042B94106D282F31188BFF3C1
:10E6B0006F8F03B0BDE8F0834FF0FF384FF0FF39A4
:10E6C000C3E90289D3E900101D604FF48033C4F818
:10E6D0004833C4F84051D4F8403182F31188BFF375
:10E6E0006F8F0029E5D0009032463B462846884788
:10E6F000DFE700BF001001406C5000206450002094
:10E70000082F00202DE9F84F4B4DBFF35B8F0646D5
:10E710000F4655E8008F28F0010345E80032002A33
:10E72000F7D1BFF35B8F454C4FF48039C4F80893A1
:10E73000BFF35F8FBFF36F8FFFF758FFB04271EBEE
:10E74000070308F0010840D23D4B301A67EB010186
:10E75000984271F100014CD23A4BD3E902239F4217
:10E7600008BF96423ED04FF0000CC4F84893C4F85E
:10E7700040C126F07F40D4F84031DFF8CCA083467A
:10E7800003216FF0020E2BF07F43C4F84035C4F82C
:10E790004493D4F80425AEEB02035B4423F07F439B
:10E7A00053451FD9D4F840315BB1D4F80425131A6E
:10E7B00023F07F43B3F5000F14D9C4F840C1D4F857
:10E7C000403101EB020B0131DDE7204BBFF35B8FE2
:10E7D00053E8001F41F0010143E80012002AF7D17D
:10E7E000BFF35B8F174B1A4A1A60C3E90267002216
:10E7F0005A60B8F1000F1CD0BFF35B8F55E8003FA3
:10E8000043F0010345E80032002AF7D1BFF35B8FE4
:10E810004FF48033C4F804330C4BBFF35B8F1B6899
:10E82000BFF35B8FDB0742BF0A4B4FF40032C3F8E4
:10E830000021BDE8F88F00BF6850002000100140A3
:10E8400001008000082F0020FDFF7F0064500020A1
:10E85000A5E5010000E100E070B5194C194BC4F8C2
:10E860000833C4F84833184B00254FF0FF304FF001
:10E87000FF31C4F80855C3E902014FF48033C4F8EE
:10E880000433124B02264FF40032C4F80463012112
:10E89000C3F8802111202A46E6F7DEFD1120E6F7B5
:10E8A000ABFD01230A4AA3600021236009481360DD
:10E8B000FFF728FF3046FEF7ABF9284670BD00BFD2
:10E8C0000010014003000F00082F002000E100E0CD
:10E8D00068500020FFFF7F00431C10B50F4C05D08F
:10E8E0008442A8BF0446012CB8BF0124FFF77EFE76
:10E8F0000B4AD2E90031C01AB0F5000F074A0AD21C
:10E900002044904228BF1046C018BDE8104041F195
:10E910000001FFF7F7BE1046F6E700BFFFFF7F00DC
:10E92000182F002008B5FFF761FE024B1B68C01AC4
:10E9300008BD00BF182F002010B5084C01236360EC
:10E940001120E6F767FD064BC4F80833C4F84833D6
:10E95000044B4FF40032C3F8802110BD0010014079
:10E9600003000F0000E100E037B503460D461C69C7
:10E97000406894F825303BBB0B7B022B27D10B68FA
:10E98000FBB994F824204B68C2B9144A591E91422D
:10E9900017D823620DF1070102F0C6FB104B984215
:10E9A00018D0AB689DF807000BB144F8203094F8FC
:10E9B0002430013384F8243003B030BD226A9A42F7
:10E9C000E8D06FF01500F7E76FF00F00F4E76FF095
:10E9D0008500F1E76FF00B00EEE700BFFEFFCF0709
:10E9E0000200AD0B30B585B0046945680023019382
:10E9F000CA070393236A02935CBF012301938B0729
:10EA000058BF019B01A958BF43F00803284658BFCF
:10EA1000019302F033FB074B984208D1284602F0DD
:10EA200057FB012384F82530002005B030BD6FF07E
:10EA30000F00FAE70000AD0B10B500224468012179
:10EA40001020E6F709FD00231946054A204602F08A
:10EA5000FBFA044B984214BF6FF00F00002010BD6A
:10EA600069EA01000000AD0B2DE9F0410B4E0C4F9F
:10EA70000C464FF001080CB9BDE8F08194FAA4F5FA
:10EA8000B5FA85F556F8253013B12946384698472A
:10EA900008FA05F524EA0504EDE700BF70500020F0
:10EAA0001CE902004FF08053D3F83021082A06D128
:10EAB000D3F83431052B02D8024AD05C70470020CD
:10EAC000704700BF03310300024AD2F80034002B24
:10EAD000FBD0704700E0014010B54FF08053D3F8F1
:10EAE0003021082A4ED14FF080420021C2F80C118B
:10EAF000C2F81011C2F8381502F54042D3F80414D8
:10EB0000C2F82015D3F80814C2F82415D3F80C1451
:10EB1000C2F82815D3F81014C2F82C15D3F8141421
:10EB2000C2F83015D3F81814C2F83415D3F81C14F1
:10EB3000C2F84015D3F82014C2F84415D3F82414B1
:10EB4000C2F84815D3F82814C2F84C15D3F82C1481
:10EB5000C2F85015D3F83014C2F85415D3F8341451
:10EB6000C2F86015D3F83814C2F86415D3F83C1411
:10EB7000C2F86815D3F84014C2F86C15D3F84434C1
:10EB8000C2F87035FFF78EFF18B13A4B3A4AC3F816
:10EB90008C26FFF787FF18B1384BFB22C3F81825E6
:10EBA000FFF780FF70B14FF080414FF08053D1F8F4
:10EBB000E42ED3F8583222F00F0203F00F03134370
:10EBC000C1F8E43EFFF76EFF20B12D4B4FF4007209
:10EBD000C3F840264FF08053D3F83031082B1AD1B8
:10EBE0004FF08043D3F80024D20744BF6FF00102F6
:10EBF000C3F800244FF08053D3F83431052B02D8EA
:10EC0000204AD35C3BB14FF01023D3F808224FF0D9
:10EC10008043C3F858254FF01023D3F80022002A70
:10EC200003DBD3F80432002B22DA174901234FF01B
:10EC30001020C1F804351224FFF746FFC0F8004247
:10EC4000FFF742FFC0F80442FFF73EFF0023C1F880
:10EC50000435FFF739FFBFF34F8F0C490C4BCA68DF
:10EC600002F4E0621343CB60BFF34F8F00BFFDE7B8
:10EC700010BD00BF005000404881030000F000407C
:10EC800000900240FD30030000E0014000ED00E094
:10EC90000400FA0530B50468CCB1BFF35B8FB4FA59
:10ECA00084F3C3F11F03DBB201229A4024EA02027B
:10ECB00050E8005FA54204D140E8002CBCF1000FF1
:10ECC000F6D1BFF35B8FE6D102480B7030BD02482E
:10ECD000FCE700BF0000AD0B0200AD0B10B50368F0
:10ECE000CB40DB0714D401238B400268BFF35B8F5A
:10ECF00043EA020150E8004F944204D140E8001C6E
:10ED0000BCF1000FF6D1BFF35B8FEED1014810BD0F
:10ED10000148FCE70000AD0B0400AD0BF7B504465D
:10ED200068B1012832D036493648374A4FF48273E9
:10ED300009F0CCFB34484FF4827109F0BEFB0C2281
:10ED40004FF4827302214FF0804003440244C0F824
:10ED500008130026012111601E608C421B688DF88B
:10ED6000071008BF0DF1070642F210754FF08047FB
:10ED70006CB3012C15D022492248244A40F2DC43CE
:10ED800009F0A4FB214840F2DC41D6E704224FF40D
:10ED900080730146D7E783B101200DF02DFF013DBF
:10EDA0000BD0D7F80C3403F48033002EF3D0D7F80F
:10EDB0000C2402F001023270BBB9154B00225A71CB
:10EDC00011E083B101200DF017FF013D0BD0D7F802
:10EDD000183403F48033002EF3D0D7F8182402F04F
:10EDE000030232600BB903B0F0BD9DF807000128A3
:10EDF00003D10DF001FF013DBAD1012CF3D1DCE7C5
:10EE000019170300411503000931030046310300BF
:10EE100098500020054B1A792AB99A71012218607E
:10EE20009A80034870470348704700BF98500020FD
:10EE30000000AD0B0C00AD0B08B50E4B1A795AB99A
:10EE40000D490E480E4A4FF4B17309F03FFB0C48D0
:10EE50004FF4B17109F031FB1B682BB10020E6F7CC
:10EE6000EDFA08B9E6F7C8FA4FF080430022C3F87C
:10EE7000182508BD985000207A3103004115030081
:10EE80000931030038B5324C23795BB93149324A34
:10EE900032484FF4DA7309F019FB4FF4DA712E4857
:10EEA00009F00BFB58B1012847D02D492A4A2B48BD
:10EEB0004FF4047309F00AFB4FF40471EFE74FF0CD
:10EEC0008043D3F81814D3F81824CD031DD5900728
:10EED00002D00020FFF722FF4FF080430022C3F84A
:10EEE0001825022008224FF4827303F18043002189
:10EEF000196002F180421D6801251560226802B385
:10EF00004FF08043C3F804030CE0D3F81424D10776
:10EF1000E2D5D3F81C249207DBD122681AB1022271
:10EF2000C3F8042338BDD3F80421002AFBD0002203
:10EF3000C3F80421D3F80431F4E700224FF48073BE
:10EF4000D3E71A68002AFCD019601B68EAE700BF03
:10EF5000985000207A310300093103004115030065
:10EF60001917030008B5094B1B795BB90849094813
:10EF7000094A40F22A2309F0A9FA074840F22A2157
:10EF800009F09BFABDE80840FFF7C8BE9850002082
:10EF90007A31030041150300093103004FF080432B
:10EFA000D3F80C14D3F80C24C80325D5D10723D5E6
:10EFB000D3F81824D2031FD5114A917901F0FF002C
:10EFC000E1B9C3F80C01D3F80C11022001219171B1
:10EFD000C3F8340C1961126822B10822C3F8042363
:10EFE00008487047D3F80C21002AFBD00022C3F850
:10EFF0000C21D3F80C31F3E70348704703487047FE
:10F00000985000200000AD0B0500AD0B0B00AD0BC0
:10F01000F8B54FF08043204DD3F804430127002674
:10F0200004B9F8BDB4FA84F0C0F11F00820002F503
:10F03000807292B202F1804207FA00F311689BB22B
:10F0400024EA03040029EBD0166012684FF08042D6
:10F05000082BC2F808331AD00FD8012B0FD0022B7F
:10F0600011D00E490E480F4A40F28D3309F02EFAA6
:10F070000C4840F28D3109F020FA102BF0E76A7944
:10F08000002ACDD16B712B68C0B29847C8E7C2F88F
:10F09000346CAE71F7E700BF9850002019170300D9
:10F0A0004115030009310300034A430900F01F0022
:10F0B000D35C1844C0B270478A32030008B50268B6
:10F0C000014610460DF09AFD58B91149114A1248EF
:10F0D00040F2C73309F0FAF940F2C7310D4809F0A0
:10F0E000ECF902F01F0352090B600BD0012A0CD07F
:10F0F0000A49084A08484FF4747309F0E7F94FF4D5
:10F100007471EBE74FF0A04008BD0548FCE700BF75
:10F11000F42F0300C12F030041150300191703004A
:10F1200000030050072808B50BD908490848094AC8
:10F1300040F2CF3309F0CAF9064840F2CF3109F066
:10F14000BCF9800000F5807008BD00BFCD31030020
:10F15000411503009831030070B50546FFF7A4FF81
:10F160000C4C08300E4634F81030DA0508D5C3F3DD
:10F17000432304EBC302284654F8333052689847BF
:10F18000A3682BB1E26831462846BDE870401847B5
:10F1900070BD00BF3C05002008B5FFF785FF034B9D
:10F1A000083033F81000400B08BD00BF3C050020BC
:10F1B00008B5FFF779FF034B083033F81000C0F3B0
:10F1C000400008BD3C05002008B5FFF76DFF044B6B
:10F1D000083033F8100010F01C0018BF012008BDE3
:10F1E0003C05002008B5FFF75FFF034B083033F8FC
:10F1F0001000C0F3401008BD3C050020034611F08C
:10F20000010010B5CCB20DD1A207C4F3400012D555
:10F21000094AD2F820055860C2F82005003818BF06
:10F22000012008E04FF0A041D1F820251A60C1F874
:10F230002025002AE8D010BD0003005010B5FFF7CC
:10F2400033FF184A083032F81030D9051DD5C3F302
:10F25000432123F4F85322F8103002F10E04002069
:10F2600034F8023F13F4807F03D0C3F34323994261
:10F270000BD001303028F3D100230B4842F8313055
:10F28000FFF72CFD094B984200D110BD08490948F1
:10F29000094A4FF4DC7309F019F907484FF4DC719F
:10F2A00009F00BF93C050020B40500200000AD0B6F
:10F2B0004330030041150300D731030008B5014670
:10F2C0000DF09CFC58B91B491B4A1C4840F2E51341
:10F2D00009F0FCF840F2E511174809F0EEF808468D
:10F2E000FFF766FF48B11649134A14484FF4F37309
:10F2F00009F0ECF84FF4F371EEE70846FFF764FF0E
:10F3000048B910490C4A0D4840F2E71309F0DEF8FD
:10F3100040F2E711E0E70846FFF764FF30B1084626
:10F32000FFF73AFFBDE80840FFF7FCBE4FF4BE70A0
:10F3300008BD00BF15320300D7310300411503009B
:10F3400036320300543203002DE9F8430024074607
:10F350000E4625464FF00108A146B5420DD1124B8D
:10F36000D3F87C2132B10022C3F87C21D3F87C3160
:10F3700044F000442046BDE8F883E8B2FFF7D2FE2F
:10F38000A0F58072920808FA02F2174209D000F143
:10F39000804303F5C043196819B1C3F800901B6896
:10F3A00014430135D9E700BF00600040F7B50646B9
:10F3B0000846FFF779FE194F00F108050C4637F8AB
:10F3C0001530DB0727D530460DF091FC2046FFF7BE
:10F3D00009FF40B12046FFF7DFFE316800F5A2705B
:10F3E000002341F820302046FFF728FF002301A822
:10F3F00027F815300194FFF761FE019B00EB8300B5
:10F40000074BD0F80027134043F00203C0F8003741
:10F41000044803B0F0BD0448FBE700BF3C050020F2
:10F42000F0F8FCFF0000AD0B0400AD0B2DE9FF412F
:10F43000164680460846FFF737FE37680D460446F5
:10F44000E7B108460DF048FC08BBCDE900008DF897
:10F450000E008DF80F003B460DF10F020DF10E016D
:10F4600028460DF0DDFB474A04F1080132F811305F
:10F4700023F0020343F0010322F81130736863B3F1
:10F4800028461F785968FFF793FE10B1D1B13E4866
:10F4900026E03C4A04F1080032F8103023F0200343
:10F4A000DB04DB0C22F8103061B1032FEFD8716858
:10F4B000496891F800C0D8F80010A7B90CF5A27CF3
:10F4C00041F82C702F4A04F1080132F8113023F072
:10F4D0001C0343EA870322F81130B3684BBB2B4867
:10F4E00004B0BDE8F08101EB8C0143EA4C33D1F864
:10F4F00010E52EF0030EC1F810E5D8F8001001EB6E
:10F500008C0E43F02003DEF8101522F8103021F4A1
:10F510004F3121F44071CEF810152902DEF8108524
:10F5200001F47C5141EA074141EA0801CEF8101587
:10F53000C8E7D3E900672846FFF780FE002ECED04B
:10F54000104DD5E90023964203D19F4201D10022FC
:10F5500009E00F480DF10F01FFF79CFB0B4B9842A0
:10F56000BED19DF80F2045F8326005EBC203083488
:10F570005F6035F8143043EA422343F4807325F882
:10F580001430ACE73C0500200400AD0B0000AD0BCF
:10F59000B40500202DE9FF410C4680462046114667
:10F5A0001E46FFF781FD054621B32046FFF700FE0A
:10F5B00018B92046FFF716FE10BB2046FFF704FEE1
:10F5C00010B14B78012B1BD001238DF80F30002395
:10F5D000CDE900134A1C8B1C20460DF10F010DF0E4
:10F5E0001FFB274A05F1080132F8113043F00303ED
:10F5F00022F81130002E41D02046FFF7D9FD18B96E
:10F60000204804B0BDE8F08196F800C0D8F800307A
:10F610001B4F0CF5A272002143F8221005F10802DD
:10F6200037F8121021F02001C904C90C27F8121074
:10F6300075781DB3D8F80000B67800EB8C002D0467
:10F64000D0F8103523F4991323F4F853C0F810358B
:10F65000230203F47C5305F440353605D0F810E559
:10F660002B4306F4801641EA4C31334341F020012C
:10F6700043EA0E0327F81210C0F810350248C0E71D
:10F680003C0500200400AD0B0000AD0B014BC3E9AD
:10F69000021270473C05002010B514465AB90E49B5
:10F6A0000E480F4A40F20D3308F010FF0C4840F2AC
:10F6B0000D3108F002FF0846FFF794FD50B10846EF
:10F6C000FFF7F2FC074B083033F8103006485B0BAD
:10F6D000237010BD0548FCE7753203004115030097
:10F6E000D73103003C0500200000AD0B0400AD0B3A
:10F6F0002DE9F041184D95F8804006464CBB60223C
:10F70000214605F110000EF0DEFF36682F6FA0468F
:10F71000A7420FD10023C6F87C3146F30730D6F854
:10F720007C31E5F769FE01230C4885F88030AB6732
:10F73000BDE8F081E0B2FFF7F5FCA0F580739B080F
:10F740001F2B08BF46F8008004F1010408BF33589E
:10F75000DEE70348ECE700BF3C0500200000AD0BEE
:10F760000C00AD0B034B93F88000003818BF01204C
:10F77000704700BF3C0500200148FFF7AFBA00BF4B
:10F78000B00500200148FFF785BA00BFB005002092
:10F790002DE9F341054608460C461646FFF714FDD1
:10F7A00058B93549354A364840F2FA3308F08EFEEA
:10F7B00040F2FA31314808F080FE2B68D3F8042378
:10F7C000002AA4BF4FF00042C3F804230846FFF705
:10F7D00009FD18B30846FFF7EBFC0746F0B90846E9
:10F7E000FFF7DAFC0446FFF79DFCD5F8008048F8E7
:10F7F000007058F800302B6822B203EB8203D3F874
:10F80000102542F00102C3F8102526B12A68012311
:10F81000A340C2F8043302B0BDE8F0814EB91949E3
:10F82000164A174840F20E4308F050FE40F20E41CF
:10F83000C0E72046FFF738FC134B083033F8103090
:10F84000C3F38203042B12D0052B12D001A801941C
:10F85000FFF734FC019BD0F81015D94001F00101ED
:10F860000231204602B0BDE8F0410DF026BA032176
:10F87000F7E70221F5E700BF54320300D731030058
:10F88000411503007F3203003C0500202DE9F04FB5
:10F89000694BDFF8A891D3F80403D9F87010C0B20F
:10F8A00089B040F00040FFF74FFD051E2EDACA4632
:10F8B00000235AF87C1F06A8CDE90633FFF79EFC0B
:10F8C0005F4B01930DF118084FF0000B019A12F8ED
:10F8D000013B0192DA0803F007031AF8022022FA2A
:10F8E00003F3DA071BD408F10408BBF1000F13D0AF
:10F8F00000214FF00040FFF727FDD9F87C1006A843
:10F90000FFF77CFC0028DBD125F000450124002D09
:10F9100079D109B0BDE8F08F4FF0010BD6E7494B24
:10F920005B440293D8F800100029DCD0029B91FAC6
:10F93000A1F11C78B1FA81F141EA44142046FFF7A5
:10F94000B3FB0830059439F81070C808BB0818F8E4
:10F950000020039301F00701012303FA01F122EAD9
:10F96000010208F8002005A8FFF7A8FB059A039BF1
:10F9700002F5E072C7F3820650F822205B07374693
:10F98000C2F3014224D539462046D6B2FFF7E4FB44
:10F9900005A80594FFF792FB059B03F5E07350F86B
:10F9A0002330C3F301439E4207D1002120460DF0CE
:10F9B00084F9314620460DF080F905A80594FFF73B
:10F9C0007DFB059B012202FA03F3C0F82035A9E76D
:10F9D000022A0CD1032120460DF06FF906F0050331
:10F9E000012BEAD139462046FFF7B6FBE5E70221B5
:10F9F000204603920DF061F9032EF3D0039A032AF7
:10FA0000DBD1022EEDE795FAA5F3B3FA83F304FAFE
:10FA100003F29B0003F1804303F5C04325EA02058E
:10FA2000D3F81005D3F81015C0F30520C1F3014138
:10FA3000FFF792FB6BE700BF006000403C05002031
:10FA40009A3203009A320300044AD2F80034DB07EA
:10FA5000FBD50160BFF35F8F704700BF00E001403E
:10FA600008B54FF080531A6959694A43904207D24A
:10FA70001A69B0FBF2F302FB13036BB10E4819E0F5
:10FA80000E490F480F4A40F2071308F01FFD0D48BA
:10FA900040F2071108F011FD0B4B0222C3F80425B8
:10FAA000C3F80805D3F80024D207FBD50022074885
:10FAB000C3F8042508BD00BF0A00AD0BF8320300EF
:10FAC000411503009C32030000E001400000AD0B33
:10FAD000F8B50D46012104460DF034F958B9124924
:10FAE000124A134840F2951308F0F0FC40F29511C9
:10FAF0000E4808F0E2FC14F0030709D00D490B4A48
:10FB00000B484FF4CB7308F0E1FC4FF4CB71EFE7F7
:10FB1000094E0123C6F8043529462046FFF794FF15
:10FB2000C6F80475F8BD00BF123303009C32030011
:10FB3000411503002C33030000E0014008B50368C1
:10FB40005909024614D0012906D103F01F034FF6CC
:10FB5000FF71D940C80713D40B490C480C4A40F236
:10FB6000C73308F0B3FC0A4840F2C73108F0A5FCDF
:10FB70004FF0FF31D940C907EED54FF0A04000E06B
:10FB80000448136008BD00BFF42F030041150300B3
:10FB9000C12F0300000300502DE9F3410B7D054602
:10FBA0000C4633BB4B68019301A8FFF7C7FF019ACE
:10FBB0002F4E01239340C0F80C356368019301A8D0
:10FBC000FFF7BCFF019B00EB8300D0F80037334008
:10FBD00043F00303C0F80037A368019301A8FFF7BF
:10FBE000ADFF019B00EB8300D0F800373340C0F835
:10FBF0000037637D33B9D4E901122B68C3F840158F
:10FC0000C3F8442562782178677D2B68D4F80C808E
:10FC100094F810E094F811C0520002F0020201F0D2
:10FC20000101D4E901600A43E47CC3F82045C3F82C
:10FC30000485C3F80825C3F818E5C3F81CC51FB927
:10FC4000C3F84065C3F844052C680023C4F80031AC
:10FC5000D4F80021C4F8043144F30730D4F8043157
:10FC6000E5F7CAFB0323C4F8043302B0BDE8F08112
:10FC7000F0F8FCFF07B5019001A8FFF75FFF019BBB
:10FC800000EB8300054BD0F80027134043F002033C
:10FC9000C0F8003703B05DF804FB00BFF0F8FCFFCC
:10FCA00038B549B91649174A17489A2308F00EFC87
:10FCB0009A21144808F001FC3AB91449114A124833
:10FCC0009B2308F003FC9B21F3E7114C257C95B99D
:10FCD00022600A7D6582657462750A7C502AC4E9D7
:10FCE00001550AD84B7C502B07D8FFF755FF01234D
:10FCF0000848237438BD0848FCE70848FAE700BF05
:10FD0000903303005533030041150300993303007A
:10FD1000A05000200000AD0B0C00AD0B0400AD0B9B
:10FD200038B5044600680C4D40F30730E5F772FB28
:10FD300023680022C3F800256B7D4BB92368D3F8F4
:10FD40004005D3F84445FFF795FF2046FFF792FFA3
:10FD500000232B7438BD00BFA050002008B5154B00
:10FD60001A7C5AB914491548154A40F21D1308F077
:10FD7000ADFB134840F21D1108F09FFB5A7C22B1E5
:10FD80005B7C012B14D10F4808BD02225A7401225A
:10FD90001A75036843F30733002BF4DB590903F0AA
:10FDA0001F039A4001F14003074941F82320EAE785
:10FDB0000648E9E7A0500020A733030041150300DF
:10FDC000553303000000AD0B00E100E00B00AD0B6C
:10FDD000F8B5214C237C05460F461646002B35D03E
:10FDE000637C032B34D0002934D0130432D4006850
:10FDF00040F30730E5F70EFB627CA37C022A1ABFB2
:10FE0000DB4303F00103002304EB83025168D9B9FB
:10FE100004EB430357609E812B68C3F86075C3F8F9
:10FE20006465237C022B07D0022323742A680123F4
:10FE3000C2F800352A681360084C286840F3073080
:10FE4000E5F7DAFA2046F8BD054CF6E7054CF9E788
:10FE5000034CF7E7044CF5E7A05000200000AD0B81
:10FE60000B00AD0B0500AD0B0400AD0B08B5134B3B
:10FE70001A7C5AB912491348134A4FF4BD7308F05B
:10FE800025FB11484FF4BD7108F017FB597C01297F
:10FE9000CAB20BD05A7C12B15A7C022A0CD101682A
:10FEA0000022C1F800255A74084808BD032159747E
:10FEB0001A7403685A60F7E70548F6E7A050002077
:10FEC000A733030041150300553303000000AD0BB9
:10FED0000B00AD0B1FB5404B404CD3F80021002A5E
:10FEE00044D00022C3F80021D3F80011D3F8041144
:10FEF00019B1C3F80421D3F80431A37CDA4302F02A
:10FF0000010204EB8201496811B9617C022952D1D6
:10FF1000607C022818BF04EB83034FF000010BBF85
:10FF200001235868637459604FF001038DF80C1079
:10FF3000E1740EBF02910290A2748DF80430236820
:10FF400001A89847637C022B01D101236374237DB0
:10FF500053B101238DF80430002302938DF80C3047
:10FF6000237501A82368984704B010BDD3F8041185
:10FF70000029ECD0C3F80421D3F80411C3F80025FC
:10FF8000A37C627404EB83038DF80C2059688DF810
:10FF90000420D9B9A37CDB4303F0010304EB830302
:10FFA0005A682AB1029200225A6001A82368984731
:10FFB0000023A374CBE7E37C002BC3D18DF804307E
:10FFC000029301238DF80C30E374B8E75A60029174
:10FFD000236801A89847DDE700D00140A050002029
:10FFE000012370B504460D464361642600220221B8
:10FFF00020460CF0DEFE20B901200CF0FDFD013E94
:020000022000DC
:10000000F4D100236B774FF08051D1E94C120829CD
:100010001AD1052A18D80E498A5CAAB14FF0FF32CE
:10002000D4F80805D4F80C15C4F80035C4F8082530
:10003000C4F80C250922C4F80025C4F80035C4F81A
:100040000805C4F80C1570BD0023C4F80035FAE7A4
:10005000C035030008B503685909024614D00129C8
:1000600006D103F01F034FF6FF71D940C80713D420
:100070000B490C480C4A40F2C73308F027FA0A48EB
:1000800040F2C73108F019FA4FF0FF31D940C907E3
:10009000EED54FF0A04000E00448136008BD00BF5B
:1000A000F42F030041150300C12F0300000300508B
:1000B0000F4B984219D00DD80E4B984215D007D847
:1000C0000D4B984211D00D4BC31A584258417047FE
:1000D0000B4BF9E70B4B984207D004D80A4B9842D8
:1000E00003D00A4BF0E70A4BEEE70120704700BF50
:1000F00080841E0020A1070048E8010090D0030082
:1001000040420F000024F40000093D0000127A0074
:100110000048E801F7B51746421C1C460646089BF6
:100120000D4618D0012902D1BBB10CF080FE01A808
:100130000196FFF78FFF019B00EB83002402D0F8AC
:100140000027074B44EA87042C4313401C4344EA2E
:100150004504C0F8004703B0F0BD0CF075FEE6E7BB
:10016000F0F8FCFF2DE9F3476D4A4B6990F80490D5
:10017000934206460C4634D01ED86A4A934200F099
:10018000B78013D8684A934200F0B580674A93421B
:1001900000F0B48066496748674A40F27B1308F074
:1001A00095F9654840F27B1108F087F9634A93425C
:1001B000F0D14FF0805516E0614A934200F0A180E3
:1001C00009D8604A934200F09F805F4A9342E1D190
:1001D0004FF0004507E05D4A9342DBD14FF0A05558
:1001E00001E04FF00055DFF86881E07E242202FB39
:1001F0000983997F60F3000199773379217C02FBB1
:1002000003839A7F61F341029A77E77E5FBB62695D
:100210004E4B9A420CBF4FF0030A4FF0000A237E68
:10022000012B94BF002301230093206853463A46D4
:100230000121FFF76FFF0097606853463A4601219E
:10024000FFF768FF0097A27EA06853463946FFF784
:1002500061FF237C83F001030093E06853463A4634
:100260000121FFF757FF242303FB0983E2681A6289
:10027000217C9A7F61F341029A77207FA77C217EBF
:10028000627E336890B9D4E900ECA468C3F808E54D
:10029000C3F80CC5C3F810454FF0FF34C3F86C45E4
:1002A000C3F81445C3F86805C3F86405003A18BFDD
:1002B00001220229C3F8C075C3F8245527D00329A9
:1002C00028D0012901D142F00202C3F854250222AC
:1002D000C3F8602533792422534358F80330E3B13F
:1002E000306840F3073002B0BDE8F047E5F784B866
:1002F0004FF0006577E74FF0007574E74FF08065C9
:1003000071E74FF020656EE74FF080456BE742F0F4
:100310000402DAE742F00602D7E702B0BDE8F08750
:1003200080841E0020A1070048E8010090D003004F
:100330001917030041150300D733030040420F0093
:100340000024F40000093D0000127A000048E80192
:10035000B8500020431C07B50ED0019001A8FFF74C
:1003600079FE019B00EB8300054BD0F8002713407A
:1003700043F00203C0F8003703B05DF804FB00BF90
:10038000F0F8FCFF2DE9F84305461F4659B9164918
:100390001648174A40F2552308F098F8144840F2DE
:1003A000552108F08AF82E79DFF8489024235E431F
:1003B00009EB060494F81C80B8F1000F10D14869CD
:1003C000FFF776FE70B1284649F806206760FFF710
:1003D000C9FE0123084884F81D802377BDE8F8830F
:1003E0000648FBE70648F9E7903303004115030090
:1003F000D7330300B85000200000AD0B0C00AD0B4C
:100400000400AD0B2DE9F0410679224C24277743F7
:10041000E31905461B7F5BB91F492048204A40F27B
:10042000B62308F053F81E4840F2B62108F045F80C
:10043000006840F30730E4F7EDFFE35953B12B6850
:10044000184AC3F8082306EBC601286804EB8101AB
:10045000FFF7C6FD2B68242505FB0645D3F80805E4
:10046000D3F80C75D3F81085AB7FDB070AD4FFF700
:1004700071FF4046FFF76EFF3846FFF76BFF286AB3
:10048000FFF768FF242303FB064400232377BDE81E
:10049000F08100BFB8500020133403004115030061
:1004A000D7330300520108002DE9FF477B4E07793F
:1004B000242303FB076382461B7F0D4690465BB9EE
:1004C0007749784A784840F2AA3307F0FFFF40F2B4
:1004D000AA31744807F0F1FF0B685BB94B684BB168
:1004E0007249704A704840F2AB3307F0EFFF40F2B8
:1004F000AB31EEE7D5E9022352B95BB16C49694AE9
:1005000069484FF46B7307F0E1FF4FF46B71E0E75C
:100510001B0C01D1EB884BB16649624A624840F23C
:10052000AD3307F0D3FF40F2AD31D2E718F0080940
:100530000FD0242303FB07631B6A013309D05E49F4
:10054000584A59484FF46C7307F0C0FF4FF46C7170
:10055000BFE724237B43F218517F002940F09B80A2
:10056000F35823B118F0140F04BF0123537795E813
:100570000F00242404FB076404F10C0C8CE80F002A
:10058000206A421C04D0A37F9B071AD50CF04FFCB5
:100590002B68DAF8004023B103F06043B3F1005F49
:1005A00006D1AB6883B103F06043B3F1005F0BD0B9
:1005B000242303FB0763002240485A7704B0BDE8B8
:1005C000F0870CF041FCE3E718F0010318BF0123AA
:1005D000C4F8503518F0020318BF0123C4F84035A1
:1005E00095E80F00EC468CE80F00039BC4F8440527
:1005F000C4F84815C4F83425C4F838350023C4F8C5
:100600001831D4F818310723C4F8003524237B436C
:10061000F218B9F1000F1DD1F0580121216158B92C
:10062000D4F81831002BFBD06246402120460CF054
:10063000C0FB24237B43F218F35813BB106A451CFC
:1006400013D107EBC70706EB87012046FFF7C8FC6D
:100650001B48B3E7F358A3B9106A411CF8D0937F45
:100660009A070BD50CF0F0FBF2E7937F9B0702D5BE
:100670000CF0EAFBE5E70CF0DAFBE2E70CF0D7FB65
:10068000E6E718F0040F4FF0400314BFC4F8083336
:10069000C4F80433DCE70B4890E700BFB8500020F3
:1006A00013340300D7330300411503003F34030024
:1006B00086340300CD3403007C3503000A00AD0B03
:1006C0000000AD0B0B00AD0B70B5194D19482A4653
:1006D00040210CF06EFB48B355F80C3CA5F10C041E
:1006E0005BB915491548164A40F2164307F0EEFE6D
:1006F000134840F2164107F0E0FE206A421C04D085
:10070000A37F9B070FD50CF09FFB637F1BB10D49A7
:100710000848FFF765FC002323720B48D4E9003139
:10072000BDE8704018470CF082FBEEE770BD00BFDB
:10073000C450002000300240B235030041150300D0
:10074000D7330300B8500020C050002038B544090A
:100750000DD0012C21D015491548164A40F2C73357
:1007600007F0B4FE134840F2C73107F0A6FE4FF081
:10077000FF34C440E507EED54FF0A04404EB800001
:100780001B02D0F800570C4C43EA82022C4042EA8C
:1007900041012143C0F8001738BD00F01F004FF69B
:1007A000FF74C440E407D6D5044CE7E7F42F0300F8
:1007B00041150300C12F0300F0F8FCFF00030050B7
:1007C00038B5857B0446D5B9D0E9000398420BD1F2
:1007D0000C490D480D4A40F2071307F077FE0B480D
:1007E00040F2071107F069FE062303222946FFF7AE
:1007F000ADFF6068062303222946FFF7A7FF01200B
:1008000038BD00BF0236030041150300C6350300A2
:1008100010B4CC7B8A6803682CB9D1E90041C3F8D5
:100820000845C3F80C15C3F824250379282253433F
:10083000054AD3582BB1006810BC40F30730E4F7E9
:10084000DBBD10BC704700BFDC500020F8B5064689
:100850000D4659B918491948194A40F21B1307F0B7
:1008600035FE174840F21B1107F027FE0079154F9F
:10087000282148433C1894F82210C9B93A50A16085
:10088000636084F8251084F82410AB7B84F827304B
:100890002846FFF795FF68B16B7B84F82630304619
:1008A0002946FFF7B5FF0123074884F82230F8BD39
:1008B0000648FCE70648FAE79033030041150300B9
:1008C000C6350300DC5000200000AD0B0C00AD0B62
:1008D0000400AD0B08B50E4B0279282101FB023351
:1008E00093F82220012A0BD00A490B480B4A4FF4F7
:1008F000E17307F0EBFD09484FF4E17107F0DDFD0E
:1009000002680621C2F80015022283F8222008BDE1
:10091000DC5000202936030041150300C6350300D2
:1009200010B51E4B0479282202FB043292F82210E3
:1009300059B91B491B481C4A4FF4E77307F0C6FD21
:1009400019484FF4E77107F0B8FD00219160026883
:100950001649C2F80813D2F8001221F4BC51C2F8AB
:1009600000124FF08051D1F83001082809D1D1F898
:100970003411052905D80E48415C11B10921C2F88E
:1009800000150021C2F80015282202FB04330122C1
:1009900083F8222083F8241010BD00BFDC50002013
:1009A0001334030041150300C635030002029C0105
:1009B0001B3F0300F8B51D4E0779282505FB076589
:1009C000044695F822305BB919491A481A4A4FF47F
:1009D000D17307F07BFD18484FF4D17107F06DFD1E
:1009E000006840F30730E4F715FD2046FFF798FF55
:1009F00095F8273093B995F826507DB92368D3F838
:100A00000805D3F80C452A462B460121FFF79EFE28
:100A10002B462A4601212046FFF798FE282303FB98
:100A20000766002386F82230F8BD00BFDC500020A6
:100A30001334030041150300C63503002DE9F84FB8
:100A400003790E4617463BB94B68B3F5803F03D296
:100A50008B68B3F5803F0BD3AA49AB4AAB4840F251
:100A6000B62307F033FD40F2B621A74807F025FD75
:100A7000A74D95F82230022B09D0A649A24AA348D7
:100A80004FF42F7307F022FD4FF42F71EDE72B6821
:100A9000C3B90B78022B09D19F499B4A9B4840F26E
:100AA000BF2307F013FD40F2BF21DEE7032B09D17E
:100AB0009A49954A95484FF4307307F007FD4FF473
:100AC0003071D2E70023046885F82330736833B1AE
:100AD000F36803F06043B3F1005F40F09181337835
:100AE000023B012B06D8336903F06043B3F1005F8A
:100AF00040F086818A4BC4F8083395F8243003F01F
:100B0000FF013BB1AB68DFF81C82C4F804334046F8
:100B1000BDE8F88F17F0140F0CBF0123002385F8F0
:100B20002430337885F82030737885F82130F268E6
:100B3000EA6073682B61D6F810C0C5F814C0B068BD
:100B4000A861C7F3001E85F825E0EF6196F801E083
:100B5000C4F888E5C4F86011D4F860E1C4F848111D
:100B6000D4F848E1C4F82411D4F824E1C4F80411FD
:100B7000D4F8041117F0010118BF0121C4F8501571
:100B800017F0020118BF0121C4F84015317807F0B1
:100B90000809032900F2B080DFE801F091A7810283
:100BA000F80609D56049584A58484FF40B7307F0C6
:100BB0008DFC4FF40B7158E7B9F1000F09D05B4978
:100BC000514A524840F22D2307F080FC40F22D217B
:100BD0004BE7790709D556494B4A4C4840F22E233A
:100BE00007F074FC40F22E213FE74FF48071C4F807
:100BF0000012C4F84425C4F848350123A3604FF41B
:100C0000801120460CF06FF90028F8D1D5E90523B2
:100C1000C4F84425C4F848354FF48023AB60DFF8AE
:100C200014812A68B9F1000F40F0C0803378032B9B
:100C300000F0BC80012B40F0858023609AB92A69BE
:100C4000002A5CD0DFF8F0A0DFF8F0904FF0010B45
:100C5000514620460CF047F9830548BFC4F814B04C
:100C600010EA090FF4D072682B68002A40F09E80C9
:100C7000002B00F09F8001236361790744BF0023AC
:100C8000AB607A065EBFAB6843F00203AB60AB6853
:100C900043F40073AB60AB68C4F8043337E7C4F8BF
:100CA0004425C4F84835C4F834C54FF48453C4F817
:100CB0003805C4F80032012323620223AEE7C4F8EA
:100CC0004425BA06C4F848354BBF4FF480734FF43F
:100CD0000073C4F80032C4F800324CBF4FF48023D4
:100CE0000223AB600123236299E7C4F83425C4F8DA
:100CF00038354FF48053DCE7DFF8448091E76361D7
:100D0000A0E700BF53360300C635030041150300BA
:100D1000DC500020103E0300393E0300893E0300F2
:100D200002029C010B00AD0BD93E0300EF3E030015
:100D3000053F03000000AD0B0202040002000400A6
:100D40000400AD0B0123A360002A8CD12A692AB3C9
:100D5000DFF8B4A0DFF8B4B019EA0A0F83D159461E
:100D600020460CF0C0F810F4007F8146F4D04FF01C
:100D7000807120460CF0B7F8D4F8003280B113F43B
:100D8000007103D10122226289466261D805E3D550
:100D90004FF4802120460CF0A6F804E06361D7E709
:100DA0000123236263614FF00009D5E72B68002B14
:100DB0007FF463AFD4F8C434C4F8C434002285F897
:100DC00024208BB1124A134913F0010F14BF90462F
:100DD0008846013213F0020F18BF904613F0040F3B
:100DE0000D4B18BF984692E67B063FF590AE0B4937
:100DF00020460CF036F8074B002808BF984686E6D8
:100E0000DFF81C8083E600BF020004000202040039
:100E10000000AE0B0100AD0B0200AE0BDC50002059
:100E20000A00AD0B70B5634C236886B05BB96249AC
:100E30006248634A40F2063307F048FB604840F2DC
:100E4000063107F03AFB5F4D022128460CF04BF8C3
:100E50004FF40071064628460CF045F8D8B1E6B9C3
:100E6000A368C5F808330223A360A368C5F8043358
:100E70004FF0807128460CF036F818B1D5F80032E2
:100E80009B0503D44F4B01221A625A61012384F857
:100E9000233006B070BD002E57D0E5696E060AD427
:100EA00094F823303BB9434946480BF0DAFF80F011
:100EB000010084F8230015F0040524D1414B94F877
:100EC0002520C3F86051D3F86011C3F85C51D3F802
:100ED0005C1112B194F8232052B10022C3F8002211
:100EE000A260394AC3F80823384B0822C3F880218E
:100EF000238CADF80430E36804932369029363699B
:100F00000593A36903932F4AD2F8C434C2F8C434BA
:100F1000980749D4590749D4DA0749D494F82330BB
:100F20009B00DBB28DF8003094F825300BB984F8C3
:100F30002430E3695B0703D594F82330002BA8D055
:100F4000D4E9003168469847A3E74FF4802128464A
:100F50000BF0C9FF94F82030A3B994F825304BB9B1
:100F6000C5F80032A360184BC5F80833174B0822A8
:100F7000C3F8802100238DF8043094F821308DF8D7
:100F80000530B8E74FF40073C5F8003240F2022391
:100F9000A36003F1CE73C5F80833A368C5F8043322
:100FA0000123AB602B6274E70123BBE70223B9E79F
:100FB0000323B7E7DC500020B235030041150300DE
:100FC000C63503000030004002029C0100E100E051
:100FD00070B504464868460C0D46C0034FF47A725B
:100FE00000233146DFF7DCF8B6F57A7F09D31249E2
:100FF0001248134A432307F069FA1148432107F0C6
:101000005CFA23682A68C3F80C25C3F80405227922
:101010000C4B0C2101FB02335B6863B12468002395
:10102000C4F8003144F30730D4F80031E4F7E4F9B0
:101030000123C4F8043370BD5C3F03004115030075
:10104000213F030004510020F8B50479084E0C2715
:101050007C433719C7E90123335D33B90123335585
:1010600009B1FFF7B5FF0348F8BD0348FCE700BF2F
:10107000045100200000AD0B0C00AD0B08B549B9C0
:101080000C490D480D4AA62307F020FA0B48A6216B
:1010900007F013FA03790C225343094AD35C2BB1AE
:1010A000022B05D0FFF794FF064808BD0648FCE771
:1010B0000648FAE79033030041150300213F03007F
:1010C000045100200000AD0B0500AD0B0B00AD0B73
:1010D00008B503790F4A0C214B43D118497849B917
:1010E0000D490E4A0E48D82307F0F0F9D8210B48D5
:1010F00007F0E3F9D15C012907D00A49074A0848FB
:10110000D92307F0E3F9D921F1E700680160022152
:10111000D15408BD04510020743F0300213F030057
:10112000411503002936030038B5037949B91A4936
:101130001A4A1B48EE2307F0C9F9EE21174807F0B9
:10114000BCF90C24174A6343D418D35C012B07D095
:101150001549124A1248EF2307F0B8F9EF21EDE7DD
:10116000EFF31185202282F31288BFF36F8F62782C
:10117000072A0FD80A70511C61700168D1F8080560
:10118000934003430948C1F8083585F31188BFF33C
:101190006F8F38BD0648F8E78B3F0300213F0300FF
:1011A0004115030004510020293603000000AD0B57
:1011B0000200AD0B08B503790C2253430B4AD35CF4
:1011C000022B0BD00A490B480B4A40F2151307F0CB
:1011D0007DF9094840F2151107F06FF90368074AD5
:1011E00001F5C07143F8212008BD00BF0451002063
:1011F000983F030041150300213F03003546526E1E
:1012000010B40A4BD3F80414D3F8002162B10022C1
:10121000C3F80021D3F80031054BD3E901424FF464
:101220008070234610BC184710BC70470000014076
:101230000451002008B503685909024614D0012959
:1012400006D103F01F034FF6FF71D940C80713D42E
:101250000B490C480C4A40F2C73307F037F90A48EB
:1012600040F2C73107F029F94FF0FF31D940C907E3
:10127000EED54FF0A04000E00448136008BD00BF69
:10128000F42F030041150300C12F03000003005099
:10129000F7B50C4606460BF050FE20460BF04DFE0F
:1012A00001A80196FFF7C6FF019B2E4F019400EBAA
:1012B000830040F20D65D0F800373B402B43C0F867
:1012C000003701A8FFF7B6FF019B00EB8300D0F8C1
:1012D00000373B402B43C0F8003704200BF08CFC58
:1012E0000925012701A80194FFF7A4FF019AD0F86E
:1012F0001035D340DB0715D401A80196FFF79AFFFC
:10130000019B07FA03F3C0F80C3504200BF074FCC2
:1013100030460BF012FE013D04200BF06DFC15F081
:10132000FF05DFD101A80194FFF784FF019A012393
:101330009340C0F80C3504200BF05EFC20460BF007
:10134000FCFD04200BF058FC01A80194FFF772FF8C
:10135000019AD0F810350448D34003F00103C01AB5
:1013600003B0F0BDF0F8FCFF0100AD0BC02AF0B5F2
:1013700040D0B2F5807F3FD0802A40F0BB800A2366
:10138000036003460024520943F8044F01EB820234
:101390008A4233D103680C2B35D00E2B63D00A2B35
:1013A00026D1564D564900F1A006426955F8044B26
:1013B0008768C2F307237C40CB5C6340140E103077
:1013C0000C5D83EA0443D4B20C5D83EA0463C2F388
:1013D00007440C5D83EA042350F8044C83606340A7
:1013E0000468C36063405A40036142618642DCD1B5
:1013F0000020F0BD0C23C3E70E23C1E751F8044BD6
:1014000043F8044FC4E73D4C3D4900F1C005C269B3
:1014100054F8046B8768C2F307237E40CB5C7340AB
:10142000160E18308E5D83EA0643D6B28E5D83EACF
:101430000663C2F307468E5D83EA062350F80C6C00
:101440008360734050F8086CC360734050F8046CBC
:10145000036173400668436173405A408361C2610F
:101460008542D4D1C4E7254D254900F1E006446A00
:1014700055F8042B8768C4F307237A40CB5C87694F
:101480005340220E20308A5C83EA0243E2B28A5C37
:1014900083EA0263C4F307428A5C83EA022350F8BA
:1014A000142C8360534050F8102CC360534050F804
:1014B0000C2C03615340DAB243618A5C7A401F0E00
:1014C000CF5D82EA0762C3F30727C3F30743CF5D0B
:1014D000CB5C82EA072282EA034350F8042C836142
:1014E00053400268C36153405C40036244628642D9
:1014F000BDD17DE76FF01F007BE700BFA00A0300AE
:10150000DA4003002DE9F04FC9B0044602A81646A0
:101510000D460BF01FFD002332466360294602A8EA
:10152000FFF724FF0646002862D1029F039B35483F
:10153000DFF8D4C0276004A903EB870301EB830223
:1015400051F82330A3605368E36093682361D36844
:10155000636104F1180E103A7B1E9946714690465D
:10156000B9F1000F2CDD01F11004A8F1040B019476
:101570005BF8044F250E1CF8055050F825A0E5B285
:101580001CF8055050F8255085EA3A2AC4F307257F
:10159000C4F307441CF805501CF8044050F82550CB
:1015A00050F824408AEA356585EA344541F8045B01
:1015B000019CA142DCD109F1FF39A8F11008CFE765
:1015C0006FF00F014B43002FCCBF1C46002402EBF1
:1015D0000400C3F10003D8BF00230EEB030112592E
:1015E0004EF8032043684B6083688B60C368CB6010
:1015F00002A84FF48C7100F0EBFE304649B0BDE814
:10160000F08F00BFC80A0300DA4003002DE9F04F55
:10161000904644680E684D6800F1080202EB8403AE
:1016200052F824208C68C96856405A6855409A6818
:101630005440DA68514002688DB04FEA620E03F1FF
:101640003000CF4B04960595069407910EF1FF3EAE
:10165000002250E906ACCDF800C050F810CCCDF80F
:1016600004C050F80CCCCDF808C050E9087B50F805
:1016700008CCCDF80CC0BEF1000F00F1200050F8EE
:10168000249C00F3C5801AB1CDE90465CDE906417B
:10169000DDE90440DDE90665E1B22A0E53F82110C8
:1016A00053F8222081EA3221C0F3072253F8222086
:1016B00081EA3261C6F3074253F8222081EA3241BF
:1016C000220E794053F822700891C2B253F82220BA
:1016D00082EA3722C6F3072753F8277082EA376277
:1016E000C5F3074753F8277082EA3742070EC0F365
:1016F000074053F827C053F82000F7B2360E53F8CE
:10170000277053F8266087EA3C27C5F3072CEDB213
:1017100053F82CC053F8255087EA3C67C4F3074CB4
:10172000C4F3072485EA362553F8244053F82CC027
:10173000009B019E85EA346484EA30405840040EE0
:10174000904B0B901D5DCCB282EA0B021C5D09929E
:10175000744084EA0564C2F3072587EA3C475D5D6F
:1017600087EA0A0784EA0524C7F307450A975D5DFF
:1017700084EA054E0D0ECDF810E05E5DD5B25D5DDC
:10178000029CC8F800E0654085EA0665C7F30726B5
:10179000039C9E5D85EA0625C0F307469E5D85EAAB
:1017A0000645160EC2F3074213F806C0C8F80450E7
:1017B000FEB23F0E9E5DDF5D0595664086EA0C66D3
:1017C000C0F3072CC0B213F80CC0185C86EA0C26D4
:1017D000C1F3074CC1F3072180EA0900595C13F8F3
:1017E0000CC09B5C80EA076080EA012181EA034328
:1017F00086EA0C4604A8C8F80860C8F80C30202116
:101800000696079300F0E4FD00200DB0BDE8F08FD0
:101810000A0E0EF1FF3E53F822C0F2B253F8222016
:101820007A4082EA3C2CC5F30722EFB253F822201B
:1018300053F827708CEA326CC4F307428BEA07072F
:1018400053F822208CEA324C320E53F8222087EAD9
:101850003227C4F3072253F8222087EA3267C1F304
:10186000074253F8222087EA32472A0EC5F307457C
:1018700053F822B0E2B2240E53F8222053F8244049
:101880008AEA0202C1F3072A82EA3B2253F82AA01D
:1018900082EA3A6AC6F30742C9B253F8222053F8E3
:1018A00021108AEA324B009AC6F307264A4082EAA0
:1018B000342153F82640019A81EA346153F82540D7
:1018C0005FFA8CF581EA34410C0E53F8256053F829
:1018D0002440724082EA3426C7F30724FDB253F84D
:1018E000244053F82550029A86EA3466CBF3074425
:1018F0006A4053F8244086EA34464FEA1C6453F8A1
:10190000244082EA3425CBF30724039A53F8244079
:1019100085EA3465C1F3074453F8244085EA344529
:101920003C0EC7F3074753F824A05FFA8BF453F833
:101930002440624082EA3A24C1F3072A4FEA1B623C
:1019400053F82AA0C9B284EA3A64CCF3074ACCF32C
:10195000072C53F82AA053F8222053F8211089EAC3
:10196000010181EA322153F82C2081EA326153F8D7
:10197000272084EA3A4481EA3241012269E600BF25
:10198000C80E0300DA4003002DE9F04F904644688A
:101990000E684D6800F1080202EB840352F824201F
:1019A0008C68C96856405A6855409A685440DA684D
:1019B000514002688DB04FEA620E03F13000CF4B08
:1019C00004960595069407910EF1FF3E002250E91A
:1019D00006ACCDF800C050F810CCCDF804C050F8DB
:1019E0000CCCCDF808C050E9087B50F808CCCDF8F5
:1019F0000CC0BEF1000F00F1200050F8249C00F351
:101A0000C5801AB1CDE90465CDE906410598049E6B
:101A1000020EDDE9064553F82210F2B253F82220F7
:101A200082EA3122C5F3072153F8211082EA31629C
:101A3000C4F3074153F8211082EA31425740220E85
:101A4000089753F82210C2B253F8222082EA3122BA
:101A5000C6F3072153F8211082EA3162C5F307412A
:101A600053F8211082EA3142290EEDB253F821C019
:101A700053F82550E1B2C4F3072453F8211053F86A
:101A8000244081EA3C21C0F3072CC0F3074053F8FF
:101A90002CC053F8200081EA3C61C6F3074C360E97
:101AA00053F82CC053F82660009B85EA362585EA5A
:101AB000346482EA0B0284EA30405840140E904BA2
:101AC000019E1D5D0992FCB281EA3C411C5D0B90B8
:101AD000744084EA0564C0F3072581EA0A015D5D6C
:101AE0000A9184EA0524C1F307455D5D84EA054E49
:101AF0000D0ECDF810E05E5DD5B25D5D029CC8F8BC
:101B000000E0654085EA0665C7F30726039C9E5DF5
:101B100085EA0625C0F307469E5D85EA0645060E62
:101B2000C0B213F806C0185CC8F80450CEB2C1F3B6
:101B300007219E5D595C0595664086EA0C66C2F3F6
:101B4000072CC2F3074213F80CC086EA0C26C7F331
:101B5000074C3F0E80EA0900DF5D13F80CC09B5C68
:101B600080EA076080EA012181EA034386EA0C46A5
:101B700004A8C8F80860C8F80C302021069607931E
:101B800000F026FC00200DB0BDE8F08F2A0E0EF10B
:101B9000FF3E53F822C0F2B253F822207A4082EA84
:101BA0003C2CC1F30722EFB253F8222053F82770E0
:101BB0008CEA326CC4F307428BEA070753F8222001
:101BC0008CEA324C220E53F8222087EA3227C6F3E1
:101BD000072253F8222087EA3267C1F3074253F8FD
:101BE000222087EA32470A0EC9B253F822B053F8CE
:101BF0002110E2B2C4F3072453F8222053F8244002
:101C00008AEA0202C5F3072A82EA3B2253F82AA095
:101C100082EA3A6AC6F30742360E53F8222053F896
:101C200026608AEA324B009AC5F307454A4082EAA9
:101C3000362181EA346153F82540019A5FFA8CF528
:101C400081EA34413C0E53F8256053F82440724039
:101C500082EA3426C1F30724FDB253F8244053F836
:101C60002550029A86EA3466CBF307446A4053F85B
:101C7000244086EA34464FEA1B6453F8244082EA43
:101C80003425CCF30724039A53F8244085EA3465BD
:101C9000C1F3074453F8244085EA34450C0EC9B219
:101CA00053F824A05FFA8BF453F82440624082EA90
:101CB0003A24C7F3072ACBF3072253F82AA084EA71
:101CC0003A64CCF3074A4FEA1C6C53F82AA053F845
:101CD0002CC053F8211053F8222089EA0101C7F3E0
:101CE000074781EA3C2181EA326153F8272084EAE0
:101CF0003A4481EA3241012269E600BFC80A030082
:101D0000DA3F0300F0B50C4B0C4E0446586800B99E
:101D1000F0BDC579C5F3840556F825502D78A54248
:101D200008D1457905F00F07B1EB871F02D1B2EB5F
:101D3000151FEDD00833E9E7CC120300C8120300E9
:101D400038B5044638B390F84430012B11D1C56B37
:101D50004DB12B7A012B02D168680BF019FC0C21D4
:101D600028460BF09CF920464821BDE8384000F099
:101D70002FBB006C10B124210BF091F9E06B00280F
:101D8000F1D02368044ADB79C3F3840352F823308B
:101D90009B699847E7E738BDC812030038B5054688
:101DA0000C46A9B1482200210CF08DFCE379094AC8
:101DB000C3F3840352F823305B6913B92C6000200D
:101DC00038BD9847E8630028F8D1A0F5C340F7E78D
:101DD0000148F5E7C8120300009FFFFF2DE9F0431B
:101DE0001E46DBB2012B87B004468846154672D8E2
:101DF000D0F80090B9F1000F6DD090F84430012B6D
:101E000039D1C76B1822002168460CF05CFC6B07C7
:101E100061D13B7A002B5ED199F80620102A08D8B0
:101E20000D2A08D8023A052A05D92C4807B0BDE882
:101E3000F083263AF7E74FF41053ADF800304FF433
:101E4000407302933B46414653F8042B0392EA1D2C
:101E5000D20868460BF06DFC10F1860FE5D028B172
:101E60008D301F4818BF6FF06F00DFE701233B7212
:101E700065602672DAE799F8073003F00303012B57
:101E800006D899F8053003F00F03B2EB831F22D177
:101E900065602672012EE06B99F80730114909D070
:101EA00099F8052002F0F004302C03D002F0E00293
:101EB000402A0AD1C3F3840351F82330DB682A4651
:101EC000414607B0BDE8F0431847C3F3840351F817
:101ED00023301B69F3E70448A8E700BF809FFFFF9A
:101EE000809EFFFFC8120300009FFFFF2DE9F74F00
:101EF00015460268DDF830A00446884699461AB9AE
:101F00005F4803B0BDE8F08F90F84420012A01D16A
:101F10005C48F6E70022CAF800200268002A00F0B8
:101F2000AB80167916F01F0600F0A680527902F0F9
:101F3000F002102A15D1B54240F0A080CAF8005036
:101F400002685149D279C2F3840251F8222090F9F3
:101F500008105568C06B4246AC4603B0BDE8F04F70
:101F60006047994208D1436A002BC9D1B5FBF6F30B
:101F700006FB1353002BC3D1202AC9D194F9083092
:101F8000676A83B9E268F31B82B1AB4247D307F1BA
:101F900014002A46414620440CF06DFB636A2B4432
:101FA00063620020ADE7012B02D1F31BAB42EED8F8
:101FB000002F36D1002DF4D0B5FBF6F706FB1757EE
:101FC00037B994F908301BB9E368002B18BF3746BE
:101FD000ED1B3A4608EB050104F114000CF04BFB35
:101FE000636A3B446362002DDBD02368264ADB79B9
:101FF000C3F38403CDE9008952F8233094F9081023
:102000009E68E06B04F128032A46B04700287FF45D
:1020100078AFDAF800302B44CAF80030C1E7002F5F
:10202000CAD0A6EB070B07F114005A4641462044DC
:102030000CF021FB2346144953F8142BD279C2F338
:102040008402CDE9003951F82220E06B936894F9BD
:1020500008109C46324604F12803E04700287FF42C
:1020600050AFDAF800302F443344CAF80030B1449E
:102070006062D844BD1B9DE7044842E7044840E73E
:10208000009FFFFF809FFFFFC8120300809CFFFF9F
:10209000809DFFFF70B50C230024CD5822462EBA38
:1020A00042EA460212BAC250043B1A1DC5F3C014DC
:1020B000F3D1084B1A680B7882EAD31253085B42BB
:1020C00052421343DB17C27B03F087035340C373B1
:1020D000002070BD1051002038B50546D0B104680D
:1020E000C4B1B9B10123FFF779FE044698B92B6852
:1020F00083B19B79042B0BD8012B0BD92421012010
:1021000000F072F948B12864102100F061F902E092
:10211000242BF3D0024C204638BD024CFBE700BF15
:10212000009FFFFF809EFFFF2DE9F04F0F4685B017
:1021300016468046002879D00368002B76D0002907
:1021400074D0046C002C71D01D79206A05F01F0535
:10215000F8B12A1AB2421CD2103020440CF08BFA8B
:1021600004F110020023191DA9422CD923441A1B83
:10217000954231D803AB00932A4623462146404678
:10218000FFF7B4FEE0B9236A2062EA1A3344174429
:102190005E1B05F1FF394FF0010A0DF10C0BB14444
:1021A000B9FBF5F9CA4538D34EB1206A1030324632
:1021B000394620440CF05FFA236A3344236200203E
:1021C00005B0BDE8F08F52F8100C1368434042F898
:1021D000103C04320B46C6E71A7C19784A4003F8D3
:1021E000012BC4E7FA58E0584240E2500B46191D53
:1021F0008D4204EB0302F5D2AB4210D3CDF800B010
:1022000023462A4621464046FFF770FE0028D7D1D4
:10221000761B2F440AF1010AC4E70023E7E7F85CC4
:102220001178414002F8011B0133E5E70048C7E798
:10223000009FFFFF2DE9F04F8B4691B080460028AC
:1022400000F0C2800368002B00F0BE80056C002DFA
:1022500000F0BA80002900F0B7800DF110091021BC
:1022600048460DF1200A1C7900F0B2F810215046C2
:1022700000F0AEF810210CA800F0AAF8D8F8006021
:1022800004F01F0416B1367906F01F0603AF0CAB3D
:102290000097324619464046FFF728FE50B9102EE7
:1022A00008D10CA94846FFF7F5FE18B94946504633
:1022B000FFF7F0FE10210CA800F08AF8D5F820C036
:1022C000A44505F110060FD349460CA800231A1D9A
:1022D000A2425FD9A3421BD2F25C19F803104A4014
:1022E0000CA9CA540133F5E70CA9084600239C4504
:1022F0003BD9F25C00F8012B01339C42F7D8D4465D
:1023000000231A1DA24235D90CAA1A44A34239D37C
:102310000CA90023281F1A1DA24245D9EA18A3427E
:102320004AD300972B46224629464046FFF7DEFD5A
:10233000074620B92246294658460CF09CF9102140
:10234000484600F045F81021504600F041F80023BF
:10235000102130462B6200F03BF81021284600F097
:1023600037F8384611B0BDE8F08F0CBF01220022CB
:10237000D201BFE708685CF8043B434041F8043BE6
:102380001346BEE711781AF80300414002F8011B1A
:102390000133BBE7AB1851F804CBDB6883EA0C03CD
:1023A00040F8043B134692E7835851F804CB83EA84
:1023B0000C0383501346AEE70CA81178C05C414073
:1023C00002F8011B0133AAE7004FCAE7009FFFFF95
:1023D00010B50A46044619B1024B00211B68984704
:1023E00010BD00BFC0050020014B1B68184700BF8F
:1023F000C8050020014B1B68184700BFC40500201A
:1024000010B500F0FE44B4F1A06F029A23D0B4F1ED
:10241000806F12D1114CA0421DD10124B1F5105F83
:102420001C7018D122B1022313700D4B984202D0B8
:102430000A4B98420CD1002010BD0A4CA0420AD190
:102440000124B1F5105F1C7005D1002AEBD1ECE737
:10245000044B9842EFD06FF08500EDE70044400454
:1024600000FF40040002C0037FB5036816460E4A11
:1024700023F47E1393420D4613D169460430FFF7CF
:10248000D9FE044620B93246694628460CF0F3F8D6
:1024900068461021FFF79CFF20460AF075FF04B044
:1024A00070BD6FF08800FAE70002C00310B5036842
:1024B00004464BB1094A23F47E13934206D10430FB
:1024C000FFF73EFC00232360002010BD4C220021BA
:1024D0000CF0F9F86FF08800F7E700BF0002C003C6
:1024E0002DE9F843D0F8009005460E461746B9F19D
:1024F000000F30D123F47E140360184B9C420FD19F
:1025000000F1040840460AF0C6FD318872884B4647
:1025100020460AF0E3FD014658B96FF0850416E045
:102520004C2249460CF0CFF86FF085042046BDE8F8
:10253000F8834046FFF732FC20B97288394640469E
:10254000FFF7CAFD0AF020FF04460028EED0284617
:10255000FFF7ACFFEAE76FF08804E7E70002C0038B
:1025600010B503685BB1074C23F47E13A34206D178
:102570000430FFF7D9FDBDE810400AF005BF6FF049
:10258000880010BD0002C0030E4B0340B3F1607F12
:1025900006D1B1F5885F14BF6FF086000020704748
:1025A000B3F1707F0BD101F4E043B3F5005F06D1C6
:1025B00011F4E06F0CBF6FF08600002070476FF0E1
:1025C000860070470000C07F8A42F8B506460C4678
:1025D00000F0DB806F4922F4FF7323F001038B428C
:1025E0000ED06D4B22F0FF01994209D06B4822F4C6
:1025F0007F7323F00303834202D0694B994228D1B1
:10260000684B24F0FF0199420FD114F0FF000BD06A
:10261000654B40F00070984240F0B98082EA0400B7
:10262000FF288CBF00200120F8BD5B4B9942ECD005
:10263000A3F588539942E8D024F4FF7323F00103F3
:10264000B3F1062FE1D056488142DED053498B4288
:10265000DBD004F0FE43B3F1A06F14D102F0FE43CF
:10266000B3F1A06F40F0938082EA040333F47E1349
:1026700040F08D8014F40040D6D0C4F30540C2F37E
:1026800005429042CDE7B3F1407F6AD102F0FE43AC
:10269000B3F1407F7BD182EA040535F47E1576D113
:1026A00031462046FFF770FF002870D13F4B12F4EF
:1026B0007C1703EA02031BD0B3F1607FC2F3054726
:1026C0003FD13B49D3B243F000738B423DD003F17D
:1026D0007E43043B0F2B01D83649CD5C14F47C1F9C
:1026E000C4F3054333D1BD4214BF002001209BE752
:1026F000B3F1607F0DD12E49D3B243F000738B420A
:102700001DD003F17E43043B0F2BDAD82A49CF5C5E
:10271000D7E7B3F1707FE1D106F4E043B3F5005F92
:1027200003D1C6F3022301279F4006F4E043B3F52B
:10273000005FD3D1C6F3022101258D40CEE71027DB
:10274000BFE7B3F1707FC9D1EFE71025C6E712F4F8
:102750007C1F01D1AB4218D022047FF565AFBB428C
:102760005FE7B3F1106F12D124F01F6020F47020E6
:1027700068B902F0FE43B3F1106F7FF455AF0F4814
:10278000104040F01060A042AEE701204CE700206E
:102790004AE700BF0002000600130006000400061E
:1027A0000009000600030006FF0000020000C07FD1
:1027B0000300000222420300224203000000FFF651
:1027C00037B50D4D6B78022B0C4612D12B78072BA9
:1027D0000FD1002301930A4601AB0146281D0AF0E0
:1027E00070FC20B9019BA34218BF6FF0930003B0A7
:1027F00030BD6FF08800FAE714510020F0B50446B0
:10280000084604F0FE41B1F1106F87B02BD124F0DF
:102810001F6121F4702131BB45682D0A00F12001B0
:1028200021D1068806F44F45B5F5824F1BD10F4DD7
:102830000F4F254045F01065BD4214D1F6B2122E5F
:1028400011D14588B5F5807F0DD10E9D04950D9D64
:1028500003950C9D0092CDE901352346426E0BF0A5
:10286000C8FA07B0F0BD6FF08500FAE70000FFF688
:10287000000002092DE9F843884617461C4600F07F
:10288000E9F9054688BBD8F80060B6F8009009F46D
:10289000E043B3F5804FB36808BF27F0010737EA7C
:1028A00003031AD10CB3254B24F0FF029A421FD127
:1028B00014F0FF0304D0224A43F00073934232D055
:1028C000F16822464846FFF77FFE074668B931693E
:1028D00022464846FFF778FE70BB6FF08405002360
:1028E000C8F8003030460BF0F7F92846BDE8F88309
:1028F000144B9A42DCD0A3F588539A42D8D024F4E2
:10290000FF7323F00103B3F1062FD1D00E498A42A1
:10291000CED00E4A9342CBD004F0FE43B3F1407FB9
:1029200004D12304CCD56FF08605D8E7B3F1A06FAE
:10293000F7D0034B9C42C2E73D46D6E700030006B2
:10294000FF00000200130006000900060004000654
:1029500038B500F0FE43B3F1407F04460D4602D087
:102960006FF0860038BDFFF70FFE0028FAD114F48F
:102970007C1F12D0C4F30543032B137022D9284ABD
:102980002240B2F1607F3DD1264AE4B244F00074A7
:1029900094422BD1102BE5D9E2E7214B2340B3F130
:1029A000607F15D11F49E3B243F000738B4202D11F
:1029B00010231370D6E703F17E43043B0F2B04D999
:1029C000002313706FF08500CCE71749CB5CD3E789
:1029D000B3F1707FF4D101F4E043B3F5005FEFD1C0
:1029E000C1F3022101238B40DBB2C5E704F17E4431
:1029F000043C0F2CB4D80D4A125D9342B0D8202B62
:102A0000B0D9DFE7B2F1707FAAD105F4E042B2F5A8
:102A1000005FA5D1C5F302250122AA40EDE700BF62
:102A20000000C07F03000002224203002242030094
:102A300007B5002300911A4602490BF03BF803B09A
:102A40005DF804FB5013030010B5114C23785807B0
:102A500044BF23F0040323702378990705D500F0C1
:102A600097F8237823F00203237063781BB1094A97
:102A70000023636053600023064863700821FFF75A
:102A8000A7FC2378DA0744BF23F00103237010BDAD
:102A9000145100201851002038B5184C6278237862
:102AA000022A01D1072B09D09B070AD52378DD071D
:102AB00013D562782378A2B158071AD50025284685
:102AC00038BD00F05DF8237843F00203237005461B
:102AD0000028EBD0FFF7B8FFF1E743F001032370C4
:102AE000E7E7D907E8D5064962604A6002226270CA
:102AF000E2E743F004032370E0E700BF1451002035
:102B00001851002000F140420F2A38B504460D4606
:102B10000CD81A4B682101FB02331A7E022A02D11B
:102B20005A69824218D06FF08B001FE001210BF030
:102B3000ADF8E0B1114A00201346117E022902D1FE
:102B40005169A14205D00130102802F16802F4D188
:102B5000E9E7682202FB00331A7E022A0AD1DA6909
:102B6000511C07D00132DA6100202B6038BD6FF0B4
:102B70008700FBE76FF09600F8E700BF20510020C8
:102B8000024B012283F8802600207047205100204C
:102B90002DE9F0410A4C002526464FF00108032795
:102BA000C4F81C802776204601350AF0D4FC102D8D
:102BB00004F16804F4D1002386F88036BDE8F08182
:102BC00020510020F8B5214D95F8803606460F4675
:102BD000002B34D000242B462246197EF9B13CB993
:102BE000022905D1D96919B91979002918BF1C46DC
:102BF0000132102A03F16803EFD114B96FF08C0091
:102C00000BE0237E022B04D1E3695A1C1CBF013365
:102C1000E36120460AF09FFC10B100240DE01C4641
:102C2000237E7BB90123237636B1094B651BED105A
:102C30005D4305F18045356000203C60F8BD6FF0D4
:102C40008800EAE76FF09600E7E700BF2051002018
:102C5000C54EECC438B5094B00250D6093F880369D
:102C60000C4643B1FFF74EFF10F18C0F02D12560E7
:102C70006FF0870038BD6FF08800FBE7205100201F
:102C8000043004289ABF034B33F910006FF083001F
:102C9000704700BFC8140300014B0BF085B900BF9B
:102CA000F813030070B5144688B006460D4620465A
:102CB00021460C4A0BF0D8F9224621466846FFF718
:102CC000EBFF6A4631463046FFF7E6FF224669468B
:102CD0006846FFF7E1FF6A4629462846FFF7DCFF12
:102CE00008B070BDF813030030B5044689B00BF08E
:102CF00020F90C4A214668460BF0B3F8012105463D
:102D000068460BF092F86A46214610460BF0A9F887
:102D10002DB1003818BF0120404209B030BD4FF03E
:102D2000FF30FAE7B413030030B589B004460BF066
:102D300098F821460546054A68460BF07CF82A4675
:102D4000694620460BF0A4F809B030BDF813030023
:102D500070B5044690B00D46114616460BF0E9F8E2
:102D6000234A214608A80BF07CF801283DD11146E2
:102D700020460BF058F906F1200128460BF0D9F84F
:102D80001B4A294608A80BF06CF801282DD11146E2
:102D900028460BF048F92A4629466846FFF77CFF8B
:102DA0002246214608A8FFF777FF08A908462246D1
:102DB000FFF772FF08A908462246FFF7B5FF08A9EA
:102DC00008462246FFF7B0FF08A908462246FFF74B
:102DD000ABFF08A90846064B064A0BF0D0F808A935
:102DE00068460BF066F810B070BD4FF0FF30FAE7A0
:102DF000F813030094130300F0B5384E99B004465D
:102E00000D4608A811461746FFF746FF334608AAA5
:102E1000214668460BF0B3F808AA214610A8FFF730
:102E200083FF10AA694608A8FFF736FF08AA3346B1
:102E3000114668460BF0A3F8334608AA694668466F
:102E40000BF09DF82A46294610A8FFF725FF10AA87
:102E50003346114610460BF092F810AA214608A8F6
:102E6000FFF71AFF08AA3346114610460BF087F801
:102E700010AA11461046FFF70FFF10AA334611465D
:102E800010460BF07CF86A4669462046FFF704FFBF
:102E900008AA21462046FFF747FF08AA21462046F8
:102EA000FFF742FF3A4629463846FFF7F5FE33461C
:102EB0003A46394638460BF062F8224608A92846B9
:102EC000FFF732FF6A4629462846FFF7E5FE10AABB
:102ED00029462846FFF728FF19B0F0BDF813030074
:102EE0002DE9F04FA3B00C462C9E31490546924681
:102EF00002A8324699460AF0B4FFD6F800B031462F
:102F00000BF0010202A80DF148080AF0C1FF0021F0
:102F100040460AF08AFF4A4641460AA8FFF704FFE6
:102F20000122514628460AF0B3FF012249462046B5
:102F30000AF0AEFF1F4A01211AA80BF08AF86FEAC7
:102F40000B0202F001020AA920460AF0A1FFFF27A6
:102F50007B0922AA02EB830307F01F0253F8806C5F
:102F6000D64086EA0B06F24302F00102494640468B
:102F70000AF08EFF06F001020AA940460AF088FF17
:102F80001AAA21462846FFF737FFCDF8008053469E
:102F90001AAA214628460BF0A9F8013FD8D11AAA4F
:102FA00021462846FFF77EFE23B0BDE8F08F00BF24
:102FB000B4130300F81303002DE9F74306460D464A
:102FC000174698464FF00509B9F1010905D14FF0B0
:102FD000FF34204603B0BDE8F083202130460BF0DB
:102FE000E6F80028F3D131462846FFF77DFE044677
:102FF0000028E9D1034B044A009541463846FFF7C3
:103000006FFFE6E7541303007413030030B599B063
:103010000D4610AB694608AAFFF7CEFF20210446F3
:103020006846FFF7D5F96CB9084A08A928460BF09D
:103030004BF8064A10A905F120000BF045F8204690
:1030400019B030BD4FF0FF34F9E700BFF8130300AB
:1030500070B5AAB002AD064628461446FFF744FEF6
:10306000C8B9224612A90AA8FFF772FE0446A8B9F9
:103070000AAA22A91AA8009512ABFFF731FF094A44
:103080001AA930460BF020F828462021FFF7A0F9B6
:1030900020462AB070BD6FF00204F5E76FF001041E
:1030A000F2E700BFF813030070B59AB002AE054610
:1030B0003046FFF719FE0446C0B90E4B0E4A009683
:1030C00012A90AA8FFF70CFF20213046FFF780F96C
:1030D0000A4A0AA928460AF0F7FF084A12A905F188
:1030E00020000AF0F1FF20461AB070BD6FF0020414
:1030F000F9E700BF5413030074130300F81303002F
:1031000008B50A4A0A4B93420ED90A490A4A0B48A3
:10311000192305F0DBF90A4805F0D8F9064819210A
:1031200005F0CBF92033EEE7FCD308BDFCE9020043
:103130009CE802005542030032420300411503009F
:10314000A01B030070B50446EFF31186202383F320
:103150001288BFF36F8F0E4B9D68DFF74BFC042C7A
:103160000CD10C490C4A0D48872305F0AFF90C48E7
:1031700005F0ACF90848872105F09FF986F311881E
:10318000BFF36F8F2846BDE87040E2F7DDB800BF9F
:10319000A45700208F4203006D4203004115030035
:1031A000AC42030038B50A4B53F82040013053F8C5
:1031B0002050A54200D838BD606830B1037FDB07DE
:1031C00001D40BF02BF80834F3E723689847FAE7AB
:1031D0003C14030070B5384B384C394D012286B091
:1031E00003201A70FFF7DEFF04F0BCF80420FFF79D
:1031F000D9FFAC42264628D93249334A33484223C4
:1032000005F064F9324805F061F942212E4805F0D5
:1032100054F954F80C3C059354F8103C049354F8BA
:10322000143C039354F8183C029354F81C3C01934B
:1032300054F8203C009354E90A2354E90C0102F0AD
:10324000E5F854F8303C5E65D3E7AE4204F1300453
:10325000DFD302F0F3FD194C1E4EAC421FD91949C1
:10326000194A1A48662305F031F9194805F02EF974
:103270006621CBE7D4E90A23B3F1FF3F08BFB2F1DF
:10328000FF3F05D052EA0301206803D103F05CF848
:103290003034E2E73146183003F096FBF8E7E9D323
:1032A00002F03EFEDFF7CAFB0B4A137B23F001035B
:1032B000137306B070BD00BFC36100207CEB020039
:1032C0007CEB020002430300E142030041150300CE
:1032D000A01B0300A1E40200A82F002008B50348AA
:1032E000034A0021121A0AF0B0FF08BDB8090020F5
:1032F000C861002070B5002386B00122CDE9042307
:10330000134E144D01930F22CDE9023212491423BA
:1033100003FB005506EBC01604464FF4C07000FBDB
:1033200004110E4B00954FF4A072304602F06EF877
:10333000737B0B4AEE6023F0040373734FF4046352
:1033400004FB033313442C746B6006B070BD00BFE4
:10335000282F0020A4570020409B00200D38020099
:1033600000930020BFB50020FFF71CFF294B83F31B
:103370000888294C294F636943F400736361002571
:10338000E02384F82230E57725766576A57684F803
:103390002050636A43F4E023636284F82350E1F72A
:1033A000A1FFE2F707F94FF0FF33A362E362E2F710
:1033B000FDF9E2F723F91A481A4C02F0DFF8FFF79B
:1033C0009FFE0120FFF7EEFE0220FFF7EBFE02F06A
:1033D00037FE154B15495C61154B05930123CDE96B
:1033E00003534FF480523B46CDE9015500952046EA
:1033F00002F00CF8627B064622F00402204662735B
:1034000002F036FA2846FFF775FF3A463146204665
:10341000E2F7B2F8409B002000ED00E0D531020059
:10342000C8300020A82F0020A4570020C09C0020F6
:103430002F43030038B50D4C0D4DAC4213D90D4947
:103440000D4A0E48252305F041F80D4805F03EF8D9
:103450000948252105F031F8D4E9011220460AF087
:10346000F8FE1834E9E7F7D3002038BDC007002084
:10347000D80700209B430300344303004115030099
:10348000A01B0300F8B505460E4600F11404EFF347
:103490001187202383F31288BFF36F8F204603F038
:1034A0001DFA68B91B4A1C491C48882305F00EF810
:1034B00021461B4805F00AF88821164804F0FDFF54
:1034C000204603F02FFA28463146E0F7C5FB05F108
:1034D0000C000AF0F3FF28B139462046BDE8F84059
:1034E00002F052BC204603F007FA68B9094A0D49B8
:1034F0000A4840F2311304F0E9FF21460A4804F07B
:10350000E5FF40F23111D8E787F31188BFF36F8FE1
:10351000F8BD00BF561703008317030041150300D1
:1035200098170300AE170300C517030038B50D4CFC
:103530000D4D0020AC4213D90C490D4A0D4895237E
:1035400004F0C4FF0C4804F0C1FF0948952104F0C1
:10355000B4FF20460AF087FE002802DB2034E9E7AA
:10356000F7D338BD40070020C0070020D94303002F
:10357000B443030041150300A01B03002DE9F743EA
:1035800005460F4691461C4600F10806EFF31188E8
:10359000202383F31288BFF36F8F304603F09EF928
:1035A00060B9324A32493348882304F08FFF3146EC
:1035B000314804F08BFF88212C4826E0304603F088
:1035C000B1F92B691BB33B601C68EB692C610133BB
:1035D000EB6114B96A6993421FD0EB68E41A09D40D
:1035E000D5E905235A43A24204D9B4FBF3F203FB05
:1035F000124494B12149224A1E48EA2304F066FF8E
:10360000204804F063FF1E48EA2104F056FF59EAFF
:10361000040214D13B606FF00B04304603F06CF9E8
:10362000F0B9124A1849134840F2311304F04EFF22
:103630003146164804F04AFF40F23111BCE7CDE9AB
:1036400000942A464146304602F0F4F9044618B97F
:103650000F4B9B681B693B60204603B0BDE8F083BD
:1036600088F31188BFF36F8FF6E700BF561703008A
:10367000831703004115030098170300F643030066
:10368000B443030072440300AE170300C5170300E0
:10369000A45700202DE9F843C368CB1A05460E460F
:1036A00023D4D0E90512514399421ED9B3FBF2F15C
:1036B00002FB1133CBB900F10807EFF31189202485
:1036C00084F31288BFF36F8F384603F007F9D8B937
:1036D000414A42494248882304F0F8FE39464148AD
:1036E00004F0F4FE88213C480CE03F493F4A3C4846
:1036F0004FF4897304F0EAFE3D4804F0E7FE3B48CE
:103700004FF4897104F0D9FE384603F00BF9D5F86F
:103710001080B8F1000F40D1EFF3118384F31288C9
:10372000BFF36F8F83F31188BFF36F8F5BB931499C
:10373000314A2B48A62304F0C9FE304804F0C6FEE7
:10374000A6212D48DEE72C68A54226D02CB3A3681D
:103750003BB92B49284A22488F2304F0B7FE8F211A
:10376000EFE7D4E9003213605A60637BC4F8088045
:1037700023F002036373C4E9008804F1180003F026
:10378000FFF92046C4F87C80266102F071F84946B2
:103790003846BDE8F84302F0F7BA2B693360EB69AD
:1037A0002E61013BEB61384603F0A6F868B90A4A7E
:1037B00014490B4840F2311304F088FE3946124890
:1037C00004F084FE40F231118DE789F31188BFF3D4
:1037D0006F8FBDE8F88300BF5617030083170300FF
:1037E000411503009817030019170300B4430300A1
:1037F0008D440300DA440300AF440300F91F0300C3
:10380000F2440300AE170300C517030008B50D4BC3
:103810009B6893F90E30002B09DB2024EFF3118312
:1038200084F31288BFF36F8F05F055FCF6E7064965
:103830000648074A1C2304F049FE05481C2104F0F1
:103840003CFE00BFA45700202A4503004115030099
:103850000945030008B583684BB90B490B480C4A6E
:103860008F2304F033FE0A488F2104F026FED0E9AE
:10387000003213605A60427B0023C0E9003322F01B
:1038800002024273836008BDF24403004115030045
:10389000AF4403002DE9F3470446894690461E468F
:1038A000EFF3058373B152EA06030BD05A495B4A22
:1038B0005B48822304F00AFE5A4804F007FE822186
:1038C000564819E004F10805EFF311874FF0200A7C
:1038D0008AF31288BFF36F8F284602F0FFFF68B9A2
:1038E000514A52494E48882304F0F0FD2946504879
:1038F00004F0ECFD88214C4804F0DFFD284603F07D
:1039000011F8626A23699A426AD2EFF311838AF34B
:103910001288BFF36F8F83F31188BFF36F8F5BB98A
:103920004449454A3E48A62304F0D0FD3D4804F0F2
:10393000CDFD4148A621DFE72668B44217D0B6B1D5
:103940003046FFF787FF06F1180003F019F9E26827
:10395000306949460AF08FFE0023F367304601F0D4
:1039600087FF3946284602F00FFA002447E0206A14
:103970006369984202D3A369984207D32F49274A23
:1039800027489A2304F0A2FD9A2199E7E268494664
:103990000AF071FE236AE2681344A269236293422B
:1039A00004BF63692362636A0133636204F1280020
:1039B000102103F07BFB04460028D2D1284602F0F8
:1039C0009BFF18BB184A1E49154840F2311304F0FA
:1039D0007DFD29461B4804F079FD40F231118AE74C
:1039E00058EA06030FD0184B9B682246C3F8109084
:1039F0003946CDE90086284602F01CF804462046E8
:103A000002B0BDE8F0876FF02204D7E787F3118892
:103A1000BFF36F8FF3E700BF564303005245030027
:103A200041150300F91F0300561703008317030015
:103A300098170300DA440300AF4403007445030001
:103A4000AE170300C5170300A45700202DE9F74364
:103A50000446884617461D46EFF3058373B152EAC4
:103A600005030BD05C495D4A5D48DE2304F02EFD62
:103A70005C4804F02BFDDE21584818E004F10806EC
:103A8000EFF31189202383F31288BFF36F8F304641
:103A900002F024FF68B9544A54495148882304F07D
:103AA00015FD3146524804F011FD88214E4804F0BE
:103AB00004FD304602F036FF636A002B61D0E268F5
:103AC000E16940460AF0D7FDE369E2681344A26960
:103AD000E361934204BF6369E361636A013B63622C
:103AE000EFF31183202282F31288BFF36F8F83F3E9
:103AF0001188BFF36F8F5BB93E493F4A3848A62310
:103B000004F0E4FC374804F0E1FC3B48A621CEE792
:103B10002568AC4245D0002D44D02846FFF79AFED8
:103B200005F1180003F02CF8206A6369984202D36B
:103B3000A369984207D33149284A2948F82304F059
:103B4000C5FCF82198E72969E2680AF094FD236A28
:103B5000E2681344A2692362934204BF636923624B
:103B6000636A0133636200242846EC6701F080FE3B
:103B70004946304602F008F92546284603B0BDE81C
:103B8000F08357EA05031FD01D4B9B682246C3F8FC
:103B900010804946CDE90075304601F04BFF0546DF
:103BA000EBE70025304602F0A7FE80B90E4A154922
:103BB0000B4840F2311304F089FC3146124804F0FE
:103BC00085FC40F2311171E76FF02205EAE789F3D5
:103BD0001188BFF36F8FD0E75643030052450300AF
:103BE00041150300F91F0300561703008317030054
:103BF00098170300DA440300AF4403007445030040
:103C0000A4570020AE170300C51703002DE9F341A8
:103C1000044617461E46EFF3058565B15849594AD3
:103C200059486F2304F052FC584804F04FFC5548A3
:103C30006F2104F042FCEFF31188202383F31288F4
:103C4000BFF36F8F524802F049FE60B9514A5249A2
:103C50004D48882304F03AFC4D49504804F036FCA6
:103C600088214C48E5E74A4802F05CFEE3684C4A8C
:103C70009BB1A0689168884229D057EA06032ED1EB
:103C8000434802F039FEA0B188F31188BFF36F8F6B
:103C90006FF00F0002B0BDE8F081916891F90E104D
:103CA0003B4821610133E3609368A36002F024FE86
:103CB00078B9384A3B49344840F2311304F006FCE5
:103CC0003349394804F002FC40F23111C9E7216957
:103CD000E6E788F31188BFF36F8F0020DAE791F9E8
:103CE0000E1090F90E309942A8BF19466FF07E026F
:103CF0009142B8BF11468B4202DD0AF0E2FA054656
:103D0000CDE9007622482246414601F093FE002884
:103D1000E3D0EFF31186202383F31288BFF36F8F74
:103D20001B4802F0DBFD002890D0194802F0FAFD94
:103D3000A068C0B1236821699C420AD04BB193F9B5
:103D40000E309942A8BF19466FF07E039942B8BF62
:103D500019460AF0B6FA30B10D48314602F014F8AF
:103D60006FF00A0096E7002DF6D1094802F0C4FD75
:103D700000289ED086F31188BFF36F8FF0E700BF55
:103D8000E2450300C045030041150300F44503006C
:103D9000C457002056170300831703009817030029
:103DA000A4570020AE170300C5170300F8B5054659
:103DB000EFF3058363B15449544A5548D72304F0BF
:103DC00085FB544804F082FBD721504804F075FB72
:103DD0008368002B00F092804F4A9268934240F033
:103DE0009080C3683BB94D49484A4948EF2304F0E5
:103DF0006DFBEF21E9E7012B03D0013BC3600020FD
:103E0000F8BDEFF31187202484F31288BFF36F8F7E
:103E1000434802F063FD60B9424A43493C48882365
:103E200004F054FB3E49414804F050FB88213D48D2
:103E3000CCE73B4802F076FD2969A8680AF041FA10
:103E4000EFF3118384F31288BFF36F8F83F311882C
:103E5000BFF36F8F5BB93649364A2D48A62304F06D
:103E600035FB354804F032FBA6213248AEE72C681A
:103E7000A54215D10023C5E90233294802F03CFDD3
:103E8000002836D1274A2D49214840F2311304F049
:103E90001DFB23492A4804F019FB40F23111C6E703
:103EA000002CE7D0A3683BB92649224A18488F2343
:103EB00004F00CFB8F21D8E7D4E9003213605A607C
:103EC000637B002623F002036373C4E90066A660E7
:103ED00004F1180002F054FEAC6094F90E302B612E
:103EE0002046E66701F0C4FC0D48394601F04CFF5E
:103EF00085E787F31188BFF36F8F80E76FF01500B8
:103F00007EE74FF0FF307BE7E2450300C04503004A
:103F100041150300F4450300A4570020194603008F
:103F2000C457002056170300831703009817030097
:103F3000DA440300AF440300F91F0300AE17030087
:103F4000C5170300F244030008B583684BB90B4959
:103F50000B480C4A8F2304F0B9FA0A488F2104F069
:103F6000ACFAD0E9003213605A60427B0023C0E90A
:103F7000003322F002024273836008BDF244030062
:103F800041150300AF4403002DE9F04704469DF8B6
:103F900020800F4691469A4600F10805EFF31186FE
:103FA000202383F31288BFF36F8F284602F096FC1C
:103FB00060B9514A51495248882304F087FA29468A
:103FC000504804F083FA88214B481DE0284602F04F
:103FD000A9FCB8F1000F00D06768EFF3118320222D
:103FE00082F31288BFF36F8F83F31188BFF36F8F53
:103FF00063B94549454A4248A62304F067FA444854
:1040000004F064FA4148A62104F057FA234653F815
:104010000C8F984519D0B8F1000F16D04046FFF725
:1040200093FF08F1180002F0ABFD0023C8F87C30C4
:10403000C8F81090404601F01BFC3146284601F0BC
:10404000A3FE00242046BDE8F087BAF1000F14D08B
:10405000082003F07FF9002846D00122C0F8049020
:104060000260016801F003015FB922680A4302603F
:10407000626820606AB960600BE0C9F800A0484639
:10408000EFE73A68032A24D801606168D9B9C4E926
:10409000000004F11400042103F008F8044600288D
:1040A000CBD1284602F028FC08BB134A1949144812
:1040B00040F2311304F00AFA2946174804F006FAD0
:1040C00040F2311180E70A6802F0030202430A60FD
:1040D000D1E722F003020A4302603A6802F00302C9
:1040E00040EA02033B60D4E76FF00B04D9E786F3A4
:1040F0001188BFF36F8FA5E75617030083170300DE
:104100004115030098170300DA440300AF4403008D
:10411000F91F0300AE170300C51703002DE9F04196
:10412000044600F10806EFF31187202585F3128875
:10413000BFF36F8F304602F0D1FB60B9314A32498C
:104140003248882304F0C2F93146314804F0BEF900
:1041500088212C4818E0304602F0E4FBEFF311838D
:1041600085F31288BFF36F8F83F31188BFF36F8FCE
:1041700063B92849284A2548A62304F0A7F9274807
:1041800004F0A4F92448A62104F097F9E56804F1A5
:1041900014080C34A54217D0B5B12846FFF7D4FE59
:1041A00005F1180002F0ECFC00232846EB672B61B8
:1041B00001F05EFB0821404602F078FF39463046A8
:1041C000BDE8F04101F0E0BD0821404602F06EFF7D
:1041D0000028F3D1304602F08FFB68B9094A104934
:1041E0000A4840F2311304F071F931460D4804F0E9
:1041F0006DF940F23111ACE787F31188BFF36F8F8F
:10420000BDE8F08156170300831703004115030032
:1042100098170300DA440300AF440300F91F0300BA
:10422000AE170300C51703002DE9F7430646904675
:104230001F4600F10805EFF31189202383F312884C
:10424000BFF36F8F284602F049FB68B9244A25491D
:104250002548882304F03AF92946244804F036F921
:1042600088211F4804F029F9284602F05BFB3468D6
:10427000F4B12368726823F003039442204633604C
:1042800008BF736001210AF02BF80446284602F0AB
:1042900033FBE8B9124A1649134840F2311304F0CF
:1042A00015F92946134804F011F940F23111D8E705
:1042B00058EA0703EAD0CDE9008706F10C02494627
:1042C000284601F0B7FB38B90B4B9B681C6903E02B
:1042D00089F31188BFF36F8F204603B0BDE8F083E8
:1042E00056170300831703004115030098170300B6
:1042F000AE170300C5170300A457002008B5836854
:104300004BB90B490B480C4A8F2304F0DFF80A48DD
:104310008F2104F0D2F8D0E9003213605A60427B5A
:104320000023C0E9003322F002024273836008BD1B
:10433000F244030041150300AF44030070B5044686
:10434000EFF31186202585F31288BFF36F8F334872
:1043500002F0C4FA60B9324A32493348882304F083
:10436000B5F82E49314804F0B1F888212C4818E0FE
:104370002A4802F0D7FAEFF3118385F31288BFF3CE
:104380006F8F83F31188BFF36F8F63B92849294A70
:104390002548A62304F09AF8274804F097F8254802
:1043A000A62104F08AF82568AC4212D08DB12846C7
:1043B000FFF7A4FF05F1180002F0E2FB0023EB6712
:1043C000284601F055FA31461448BDE8704001F026
:1043D000DBBCD4E902329A4218BF0133A360022148
:1043E00004F1100002F062FE0028ECD10B4802F04C
:1043F00083FA68B90A4A11490B4840F2311304F0B4
:1044000065F806490E4804F061F840F23111ADE755
:1044100086F31188BFF36F8F70BD00BFC8570020AF
:104420005617030083170300411503009817030074
:10443000DA440300AF440300F91F0300AE17030082
:10444000C5170300F7B5044616461D46EFF305836E
:104450007BB152EA05030CD02D492E4A2E48882301
:1044600004F034F82D4804F031F82A48882104F08B
:1044700024F8EFF31187202383F31288BFF36F8FA3
:10448000274802F02BFA60B9264A27492248882398
:1044900004F01CF82249254804F018F88821214826
:1044A000E5E71F4802F03EFAA368D3B1013B1C4880
:1044B000A36002F021FA68B91A4A1D49164840F271
:1044C000311304F003F816491A4803F0FFFF40F2D5
:1044D0003111E4E787F31188BFF36F8F002003B039
:1044E000F0BD56EA05030BD10D4802F005FA00288D
:1044F000E2D087F31188BFF36F8F6FF00F00EEE704
:10450000CDE9006522463946054801F093FAE6E711
:10451000504603003046030041150300F91F030015
:10452000C85700205617030083170300981703008D
:10453000AE170300C51703002DE9F0470446EFF35B
:104540001188202787F31288BFF36F8F354802F058
:10455000C5F9064660B9344A34493548882303F022
:10456000B5FF3049334803F0B1FF88212E481CE0E5
:104570002C4802F0D7F94FF000096FF00A0AEFF368
:10458000118387F31288BFF36F8F83F31188BFF312
:104590006F8F63B92849294A2548A62303F096FF5F
:1045A000274803F093FF2548A62103F086FF2568DE
:1045B000AC420ED06DB12846FFF7A0FE05F1180001
:1045C00002F0DEFAC5F87CA0284601F051F9B146A8
:1045D000D5E70023A360022104F1100002F066FD7C
:1045E000A0B9B9F1000F11D10E4802F085F998B9C0
:1045F0000D4A14490E4840F2311303F067FF094990
:10460000114803F063FF40F23111AFE7414605481E
:10461000BDE8F04701F0B8BB88F31188BFF36F8F96
:10462000BDE8F087C8570020561703008317030022
:104630004115030098170300DA440300AF44030058
:10464000F91F0300AE170300C517030007B5074B9A
:104650000093074907484FF0FF334FF4805200F0B2
:104660007DFB002003B05DF804FB00BF5414030081
:1046700000AD0020283000202DE9F043764E774F22
:1046800085B00446EFF31188202383F31288BFF32B
:104690006F8F304602F022F968B9714A7149724849
:1046A000882303F013FF6C49704803F00FFF882143
:1046B0006B4803F002FF304602F034F9D4F884501E
:1046C000F5B9022104F19C0009F04CFE002840D00D
:1046D00004F1940500220121284601F0B7FF0028CB
:1046E000F8D1002302934FF0FF324FF0FF33CDE9B2
:1046F0000023414604F18C02304602F005F8C1E780
:10470000D4F888202B68C4F88430954208BFC4F8D8
:104710008830D4F89C3043F00203C4F89C30EB6836
:10472000D5F8049023F0040343F00103EB60304616
:1047300002F0E2F8F8B94A4A4D494B4840F23113C9
:1047400003F0C4FE44494B4803F0C0FE40F231116F
:10475000AEE7D4F89C30DD06C3D5C4F89C003E48D3
:1047600002F0CAF80028E6D088F31188BFF36F8FF3
:1047700005B0BDE8F08388F31188BFF36F8FB9F1FE
:10478000000F0AD13C4938483C4A4FF4387303F0D3
:104790009DFE3A484FF438718BE72846C847EFF33F
:1047A0001188202383F31288BFF36F8F304602F005
:1047B00095F800283FF471AF304602F0B3F8EB688B
:1047C000D90623F0010231D4EA60EB689A0716D5C6
:1047D000386823F00203EB6088B10368002170B1F0
:1047E0004268954230D1036841BB7A683B6082429F
:1047F00000D17B60002340F8083BFFF79FFDD4F811
:104800009C3023F00203C4F89C303046C3F30025EB
:1048100002F072F800288ED088F31188BFF36F8FF2
:10482000002D7FF42FAF01F013FC2BE723F01103D1
:10483000EB6005F11000FFF781FDC6E70B607B68B8
:10484000834208BF7960D5E723B11A68014618464C
:104850001346C4E71A46F9E7D4570020CC57002086
:104860005617030083170300411503009817030030
:10487000AE170300C5170300E8460300A646030071
:1048800070B5C368C3F340069B0705460C460DD5BB
:104890000122002104F1080009F054FD00232360E7
:1048A000054B65605A681AB9C3E90044304670BDCB
:1048B00014605C60FAE700BFCC570020F8B5C3680D
:1048C0009A0704460F46C3F340063BD45B0727D440
:1048D0000B680BB983680B60E368DD0723D5A36819
:1048E0005BB9294929482A4A40F2571303F0EEFDE3
:1048F000274840F2571103F0E0FD3B6002263D6877
:10490000002D3ED0234B9A68D5F880309A420CD0C7
:10491000D5F89C30D807C3F3800216D46FF0120686
:1049200000233B6027E00126E9E709F080FDD5F888
:104930009C300028EED1D907C3F3C002EED552B1A6
:104940005B0708D46FF00F06EAE7002AFAD1C3F339
:10495000C003002BF6D100232360D5F8883063B95B
:10496000C5E92144284609F018FDE36843F0040333
:10497000E3603B68A3603046F8BD1C60C5F8884022
:10498000F0E76FF01506CBE7C746030041150300BB
:10499000A6460300A457002073B50446EFF3118523
:1049A000202383F31288BFF36F8F1E4801F096FF18
:1049B00068B91D4A1D491E48882303F087FD19491F
:1049C0001C4803F083FD8821174803F076FD154845
:1049D00001F0A8FF00230321201F0193A4F110067A
:1049E00009F0C0FC28B1A369019301A93046FFF783
:1049F00065FF0C4801F080FF68B90B4A0E490C486E
:104A000040F2311303F062FD06490C4803F05EFDED
:104A100040F23111D8E785F31188BFF36F8F02B0F0
:104A200070BD00BFD4570020561703008317030042
:104A30004115030098170300AE170300C5170300C4
:104A400038B50D46044648B90C490D4A0D489C231B
:104A500003F03CFD9C210A4803F02FFD39B90A49B7
:104A6000074A08489D2303F031FD9D21F3E71022FA
:104A7000002109F028FE656038BD00BF83470300B0
:104A8000A646030041150300E8460300F8B5C368D5
:104A900003F00503002B06460C4614BF0127002730
:104AA00029D085685DB91D491D481E4A40F2C113D1
:104AB00003F00CFD1B4840F2C11103F0FEFC012283
:104AC000002104F1100009F03DFC17492046FFF7D2
:104AD000B7FFE36843F01003E360F3685B0712D5A8
:104AE000336823606BB9D5F8883033B9C5E9214400
:104AF000284609F052FC3846F8BD1C60C5F88840CD
:104B0000F6E73460F4E7D5F884302360D5F88830D0
:104B1000C5F88440002BEBD1F0E700BFCD46030081
:104B200041150300A64603007BE3020037B50C469F
:104B3000019059B92849294A294840F27D1303F0C8
:104B4000C5FC40F27D11254803F0B7FC4B684BB91A
:104B50002449224A22484FF4BF7303F0B7FC4FF4B4
:104B6000BF71F0E7EFF31185202383F31288BFF3C1
:104B70006F8F1D4801F0B2FE60B91C4A1C491848ED
:104B8000882303F0A3FC18491A4803F09FFC8821EE
:104B90001648D9E7144801F0C5FE204601A9FFF7E1
:104BA0008DFE0446104801F0A7FE68B90F4A12496D
:104BB0000B4840F2311303F089FC0B490F4803F016
:104BC00085FC40F23111E3E785F31188BFF36F8F65
:104BD000204603B030BD00BF83470300A646030054
:104BE00041150300E2460300D45700205617030086
:104BF0008317030098170300AE170300C5170300BF
:104C00000146014809F003BC2830002070B50C466D
:104C1000054658B93849394A394840F2CD1303F0AE
:104C200055FC40F2CD11354803F047FCC368DB0565
:104C300009D53449314A32484FF4E77303F046FC52
:104C40004FF4E771EFE709F0F2FB48B12E492B4A28
:104C50002B4840F2CF1303F039FC40F2CF11E2E7CA
:104C60004CB92A49254A26484FF4E87303F02EFC34
:104C70004FF4E871D7E7EFF31186202383F312880E
:104C8000BFF36F8F224801F029FE60B9214A224903
:104C90001B48882303F01AFC1D49204803F016FC2A
:104CA00088211C48C0E71A4801F03CFE28462146EE
:104CB000FFF7ECFE0546164801F01EFE68B9154ADE
:104CC00017490F4840F2311303F000FC1049154812
:104CD00003F0FCFB40F23111E3E786F31188BFF3E8
:104CE0006F8F3DB14FF0FF324FF0FF3304F11000F2
:104CF000FFF7A8FB284670BD83470300A6460300C4
:104D000041150300FF460300A62803002E470300B9
:104D1000D457002056170300831703009817030089
:104D2000AE170300C517030008B558B9084909486C
:104D3000094A40F2053303F0C9FB074840F2053148
:104D400003F0BBFBA022002109F0BDFC08BD00BFA1
:104D5000CD46030041150300A6460300F0B589B017
:104D600004460E9D58B92F492F4A304840F232333D
:104D700003F0ACFB40F232312B4803F09EFB49B903
:104D80002B49294A294840F2333303F09FFB40F274
:104D90003331F1E7D0F89C0010F0010009D025492B
:104DA000214A22484FF44D7303F090FB4FF44D71AC
:104DB000E2E7C4E9210004F18C00C4E9230004F116
:104DC0009400C4E9250055B32879002840F2011069
:104DD00008BF0120C4F89C0000204FF0FF364FF0C0
:104DE000FF37CDE90330CDE90100CDE90667124B6D
:104DF0000094204600F07CFB55B1296811B1204693
:104E000009F01BFB6B791BB1237B43F00103237378
:104E1000204601F099FAC4F8804009B0F0BD0120A5
:104E2000D8E700BF76470300A646030041150300FC
:104E30007C470300424703007946020038B50D461F
:104E4000044658B90F49104A104840F2DB3303F0CA
:104E50003DFB40F2DB310C4803F02FFB49B90C4914
:104E6000094A0A484FF4777303F030FB4FF4777127
:104E7000F1E73022002109F026FC4FF480736560D1
:104E8000E36038BD82470300A646030041150300D6
:104E9000E8460300F7B50C46019016461D4658B982
:104EA0003349344A344840F2564303F00FFB40F292
:104EB0005641304803F001FB49B930492D4A2E488C
:104EC00040F2574303F002FB40F25741F1E7EFF3A2
:104ED0001187202383F31288BFF36F8F284801F0D6
:104EE000FDFC60B9274A28492348882303F0EEFADD
:104EF0002349264803F0EAFA88212248DAE72048C5
:104F000001F010FDE36813F01E0F27D155EA0602E9
:104F100016D1204601A9FFF7D1FC0446184801F03C
:104F2000EBFCE8B9174A1A49134840F2311303F071
:104F3000CDFA1349174803F0C9FA40F23111DCE702
:104F400043F00803E360019BA36204F110001249DF
:104F500032462B4601F038FD0124DFE70024DDE76F
:104F600087F31188BFF36F8F204603B0F0BD00BFF9
:104F7000CD460300A6460300411503008247030007
:104F8000D457002056170300831703009817030017
:104F9000AE170300C51703009949020001460148F6
:104FA000FFF778BF28300020F7B50C460190164671
:104FB0001D4658B93249334A334840F2794303F029
:104FC00085FA40F279412F4803F077FA49B92F4921
:104FD0002C4A2D4840F27A4303F078FA40F27A41A5
:104FE000F1E7EFF31187202383F31288BFF36F8F6C
:104FF000274801F073FC60B9264A274922488823D4
:1050000003F064FA2249254803F060FA8821214818
:10501000DAE71F4801F086FC204609F0AFF955EAAF
:10502000060316D1204601A9FFF748FC044618489C
:1050300001F062FCE0B9174A1949134840F23113F4
:1050400003F044FA1249174803F040FA40F23111D4
:10505000DDE7E368144943F00803E360019BA362C2
:1050600004F1100032462B4601F0AEFC0124DEE7CD
:1050700087F31188BFF36F8F204603B0F0BD00BFE8
:10508000CD460300A64603004115030082470300F6
:10509000D457002056170300831703009817030006
:1050A000AE170300C51703009949020001460148E5
:1050B000FFF77ABF2830002038B5044658B9234995
:1050C0002348244A40F29B4303F000FA214840F26F
:1050D0009B4103F0F2F9EFF31185202383F312884B
:1050E000BFF36F8F1C4801F0F9FB60B91B4A1C49E4
:1050F0001748882303F0EAF917491A4803F0E6F93C
:1051000088211648E5E7144801F00CFC204609F018
:1051100035F9204609F048F904460F4801F0ECFB48
:1051200068B90E4A10490A4840F2311303F0CEF92B
:1051300009490E4803F0CAF940F23111E1E785F35D
:105140001188BFF36F8F204638BD00BF8247030030
:1051500041150300A6460300D4570020561703004C
:105160008317030098170300AE170300C517030049
:10517000F8B50D46044658B93E493F4A3F4840F20B
:10518000AC4303F0A3F940F2AC413B4803F095F97E
:1051900049B93B49384A394840F2AD4303F096F9E2
:1051A00040F2AD41F1E709F042F948B13549324AE0
:1051B000324840F2AE4303F089F940F2AE41E4E7F1
:1051C000EFF31186202383F31288BFF36F8F2E48ED
:1051D00001F084FB60B92D4A2D492848882303F04B
:1051E00075F929492B4803F071F988212748CDE743
:1051F000254801F097FBE36803F01F03002B14BF61
:105200000127002717D1204801F076FB68B91F4A13
:1052100021491A4840F2311303F058F91A491F483E
:1052200003F054F940F23111E0E786F31188BFF33F
:105230006F8F3846F8BD204609F0A0F8204609F0E7
:10524000B3F820462946FFF71BFB04460E4801F041
:1052500053FB0028DBD086F31188BFF36F8F002C3F
:10526000E7D04FF0FF324FF0FF3305F10800FFF7B2
:10527000E9F8DEE782470300A64603004115030074
:105280002E470300A6280300D4570020561703001A
:105290008317030098170300AE170300C517030018
:1052A00008B583684BB90B490B480C4A8F2303F0B0
:1052B0000DF90A488F2103F000F9D0E9003213609C
:1052C0005A60427B0023C0E9003322F0020242739D
:1052D000836008BDF244030041150300AF4403009E
:1052E0002DE9F8430546EFF31188202787F312884C
:1052F000BFF36F8F3B4801F0F1FA60B93A4A3B497E
:105300003B48882303F0E2F836493A4803F0DEF8D8
:105310008821354818E0334801F004FBEFF311838E
:1053200087F31288BFF36F8F83F31188BFF36F8FFA
:1053300063B93149314A2E48A62303F0C7F83048F3
:1053400003F0C4F82D48A62103F0B7F82C68A54255
:1053500034D09CB32046FFF7A3FF04F1180001F0FE
:105360000FFC0026B146C4F87C90204600F080FA7D
:105370000136EFF3118387F31288BFF36F8F83F346
:105380001188BFF36F8F002BD3D02C68A54210D0AB
:105390007CB12046FFF784FF04F1180001F0F0FB18
:1053A000E1E788F31188BFF36F8F00263046BDE830
:1053B000F8830C48414600F0E7FCF7E7094801F0A4
:1053C0009BFA0028EDD1084A0E49094840F23113F2
:1053D00003F07CF803490C4803F078F840F23111EF
:1053E00097E700BFD8570020561703008317030024
:1053F0004115030098170300DA440300AF4403008B
:10540000F91F0300AE170300C51703002DE9F04391
:1054100085B005460F9C0F2C0E461F4645D12E4BDE
:105420009F4246D1073222F007027F32109929733A
:1054300005F1580322F03F02C5E916330421002389
:105440003F2AC5E90633AB606973AC73EB7306F1B1
:105450004009A2F1400805D883F31188BFF36F8F8C
:10546000084602DFB41821462846DFF775FD0730ED
:105470000E9B20F00700E866C5E9199802930D9B82
:105480000193241A0C9B009322463B463146284642
:10549000E0F740F800236B65104B9B6803B11B6F6E
:1054A0002B67204605B0BDE8F08304F110031E2BE6
:1054B000B8D90B4A0B490C4840F2052303F006F813
:1054C0000A4821466FF00F030E2202F0FFFF044846
:1054D00040F2052102F0F1FF0D380200A457002030
:1054E00097470300BA470300411503003A480300F9
:1054F000F0B587B0DDE912760446EFF3058575B1A6
:1055000019491A4A1A4840F2922302F0DFFF19485B
:1055100002F0DCFF154840F2922102F0CEFF059523
:10552000109D04950F9D03950E9D02950D9D01956F
:105530000C9D0095FFF76AFFB6F1FF3F08BFB7F17A
:10554000FF3F05D056EA070305D1204600F0FCFED8
:10555000204607B0F0BD3A46334604F1180006492C
:1055600001F032FAF4E700BFE24503009747030079
:10557000411503006B480300A1E4020040F201134F
:1055800010B583810023C0E91933044601F0DCFE25
:10559000014B9C6010BD00BFA4570020094A9368CE
:1055A0006FF00A01D967084998674B6843F0805348
:1055B0004B60002383F31188BFF36F8F9368D86F1C
:1055C000704700BFA457002000ED00E038B590F907
:1055D0000D20437B002A014611DA03F07F03437359
:1055E0001B4B984209D11B491B481C4A562302F009
:1055F0006DFF1A48562102F060FF08F021FF184D98
:105600002A46AB6852F8184F944200D004B9EC68AF
:105610008B4214D05BB91349134A0F48D52302F0CB
:1056200055FF124802F052FF0F48D521E3E75A7B9D
:10563000D20604D1DA897F2A01D9A2692AB1A3420C
:1056400002D0204601F0BEF823466B6138BD00BF92
:10565000282F0020B24803004115030090480300A2
:10566000A4570020FF480300D3480300F91F03009C
:1056700008B583684BB9094909480A4A8F2302F0E3
:1056800025FF08488F2102F018FF08F0D9FE437B60
:1056900023F0020343730023836008BDF244030038
:1056A00041150300AF44030070B590F90D20437B12
:1056B000002A50DBD9064ED163F07F034373274B9A
:1056C000984209D126492748274A4F2302F0FEFE77
:1056D00025484F2102F0F1FE244C2246E16952F8A0
:1056E000183F934207D1C0E900210860E06111E052
:1056F0009942F8D01B68002BF5D090F90E5093F921
:105700000E60B542F4D0AE42F2DD5968C0E9003116
:1057100008605860A569954200D005B9E568A3689E
:105720005BB91349134A0F48D52302F0CFFE124844
:1057300002F0CCFE0F48D521CCE75A7BD20604D12B
:10574000DA897F2A01D9AA6932B1AB4202D0284650
:1057500001F038F8656170BD6361FCE7282F002017
:10576000B24803004115030090480300A4570020ED
:10577000FF480300D3480300F91F030070B590F9F8
:105780000D20437B324C002A014610DA03F07F03E0
:10579000A042437309D12F492F4A3048562302F0C3
:1057A00095FE56212C4802F088FE08F049FE4B7BFE
:1057B000A14263F07F034B7307D12649264A27484D
:1057C0004F2302F083FE4F21ECE7254C2246E0698F
:1057D00052F8183F934207D1C1E900200160E1610E
:1057E00011E09842F8D01B68002BF5D091F90E50CB
:1057F00093F90E60B542F4D0AE42F2DD5868C1E9CB
:10580000003001605960A569A368954200D005B9D0
:10581000E5688B4214D05BB91249134A0F48D5236F
:1058200002F054FE114802F051FE0F48D521BAE7AC
:105830005A7BD20604D1DA897F2A01D9AA692AB112
:10584000AB4202D0284600F0BDFF2B46636170BD1D
:10585000282F0020B24803009048030041150300A0
:10586000A4570020FF480300D3480300F91F03009A
:1058700038B50446EFF31185202383F31288BFF374
:105880006F8F174801F02AF868B9164A1649174869
:10589000882302F01BFE1249154802F017FE8821EA
:1058A000104802F00AFE0E4801F03CF82046FFF7CF
:1058B000FBFE0B4801F020F868B90A4A0D490B4875
:1058C00040F2311302F002FE05490B4802F0FEFDE2
:1058D00040F23111E4E785F31188BFF36F8F38BDD3
:1058E000DC570020561703008317030041150300FF
:1058F00098170300AE170300C517030038B5044618
:10590000EFF31185202383F31288BFF36F8F1848BC
:1059100000F0E4FF68B9174A17491848882302F0D5
:10592000D5FD1349164802F0D1FD8821114802F037
:10593000C4FD0F4800F0F6FFA36813B12046FFF73F
:1059400097FE0B4800F0D8FF68B90A4A0D490B488A
:1059500040F2311302F0BAFD05490B4802F0B6FDE2
:1059600040F23111E2E785F31188BFF36F8F38BD44
:10597000DC5700205617030083170300411503006E
:1059800098170300AE170300C517030038B5044687
:10599000EFF31185202383F31288BFF36F8F1E4826
:1059A00000F09CFF68B91D4A1D491E48882302F07B
:1059B0008DFD19491C4802F089FD8821174802F025
:1059C0007CFD154800F0AEFF637B13F0280F0BD170
:1059D000A36813B12046FFF74BFE637B23F004035B
:1059E00063732046FFF760FE0B4800F085FF68B93F
:1059F0000A4A0E490B4840F2311302F067FD06498E
:105A00000B4802F063FD40F23111D7E785F31188AE
:105A1000BFF36F8F38BD00BFDC570020561703005F
:105A2000831703004115030098170300AE17030006
:105A3000C51703002DE9F047DFF8D4A0354D364BEC
:105A40001746A842DAF808201A60DDE908980446EB
:105A50000E460BD131493248324A40F2722302F0ED
:105A600035FD304840F2722102F027FDEFF311833B
:105A7000202383F31288BFF36F8F284600F02EFF98
:105A800060B9294A29492648882302F01FFD294682
:105A9000274802F01BFD88212348E5E7284600F04F
:105AA00041FFDAF808503946284608F0D1FCB8F131
:105AB000FF3F08BFB9F1FF3F06D01E494A464346A3
:105AC00005F1180000F080FF204600F015FF68B9CE
:105AD0001949154A124840F26B1302F0F7FC2146AF
:105AE000164802F0F3FC40F26B11D5E7094800F0CC
:105AF00003FF40B910490C4A094840F26B1302F009
:105B0000E5FC0449ECE73046BDE8F047FFF746BD49
:105B1000A4570020DC570020E0570020264903004E
:105B20004115030090480300561703008317030034
:105B300098170300A1E40200AE170300C517030085
:105B400070B50546EFF31186202383F31288BFF367
:105B50006F8F1B4800F0C2FE68B91A4A1A491B48E9
:105B6000882302F0B3FC1649194802F0AFFC8821E3
:105B7000144802F0A2FC124800F0D4FE2C68A542A2
:105B800015D014B12046FFF773FD0D4800F0B4FEA8
:105B900078B90C4A0F490D4840F2311302F096FCD7
:105BA00007490D4802F092FC40F23111E0E7002471
:105BB000EBE786F31188BFF36F8F204670BD00BFFF
:105BC000DC5700205617030083170300411503001C
:105BD00098170300AE170300C51703002DE9F04125
:105BE00004460D46EFF31187202383F31288BFF399
:105BF0006F8F584800F072FE60B9574A57495848AD
:105C0000882302F063FC5349564802F05FFC882168
:105C1000514818E04F4800F085FE637B03F01F02F7
:105C2000002A0CBF012600265DD103F07F036373B9
:105C30004D4B9C4209D14D4949484D4A562302F0EB
:105C400045FC4B48562102F038FC204608F0F8FB92
:105C5000DFF82081637B424663F07F036DB2A5735A
:105C6000637352F8183F93423AD1D8F81C10C4E934
:105C700000210C60C8F81C400FE09942F7D01B6867
:105C8000002BF4D093F90E008542F6D0A842F4DD43
:105C90005968C4E900310C605C60D8F8184094423F
:105CA00000D00CB9D8F80C40D8F808309C4202D08B
:105CB000204600F087FDC8F81440264800F01CFE7E
:105CC00000283FD1244A2C49254840F2311302F0E4
:105CD000FDFB2049294802F0F9FB40F2311197E71A
:105CE000D8F81C10CCE79B072AD5A16841B92449F4
:105CF0001B48244A8F2302F0E9FB22488F21A2E7A8
:105D000020466DB208F09CFBA5730B68994209D13F
:105D10004B68C4E900131C604C60CEE74A689342AC
:105D2000F6D01B68002BF3D093F90E209542F5D0E6
:105D3000AA42F3DD5A68C4E9003214605C60BCE733
:105D4000A573BAE787F31188BFF36F8F3046BDE8BC
:105D5000F08100BFDC5700205617030083170300B3
:105D60004115030098170300282F0020B2480300B4
:105D700090480300A4570020AE170300C517030086
:105D8000F2440300AF44030070B504460D46F9B970
:105D9000EFF30586E6B91A4B5A699B689A4217D009
:105DA00000F0AAFD78B9174A1749184840F26B135A
:105DB00002F08CFB2146164802F088FB40F26B1182
:105DC000104802F07AFB3046BDE87040FFF7E6BBB2
:105DD000204600F091FD68B90A4A0B490B4840F291
:105DE000311302F073FB2146094802F06FFB40F2C9
:105DF0003111E5E785F31188BFF36F8F70BD00BFE8
:105E0000A457002056170300AE17030041150300E6
:105E1000C5170300034648B9EFF3058232B9064AB5
:105E200051699268914201D0FFF7B8BB83F31188A2
:105E3000BFF36F8F704700BFA457002010B5EFF37A
:105E40001184202383F31288BFF36F8F284800F05A
:105E500045FD60B9274A28492848882302F036FBC7
:105E60002349274802F032FB8821224812E02048CB
:105E700000F058FDEFF3058373B12249224A1F4811
:105E800040F2063302F022FB204802F01FFB40F2F2
:105E900006311D4802F011FB1D4B9A68D37B012B84
:105EA0000CD11C49184A154840F2073302F00EFB8A
:105EB000164802F00BFB40F20731EAE7013BD373CF
:105EC0000B4800F019FD68B90A4A13490B4840F223
:105ED000311302F0FBFA0649104802F0F7FA40F2DB
:105EE0003111C2E784F31188BFF36F8F10BD00BF7B
:105EF000DC570020561703008317030041150300E9
:105F000098170300E245030090480300F91F0300BF
:105F1000A45700205F490300AE170300C517030014
:105F200070B5EFF31186202383F31288BFF36F8FD0
:105F3000374800F0D3FC60B9364A374937488823E0
:105F400002F0C4FA3249364802F0C0FA88213148DA
:105F500013E0344D2E4800F0E5FCAB68DA7B72B9F3
:105F60003149324A2D4840F2123302F0AFFA30483C
:105F700002F0ACFA40F212312C4802F09EFAEFF334
:105F8000058161B12B49294A244840F2133302F0BC
:105F90009DFA274802F09AFA40F21331ECE70132F9
:105FA000DA732A4652F8184F944200D004B9EC68CC
:105FB0005A7BD20604D1DA897F2A01D9A2692AB193
:105FC000A34202D0204600F0FDFB234610486B613F
:105FD00000F092FC68B90F4A1749104840F231139B
:105FE00002F074FA0A49154802F070FA40F23111D1
:105FF000ADE786F31188BFF36F8FEFF31180202395
:1060000083F31288BFF36F8FBDE87040FFF702BFC4
:10601000DC570020561703008317030041150300C7
:1060200098170300A45700209049030090480300EC
:10603000F91F0300E2450300AE170300C517030074
:10604000024B03F11802C3E906227047A45700204F
:1060500070B5EFF3058373B139493A4A3A4840F2D3
:106060002E4302F033FA394802F030FA354840F254
:106070002E4102F022FAEFF31186202383F31288D7
:10608000BFF36F8F324800F029FC60B9314A3249C2
:106090002D48882302F01AFA2D49304802F016FAEA
:1060A00088212C48E5E72E4C294800F03BFCA168EC
:1060B000E0690B68814214BF1A46002249680B60F0
:1060C0005960A368E1692AB9264AC3E900210B6037
:1060D000E3610CE093F90E0092F90E50A84225D02E
:1060E000854223DD5168C3E900210B605360A56937
:1060F0001C4B9D4200D005B9E568A3689D4202D0C3
:10610000284600F05FFB1248656100F0F5FB88B996
:10611000104A15490C4840F26B1302F0D7F90C49AC
:10612000124802F0D3F940F26B11BAE78A42CBD0A1
:106130001268C8E73046BDE87040FFF72FBA00BFCD
:10614000E24503009048030041150300F91F0300D6
:10615000DC5700205617030083170300981703002D
:10616000A4570020BC570020AE170300C51703003A
:106170002DE9F04106460C46EFF3058777B1344927
:10618000344A354840F2464302F0A0F9334802F061
:106190009DF9304840F2464102F08FF950EA010380
:1061A00004D1FFF755FF0020BDE8F081EFF311881F
:1061B000202383F31288BFF36F8F294800F08EFBF2
:1061C00060B9284A28492448882302F07FF92449E5
:1061D000264802F07BF988212248DDE7244D20483B
:1061E00000F0A0FB234BA8681860FFF7EFF9A86840
:1061F000214923463246183000F0E6FBAA68537B5B
:1062000043F0040304465373154800F075FB68B966
:10621000144A1A49104840F26B1302F057F910491A
:10622000174802F053F940F26B11D5E74046FFF7EB
:10623000B5F9AB68D3E90A23B3F1004F08BFBA42FE
:10624000B1D108F066F9201A20EAE070ACE700BF8F
:10625000E24503009048030041150300F91F0300C5
:10626000DC5700205617030083170300981703001C
:10627000A4570020E0570020A1E40200AE1703005D
:10628000C517030070B504460E46EFF3058575B1DA
:106290001A491B4A1B484FF48E6302F017F91A483B
:1062A00002F014F916484FF48E6102F006F9FFF778
:1062B0005FFFB6F1FF3F08BFB4F1FF3F0246204643
:1062C00016D047F6FF704FF47A7403462946C2FB96
:1062D0000431B3F5004F71F100020AD36FF40042AC
:1062E0009A4243F6FF728A4105D3D80B40EA4140F7
:1062F00070BD2846FCE76FF00040F9E7E245030077
:106300009048030041150300F91F03000C490D4A92
:1063100038B500244FF400458C462146C0FB05C12A
:1063200000236046D9F73CFFC117FFF721FF054A5C
:1063300047F6FF73C0FB0234DB0B43EA444038BD31
:106340003F420F0040420F0038B50446EFF311857D
:10635000202383F31288BFF36F8F204800F0BEFA2A
:1063600068B91F4A1F492048882302F0AFF81B492B
:106370001E4802F0ABF88821194802F09EF8174831
:1063800000F0D0FA637B5B0710D504F1180000F031
:10639000F7FB637B23F0040320466373FFF784F964
:1063A00029460E48BDE83840FFF7EEBC0B4800F028
:1063B000A3FA68B90A4A0E490B4840F2311302F0B9
:1063C00085F806490B4802F081F840F23111D3E715
:1063D00085F31188BFF36F8F38BD00BFDC570020F5
:1063E0005617030083170300411503009817030095
:1063F000AE170300C5170300014B9868704700BF34
:10640000A45700202DE9F8430446077BEFF31185DC
:10641000202383F31288BFF36F8F7B4800F05EFA6E
:1064200068B97A4A7A497B48882302F04FF876495E
:10643000794802F04BF88821744802F03EF872481F
:1064400000F070FA637B190717D56F4800F054FA13
:1064500068B96E4A71496F4840F2311302F036F85C
:1064600069496F4802F032F840F23111E4E785F3F0
:106470001188BFF36F8FBDE8F883D90943F0080294
:106480007FD16273A36813B12046FFF7F1F804F1DE
:10649000180000F075FBA66D04F15808B04511D046
:1064A0004FF0000976B13046FFF7E2F806F1180028
:1064B00000F066FBC6F87C903046FFF7F5F8A66D55
:1064C000B045EFD1DFF85C81D8F808309C426DD13F
:1064D000EFF30589B9F1000918BF4FF00109D8F8A9
:1064E0001860514A964200D00EB9D8F80C60B342F9
:1064F00002D0304600F066F9C8F81460B9F1000F18
:1065000002D04A48FFF73AF8D8F808309C4260D1E8
:10651000EFF30586002E5CD1237BDA071FD53A48BE
:1065200000F0EAF9002894D085F31188BFF36F8F4B
:1065300086F31188BFF36F8F0423184602DFEFF351
:106540001185202383F31288BFF36F8F2E4800F04C
:10655000C5F900283FF465AF2B4800F0E3F92A485D
:1065600000F0CAF928BB294A2C492A4840F26B138B
:1065700001F0ACFF24492A4801F0A8FF40F26B115A
:106580005AE703F07F0343F008036373284B9C42F0
:1065900008D12849284A1F48562301F097FF562161
:1065A00025484AE7204607F04BFF6BE74FF000090C
:1065B00095E72846FEF7F2FF20491F4A15484FF499
:1065C000DD7301F083FF1E4801F080FF4FF4DD71A1
:1065D000E6E70D4800F090F900283FF43AAF85F364
:1065E0001188BFF36F8FFB077FF545AF124A15493E
:1065F000084840F2475301F069FF2146124801F074
:1066000065FF40F24751CBE7DC57002056170300E7
:10661000831703004115030098170300AE1703000A
:10662000C5170300A4570020BC570020C830002025
:10663000282F0020B248030090480300C1490300FE
:10664000CC490300EE490300F94903002DE9F84362
:10665000064688461746EFF31189202383F31288F4
:10666000BFF36F8F214800F039F9054668B9204A19
:1066700020492148882301F029FF1C491F4801F0C7
:1066800025FF88211A4801F018FF184800F04AF940
:106690003468A6421FD004B32046C4F87C8027612A
:1066A000FEF7E6FF04F1180000F06AFA2046FEF754
:1066B000FBFF0E4800F020F988B90D4A10490E483A
:1066C00040F2311301F002FF08490E4801F0FEFECE
:1066D00040F23111D6E70025EBE72546E9E789F3DB
:1066E0001188BFF36F8F2846BDE8F883DC57002080
:1066F0005617030083170300411503009817030082
:10670000AE170300C5170300D3B5DDE90667089C83
:10671000CDE90067FFF78EF91CB1034B9B681B693D
:10672000236002B0D0BD00BFA457002008B568B1F7
:106730000F4B98420AD303F11802904206D2C01AB6
:106740001822B0FBF2F302FB13034BB109490A48CC
:106750000A4A382301F0BAFE0848382101F0ADFE9C
:10676000074BC0105843074B01221A5408BD00BF05
:10677000483100203F4A030041150300174A030037
:10678000ABAAAAAAC4610020C3897F2B12D80A4BE6
:106790001B6863B1094B90F90E201B689A4209DB14
:1067A000437BDB0606D1064BC31A18BF012303F057
:1067B000010070470023FAE7CC050020E4570020D1
:1067C000282F002070B50E4B0E4C1E7C06EB4603A6
:1067D00004EBC3040546204600F0D2F90A4B002220
:1067E00028469A55FFF7D0FF48B1084B08491A6868
:1067F000013A2046D317BDE8704000F0E5B870BDFF
:10680000A457002048310020C4610020CC0500209E
:106810002D67020038B5EFF31185202383F312882A
:10682000BFF36F8F234800F059F868B9224A234913
:106830002348882301F04AFE1E49224801F046FE03
:1068400088211D4801F039FE1A4800F06BF81E4BF4
:106850001E4A9C681068A04213D1FFF7B3FF154889
:1068600000F04AF808BB144A1949154840F23113A0
:1068700001F02CFE0F49174801F028FE40F23111BB
:10688000DFE700211B7C1160134AD35C002BE6D0AC
:106890002046FFF779FF0028E1D0637BDB0602D1B9
:1068A0002046FEF76BFF2046D7E785F31188BFF33C
:1068B0006F8F38BDDC570020561703008317030085
:1068C0004115030098170300A4570020E05700204B
:1068D000AE170300C5170300C4610020006838B17B
:1068E000044B1B7C00F00300C01A18BF0120704746
:1068F00001207047A4570020002302680360EFF3D3
:106900000581074B19B19968497BC90706D4197CE1
:1069100098680843831A58425841704701207047CD
:10692000A4570020024B1A7C9B68134303607047F6
:10693000A45700200748084A084908B5121A07F06A
:1069400086FC0748074A0849BDE80840121A07F0C4
:106950007EBC00BF00000020B40900202C4E0300C4
:1069600000000020000000202C4E0300024B18689D
:10697000984208BF00207047D0050020034B1B68D9
:106980000BB9F7F7CFBF0020704700BFE8570020D2
:1069900030B570B10B4B5B6898420AD0036843B1C5
:1069A000D3E90421D0E90445121941EB0501C3E9FB
:1069B0000421D0E9003213605A600023C0E900339B
:1069C00030BD00BFD0050020B3F1FF3F08BFB2F1DA
:1069D000FF3F2DE9F84F04469B4615461F4600F041
:1069E000B280D0F80090B9F1000F0CD05749584A46
:1069F0005848722301F06AFD574801F067FD54487A
:106A0000722101F05AFD8160EFF31188202383F396
:106A10001288BFF36F8F5148FFF760FF824660B95D
:106A20004F4A50494B48882301F050FD4B494E488E
:106A300001F04CFD88214A48E3E74848FFF772FF20
:106A4000BBF1000F494A1FDBFFF798FF474A0135AA
:106A5000D2E900174BF1000B2D184BEBE073C4E9A2
:106A600004536D18064643EB0707FFF77FFFDFF877
:106A700000E1DEF804900346EBB9C4E900E9C9F887
:106A80000040CEF8044028E0D2E900126FF0010384
:106A90005B1A4FF0FF3161EB02025B1B62EB0B02F2
:106AA000012B72F10001BCBF01234A46C4E9043244
:106AB0004FF0000AD9E7D3E9041CD4E904208A4244
:106AC00070EB0C0B2EDA891A5A686CEB0000C3E9E4
:106AD0000410C4E9003214605C60FFF747FF844291
:106AE0000ED1244B1B685BB9BAF1000F02D1FFF73E
:106AF00045FF0646304607F0F5FC0021F7F7ECFEAF
:106B00001648FFF7F9FEB0B9154A1B49114840F283
:106B1000311301F0DBFC1149184801F0D7FC40F2B9
:106B2000311188E7521A60EB0C009945C4E9042042
:106B3000A3D01B68A0E788F31188BFF36F8F2846A6
:106B40003946BDE8F88F00252F46F8E7144C0300BE
:106B5000F04B030041150300F91F0300EC57002020
:106B600056170300831703009817030060310020B5
:106B7000D0050020E8570020AE170300C51703001A
:106B800070B50446EFF31186202383F31288BFF318
:106B90006F8F2348FFF7A2FE68B9224A2249234893
:106BA000882301F093FC1E49214801F08FFC8821C5
:106BB0001C4801F082FC1A48FFF7B4FE236833B387
:106BC000FFF7D4FE05462046FFF7E2FE00224FF015
:106BD0000043A542C4E9042306D1FFF7CFFE07F026
:106BE00081FC0021F7F778FE00240D48FFF784FEB2
:106BF00080B90C4A0F490D4840F2311301F066FC90
:106C000007490D4801F062FC40F23111D0E76FF006
:106C10001504EAE786F31188BFF36F8F204670BD35
:106C2000EC5700205617030083170300411503009B
:106C300098170300AE170300C51703002DE9F047AE
:106C40000446EFF31188202383F31288BFF36F8F7C
:106C50004448FFF743FE68B9434A444944488823FF
:106C600001F034FC3F49434801F030FC88213E48A4
:106C700001F023FCDFF800913A48DFF800A1FFF7AC
:106C800051FEC9F80040FFF771FE002604460027B8
:106C9000D9F80030DAE900C0D91754B1D4E9045268
:106CA000AB4271EB020E20DAED1A62EB0102C4E98D
:106CB000045213EB0C034FF0000440EB010120469B
:106CC000CAE90031C9F8004007F00CFC2146F7F78B
:106CD00003FE2448FFF710FEB0B188F31188BFF31C
:106CE0006F8FBDE8F047FFF795BD15EB0C0340EB48
:106CF000E570CAE90030C4E904672046FFF748FEA2
:106D00001848FFF7F9FD68B9174A1D49184840F2BD
:106D1000311301F0DBFB13491A4801F0D7FB40F2B5
:106D20003111A4E788F31188BFF36F8FA368204661
:106D30009847EFF31188202383F31288BFF36F8FF6
:106D40000848FFF7CBFD002886D00648FFF7EAFD8C
:106D5000D9F800305B1BC9F80030FFF707FE044686
:106D600096E700BFEC570020561703008317030077
:106D70004115030098170300E857002060310020F8
:106D8000AE170300C517030070B5EFF3118620237B
:106D900083F31288BFF36F8F1A48FFF79FFD68B91E
:106DA000194A1A491A48882301F090FB15491948D5
:106DB00001F08CFB8821144801F07FFB1148FFF79C
:106DC000B1FDFFF7DBFD144AD2E90045041945EB9C
:106DD000E0750C48FFF790FD68B90B4A0F490C4865
:106DE00040F2311301F072FB06490D4801F06EFBD1
:106DF00040F23111DFE786F31188BFF36F8F204631
:106E0000294670BDEC570020561703008317030076
:106E1000411503009817030060310020AE170300EE
:106E2000C5170300F8B50546EFF31187202383F358
:106E30001288BFF36F8F5E48FFF750FD68B95D4A57
:106E40005D495E48882301F041FB59495C4801F0E7
:106E50003DFB8821574801F030FB5548FFF762FDA4
:106E60002B68B3B15248FFF747FD68B9514A5549FD
:106E7000524840F2311301F029FB4D49524801F0CC
:106E800025FB40F23111E5E787F31188BFF36F8FDF
:106E9000F8BDD5E90A46611C46F10002022972F1EB
:106EA000000236D3012C76F10002BCBF01241E463D
:106EB000013C46F1FF3607F030FB013041F10001A3
:106EC000001946EB0101012871F1000135DB07F0E3
:106ED00024FB013041F100016FF00203001946EB81
:106EE000010183426FF000438B412BDB07F015FB60
:106EF000013041F100016FF00102001946EB01037E
:106F0000121A4FF0FF3161EB030330492846FFF7B7
:106F10005BFD2B6B01332B632B6ABBB93C462846C8
:106F200050F8185F854200D06DBB2148FFF7E4FCA4
:106F300000289BD084F31188A8E76FF001024FF07E
:106F4000FF33E2E700224FF00043DEE71848FFF787
:106F5000D3FC00288AD087F31188BFF36F8F2B6A88
:106F600028469847EFF31184202383F31288BFF358
:106F70006F8F0F48FFF7B2FC00283FF460AF0C485A
:106F8000FFF7D0FCCBE72846FEF7B8FC0023084803
:106F9000EB67FFF7B1FC00283FF468AF84F311887A
:106FA000BFF36F8F2846BDE8F840FEF761BC00BF15
:106FB000F057002056170300831703004115030004
:106FC00098170300AE170300C5170300256E0200D3
:106FD0002DE9F843064614461D4691469846EFF3C0
:106FE0001187202383F31288BFF36F8F2748FFF7A1
:106FF00075FC68B9264A27492748882301F066FAB4
:107000002249264801F062FA8821214801F055FA08
:107010001E48FFF787FCB5F1FF3F08BFB4F1FF3F03
:1070200011D11A48FFF768FC50BB194A1C491A488D
:1070300040F2311301F04AFA14491A4801F046FAB5
:1070400040F23111E1E7002D0ADB012C75F100035C
:107050002246BCBF0122002512F1FF3945F1FF385D
:107060003046FFF78DFDDDE90823C6E90A2300233A
:1070700033634A46434630460B49FFF7A5FCD0E749
:1070800087F31188BFF36F8FBDE8F883F0570020B6
:1070900056170300831703004115030098170300D8
:1070A000AE170300C5170300256E0200F8B50546AC
:1070B0000E46EFF31187202383F31288BFF36F8FFF
:1070C0001F48FFF70BFC68B91E4A1F491F48882359
:1070D00001F0FCF91A491E4801F0F8F98821194815
:1070E00001F0EBF91648FFF71DFC2C68A5421CD0F7
:1070F000D4E9003213605A600023C4E900333146FA
:10710000204607F06EFA0E48FFF7F6FB78B90D4AF5
:1071100010490E4840F2311301F0D8F908490E48E1
:1071200001F0D4F940F23111D9E70024EBE787F3FD
:107130001188BFF36F8F201E18BF0120F8BD00BF5C
:10714000F45700205617030083170300411503006E
:1071500098170300AE170300C517030070B5044667
:107160000D46EFF31186202383F31288BFF36F8F50
:107170002148FFF7B3FB68B9204A214921488823F9
:1071800001F0A4F91C49204801F0A0F988211B480E
:1071900001F093F91848FFF7C5FB2068E56001216D
:1071A0008442A16011D11448FFF7A6FBE8B9134A45
:1071B0001649144840F2311301F088F90E49144879
:1071C00001F084F940F23111E1E7D0E900321360B7
:1071D0005A600023C0E9003307F003FA3146044641
:1071E0000548FEF7D1FD204670BD86F31188BFF338
:1071F0006F8F0024F7E700BFF457002056170300F5
:10720000831703004115030098170300AE1703000E
:10721000C51703002DE9F84F4F1E0F4206460D46D5
:107220009A460BD02F49304A3048172301F04EF9C7
:107230002F4801F04BF917212B481CE0141D4DD2AB
:1072400041F0040B00F11408EFF31189202383F3BC
:107250001288BFF36F8F4046FFF740FB68B9254A9D
:1072600025492248882301F031F94146234801F09D
:107270002DF988211F4801F020F94046FFF752FB05
:10728000224659463046D04704464046FFF734FB75
:1072900068B9184A1A49154840F2311301F016F935
:1072A0004146184801F012F940F23111E2E789F342
:1072B0001188BFF36F8F8CB144F8046B7DB13C42F1
:1072C0000DD0094A10490948342301F0FFF821463E
:1072D0000E482A4601F0FAF83421ADE70024204692
:1072E000BDE8F88FD9180300774D0300411503005E
:1072F000F4180300561703008317030098170300C0
:10730000AE170300C51703009B4D0300CD4D0300CE
:107310002DE9F04105460E46174607F088F828B9D2
:10732000074B9B681C6F14B9BDE8F081054C3B46C8
:10733000324629462046BDE8F041FFF76BBF00BF4B
:10734000A4570020C0070020014B0367704700BF0F
:10735000C00700200146024A0020FFF7D9BF00BF46
:1073600097840200014801F09BB800BFF54D03006F
:107370000CB430B58BB004460D462022002102A883
:1073800007F0A1F902238DF80A30002D0C4B03936E
:10739000069412DB01D06B1E1C440FAA0E990794B1
:1073A00002A8019200F074F815B1069B00221A7031
:1073B0000BB0BDE8304002B070470024EDE700BFDD
:1073C000E1E70200242AF0B5044601D8012A40D1A1
:1073D00007F00EFA2D4B16221A5001B10C60002056
:1073E000F0BD2F463D4615F8010B2028F9D0A0F13D
:1073F0000906042E0346F4D92B282CD02D282CD195
:1074000001267B78BD1C302B2DD1287840F0200040
:10741000782824D132F0100021D16B782C4610222C
:1074200002350020392B82BF03F1FF3343F02003E4
:10743000263B303B9A421AD9A0FB02040CB9C01873
:1074400001D346F002062F462C4617F8013B3D4675
:10745000E8E70746C6E70026D3E70026D3E7002A79
:1074600008BF0822DDE7002A08BF0A22D9E701B1D8
:107470000C60F20748BF4042B307B1D507F0B8F936
:10748000024B22221A504FF0FF30A9E70C000000F7
:107490002DE9F04F8DB043680293837815469A0723
:1074A000804640F10D8100240E78002E00F00A8104
:1074B000252E0BD04B1C03930134029B41463046D2
:1074C00098470028C0F2F6800399EDE74E788B1CB0
:1074D000252E0393F0D00027B946BB46BBF11F0F02
:1074E00038D8A6F12003102B0AD8DFE803F02A09C8
:1074F00009300909092109090928092D09091F006D
:10750000A6F13003092B33D92A2E37D11BF0400FB7
:1075100055F8043B40F08280002BA7BF4BF0200BB6
:107520009946C3F100094BF0280B01E04BF0010B29
:10753000039B13F8016B0393002ECFD130E04BF087
:10754000020B4BF0040BF3E74BF0080BF0E74BF0AA
:10755000100BEDE7BBF17F0F19D8A6F13003092B13
:10756000D2D81BF0400F03D00A2101FB0737DFE719
:107570000A2101FB09394BF0200BD9E72E2E06D149
:107580001BF0400F40F09E804BF0400BD0E76C2E7C
:1075900031D02BD8682E36D06A2E3CD04C2E3AD023
:1075A000002F46F02003B8BF2BF04002A3F1650185
:1075B000BCBF1FFA82FB0027022901D9612B2FD102
:1075C000073525F00705DFF8ACA2083507271BF0C3
:1075D000080F66D00AEB070B56465E4563D1A4EB55
:1075E0000A0A06EB0A02A9EB07096FE1742E9FD085
:1075F0007A2E9DD0D4E71BF0800F18BF4BF4007B90
:107600004BF0800B94E71BF4807F18BF4BF4007B9A
:107610004BF4807B8CE74BF4207B89E71F4687E7A0
:10762000A6F16301122900F2F080DFE811F01300E7
:107630004F00EE00EE00EE00EE004F00EE00EE0018
:10764000EE00EE00EE00FE00E900EE00EE001B0092
:10765000EE00AF0055F8043B8DF8183001270DF10E
:10766000180AB4E755F804AB834BBAF1000F08BF12
:107670009A461BF0400F14BF39464FF0FF31504679
:1076800007F04BF80746A2E7029B414620209847A7
:1076900000280FDB013EB742F6D34C44A41BB14691
:1076A00098E74E46F7E716F8010B029B41469847CC
:1076B000002892DA98F8023043F0040388F8023088
:1076C0004FF0FF3420460DB0BDE8F08F1BF0800F67
:1076D00034D01BF4007F2CD0073525F00705AA46CF
:1076E00069685AF8080B2BF010050029ADB237DA9B
:1076F000404261EB410145F480650DF1180B0A230E
:107700005A4607F016F8A0EB0B0301936B0662D5FF
:10771000019B25F001019F4289B240F3A180002E18
:1077200000F0998015F0100240F09C80BB460D4699
:1077300023E0AA465AF8040BC117D4E7AA461BF463
:10774000807F5AF8041B01D10846F5E71BF4007F3F
:1077500015BF48B208B241F3C01141F3C031C2E7CE
:1077600050EA0103C9D11BF0400FC6D0002FC4D18D
:107770002BF0110295B2BB46019740F2064115EA83
:1077800001021CBF0BF1010B00222CE02BF01002B8
:107790001FFA82FB0A231BF0800C49D01BF40071F6
:1077A0001DBF073525F00705AA46AA461ABF5AF895
:1077B000080B69685AF8040B50EA010545D12BF013
:1077C00016051BF0400FADB242D0002F40D12BF078
:1077D000170295B2019715F0100248D0019B002EB8
:1077E00042D103F1010B29075AD4EB0706D5D9453D
:1077F0006FDD0199A9EB0B035F18CB465B4649E0AF
:107800004BF0100B10237826C5E7782B04D1C6F176
:10781000780343F01003BEE7029B414625209847BA
:107820000028FFF647AF023447E608230026B2E7F8
:10783000AA461BF480715AF8040BBDD01BF40071EA
:107840001ABFC0B2614680B2B6E72BF0060295B20D
:107850000DF1180B54E725F01105ADB2BB468CE7CE
:107860000D46B8E73B460D4603F1020BBBE7DDF8DA
:1078700004B082E7244E03001D4E0300CDE904321C
:107880004146029B202098470028FFF613AF049B37
:10789000059A01339945F1DCA4EB0B01CC189B460A
:1078A0000AB3029B4146302098470028FFF602AFFA
:1078B0008EB901342744019B391B994224DC1D46B3
:1078C0005DBB019AA9EB0B0922445546144691442D
:1078D00035E0019F92E7023441463046029B9847CB
:1078E0000028E7DAE6E640F206410D42E2D015F064
:1078F000020F14BF2B20202015F4806F04F1010427
:10790000414618BF2D20E9E7029B414630209847A9
:10791000002804F10104CEDACCE606AB013D414675
:10792000585D029B98470028CADAC3E6029B41468D
:1079300020209847002804F10104FFF6BBAEA9EB14
:107940000403002BF2DCBFE57047BFF35B8F0068D8
:10795000BFF35B8F704708B506F0DFFD4FF47A7216
:10796000A0FB020302FB0131C00B40EA4140C90BFE
:1079700008BD014640F2E73008B54FF47A720023A3
:1079800000EBC1304914D8F70BFCBDE80840FEF706
:1079900079BCBFF35B8F50E8003F40E80012002A3B
:1079A000F9D1BFF35B8F70470021FFF7F2BF1FB51E
:1079B0008DF8012002228DF80010CDF804D002923B
:1079C0008DF80C209DF80C30826843F002038DF88E
:1079D0000C3094685A23012201A9A04704B010BDBD
:1079E00006F011BC006870470B0A017043700B0C65
:1079F000090E8370C170704770B505460C46EB6880
:107A0000A34204D8204670BD0136B401F7E7A609A9
:107A1000AB68304698470028F6D1EB68A342F1D90D
:107A200014F03E0F04BF24F03F040234EAE710B51F
:107A30000146044624220020DBF7B0FA034604F195
:107A40001000FFF7CFFF04F128010246BDE8104007
:107A50001846DBF7A3BA30B500F580530246B3F8F9
:107A6000104400239C4201DC002009E015698D428E
:107A700007D192F8305025B9282202FB03001030BC
:107A800030BD01332832EDE784B02DE9F04F85B0E9
:107A90000FAD85E80E00129B019341F630420021A4
:107AA000044606F010FE95E80F0084E80F0004F588
:107AB00080534FF0FF350122C3F81454C3F81C243F
:107AC00004F5A15300210D330F460293019B994207
:107AD00014D304F580552046D5F81814FFF78CFF11
:107AE00095F82C34C5F81804002B0CBF00206FF05B
:107AF000040005B0BDE8F04F04B070472046FFF722
:107B00007BFF019B98428046E3D20F9B02999847E6
:107B100008F101030093A0B104F580530099C3F864
:107B2000181401226E1C83F82C2404D0282303FB94
:107B3000054383F8322000992046FFF75DFF014698
:107B4000C4E704F5A15304F5E1520C330C3213F8E9
:107B5000011FFF2940F0AF809A42F8D1EBE704F50E
:107B6000A1501530FFF73EFF814604F5A1501930B2
:107B7000FFF738FF824604F5A1501D30FFF732FFB2
:107B8000DBF81C344B459CBF09F10103CBF81C34D6
:107B90009BF83234012B02462FD1BBF810247F2AE8
:107BA00002D98BF82C34C6E7571C04F5A250ABF869
:107BB000107401300393FFF715FF824604F5A250BD
:107BC0000530FFF70FFF1546282202FB05468346C6
:107BD000002106F1100006F076FD28225743E21935
:107BE000039BC6F81880C6E9049844F807A0C2F8B9
:107BF00004B0002786F831309DE7042B15D14946A3
:107C00002046FFF728FF0346002894D0C26852455B
:107C100091D1026904F5A2500930FFF7E3FE8242D8
:107C200089D1012283F8202085E7691C02D14FF019
:107C3000FF3580E7282606FB0546306948457FF476
:107C40007AAF002F7FF477AF022B18D1F369534539
:107C500001D1D30706D5282303FB0543012783F869
:107C6000327068E704F5A251306A03921531DBF7F0
:107C700095F9039A30625244C6E906825BE7032B0A
:107C80007FF459AFF369534507D104F5A250093089
:107C9000FFF7A8FE336A984206D0282303FB05436A
:107CA000012283F832201CE09BF8333403F00103F7
:107CB00086F8313015E004F5805B009B0298CBF824
:107CC0001834DBF781F900287FF449AF681CAED087
:107CD000002F7FF430AF282303FB0543012283F8F4
:107CE0003120012727E770B500F580530646D3F809
:107CF00018540024F368AB4209D8022C83BF4FF418
:107D0000FB6303FB04F0A0F57B60002070BDB3684B
:107D1000A809984718B915F03E0F18BF013401356E
:107D2000E8E72DE9F04F00F5805789B097F82C541B
:107D3000044691469846002D4FD1D7F81434002BB5
:107D40004EDAB7F810347F2B05D96FF01B052846A3
:107D500009B0BDE8F08FFFF7C6FF41F28773984284
:107D6000F3D9D7F81CB4BBF1000F3CD00BF10103E1
:107D7000D7F81814C7F81C342046FFF73DFECDE9AC
:107D80000455CDE900552B46CDE9029882465A4666
:107D900001212046DBF73AF905460028D7D1B7F88C
:107DA0001064C7F81464731CA7F81034282707FB65
:107DB000064601463A4606F11000079306F083FC9A
:107DC000079BC6F818A007FB03440123C6E904BAC1
:107DD000C4E9009886F83130B9E76FF00405B6E7DA
:107DE0006FF00F05B3E76FF08A05B0E72DE9F043B8
:107DF00000F5805887B0D8F81434002B05460F469C
:107E0000164633DBB2F5FB6F30D812F001092DD1E5
:107E1000FFF769FFB0F5FB6F2BD3D8F81444D8F8FF
:107E200018142846FFF7E8FD282303FB045400221A
:107E30000023CDE90499CDE90223CDE900768046FF
:107E4000E369226928460221DBF7E0F8054648B9D4
:107E5000206A32463946DBF7A1F8E36920623344F1
:107E6000C4E90683284607B0BDE8F0836FF0150526
:107E7000F8E76FF01B05F5E72DE9F04D00F58057A9
:107E800086B0D7F81464002E04460D4625DB4FF06B
:107E9000280808FB06020591136A04934FF0000AB4
:107EA00000234FF0000BCDE902ABCDE900330321F5
:107EB000D3691269DBF7AAF86DB9031E18BF012355
:107EC00008FB064484F831304FF0FF33C7F8143410
:107ED00006B0BDE8F08D0123F2E76FF01500F7E77B
:107EE00030B500F5805387B0D3F81434002B12DB83
:107EF000282101FB0302002400230025CDE90433DF
:107F0000CDE90245CDE900330521D3691269DBF7DC
:107F10007DF807B030BD6FF01500FAE72DE9F043AA
:107F20001F4600F5805387B0D3F81434002B054664
:107F3000904622DAFFF78FFD044608B390F822003E
:107F400008BBE36843451ED12269BA421BD14FF0FA
:107F500000084FF00009CDE90420CDE900000A46F1
:107F6000CDE9028904212846DBF750F810B9012336
:107F700084F8203007B0BDE8F0836FF00F00F9E718
:107F80006FF00100F6E74FF0FF30F3E72DE9F04F17
:107F900085B00646019114460293FFF75CFDBDF8DB
:107FA00038A08046002800F0828090F8223023B16B
:107FB0006FF0040005B0BDE8F08F06F58059D9F8E0
:107FC0001434002B05DB282202FB03631033984294
:107FD00070D0D8F80C30A3426FD31B1B9A4588BFD2
:107FE0001FFA83FA019AD9F82034934214D1D9F8B0
:107FF0002834A34210D8D9F8245406F5A15B0027F1
:108000000BF10D0BD8F80830AB4201D3BA4507D8B5
:10801000BA45CDD15046CDE7D8F804500135ECE74C
:1080200033685946284698470028C3D15846DAF79E
:10803000CBFF002844D006F5A1501530FFF7D2FC45
:10804000019B98422DD199F83234022B29D106F5A3
:10805000A1501930FFF7C6FC034606F5A1501D30AC
:10806000FFF7C0FC1844A0421BD99C4228D3019AB8
:10807000C9F8202404F12801AAEB0702001BC9F863
:108080002834C91A029BC9F82454824228BF0246E8
:108090005944D819039206F0EEFA039A1744BFB276
:1080A0001444691C3046FFF7A7FC0546AAE76FF0A9
:1080B00001007FE76FF00F007CE76FF0150079E7B4
:1080C0006FF04C0076E71FB50F238DF80C300123BD
:1080D000CDE9001300238DF80D001A46022103A8F4
:1080E000DBF726F805B05DF804FB2DE9F041054605
:1080F00006F013FA4FF47A77A0FB073607FB016608
:10810000DB0B43EA464313F11E044FEAD63646F131
:108110000006B8462946C020FFF7D5FFA8B92B783E
:10812000DB0712D56420FEF7F1F806F0F6F9A0FBA4
:10813000080307FB0131C30B43EA4143A3424FEA63
:10814000D131B141E6DB6FF07300BDE8F08130B5AD
:1081500085B006238DF80B30002305460C46CDE98B
:1081600000331A4601210DF10B00DAF7E1FF70B977
:108170001F23CDE900008DF80C3002460346032191
:1081800003A88DF80D508DF80E40DAF7D1FF05B039
:1081900030BD1FB503238DF80C30000A0023CDE954
:1081A00000128DF80D001A46042103A8ADF80E3018
:1081B000DAF7BEFF05B05DF804FB1FB513238DF899
:1081C0000C30030C8DF80D3040BA00230C46ADF88E
:1081D0000E00CDE900331A46042103A8DAF7A8FF00
:1081E00060B90DF10B00FFF780FF38B934B19DF88D
:1081F0000B3013F0200F18BF6FF04C0004B010BD0F
:1082000010B50C460121FFF7D8FF30B921464FF4D5
:108210000062BDE81040FFF7BCBF10BDC0F30723EC
:108220000870000C8870000A4B70C87070470068B6
:1082300070477047704710B50C46DFF77FF810B9EC
:1082400023680133236010BDFBF7B0BD08B5DBF731
:108250007DF9012871F10001ACBF0020062008BDA6
:1082600000EBC100408840087047F8B50346FFF7AF
:10827000F7FFB0FA80F0C0F11F0003EB800CCA00DA
:10828000DCF81060171D0C4606328DB256B901217C
:1082900001FA00F0D9680143D960CCF81040DD53F1
:1082A0009D52F8BDF1000431585AD85303EBC00079
:1082B0009E52C5805D52F4E710B500EBC104E3881F
:1082C000994202F104010AD1012303FA02F2C368C0
:1082D00023EA0203C360002340F8213010BDA288C6
:1082E00040F8213000EBC20100EBC300CB8082805C
:1082F000F4E708B50346FFF7B3FFB0FA80F2C2F126
:108300001F021846BDE80840FFF7D6BF2DE9F84325
:10831000B1FA81F5C5F11F0900EB89080346D8F8C9
:1083200010200E46C2B10327D8F810401846214647
:10833000FFF796FFB04206D34A461846FFF7BCFF48
:108340002046BDE8F88303EBC404013FE088C8F889
:10835000100001D08242E7D1C5F120024FF0FF3476
:108360009440DA681440EBD094FAA4F2B2FA82F2A4
:10837000111D53F821402146DFE738B50346FFF7CA
:108380006FFF0D46044611461846FFF769FF03EBE1
:10839000C5050444600068801846FFF761FF01448A
:1083A00023F8314038BD38B50346FFF759FF0C4676
:1083B000A51A511A03EBC40405444800608003EB7E
:1083C000C2006C00448023F8321018461146FFF7B3
:1083D00047FF014423F8315038BD38B50546FFF753
:1083E0003FFF0C46014405EBC1035B88DA070AD462
:1083F0002846FFF77EFF21462846FFF731FF221867
:108400002846FFF7BAFF35F83410611A05EBC103AF
:108410005B88DB070CD42846FFF76BFF35F8341078
:108420002246611A2846FFF7A8FF35F83430E41ACF
:1084300021462846BDE83840FFF717BF70B50568EC
:1084400009B9002070BD01F007030B33CC0804EB21
:10845000D304AB689C4228BF1C4621462846FFF740
:1084600055FF06460028ECD001462846FFF7F8FEE7
:10847000A04207D932192846FFF795FF1146284632
:10848000FFF7F3FE05EBC6021046538843F00103E5
:1084900053800430D6E71146FFF7D0BF0020704765
:1084A0000FB407B504A951F8040B0191DBF738FDAF
:1084B00003B05DF804EB04B07047002383F3118828
:1084C000BFF36F8F0423184602DF70470FB407B560
:1084D00004A951F8040B0191DBF722FD03B05DF80C
:1084E00004EB04B07047F0B5642305460426002071
:1084F0000A2769B9F0BD9A42B2FBF3F40CD2012B02
:108500000AD048B903FB1422D2B20A24B3FBF4F315
:10851000013EF0D12E70EDE7303405F8014BB2FB8F
:10852000F3F4013903FB14220130B3FBF7F3C9B2B2
:10853000C0B2D2B2DBB2DCE7A0F13003DBB2092B70
:1085400002D80B7000207047A0F16103052B02D800
:108550005738C3B2F5E7A0F14103052B01D83738EE
:10856000F7E76FF015007047F7B5054601F0010019
:1085700000EB51069E424FEA510703D900263046D0
:1085800003B0F0BD58B128780DF10701FFF7D4FF13
:108590000028F3DB9DF8073002F8013B0135013577
:1085A0001744BA42EBD015F8010C0DF10701FFF7A3
:1085B000C3FF0028E2DB9DF807402401E4B21470F9
:1085C00015F8020BFFF7B8FF0028D7DB9DF807303E
:1085D0001C4402F8014BE4E7036800220BB918467B
:1085E00070478B4210D10B6842B9426803609142D8
:1085F00000D1436000230B60012070471360436883
:10860000994208BF4260F5E71A461B68E6E7838B8C
:1086100013F0070305D10368002B0CBF00200320D3
:108620007047022B05D1C08BB0FA80F04009800062
:108630007047012B05D10368002B0CBF00200520DB
:1086400070470020704710B50C4600B111B96FF0AB
:10865000150010BD081D00F02FF80028F9D1A368FF
:10866000032BF6D9F3E72DE9F0410D4607461946ED
:10867000281D90461E46DCF711F8044638B13346F3
:10868000424629463846A446BDE8F0416047BDE869
:10869000F08138B50C46054658B151B10B6843B16D
:1086A0004B6833B12022002106F00DF82C61002028
:1086B00038BD6FF01500FBE7034640B1426802F099
:1086C0000302022A06D0032A04D0012A05D06FF043
:1086D000150070471A68002AF9D00020986070478A
:1086E000704770B406688489806A0D0C16FA81F1AF
:1086F00005FB041184682468A44670BC60472DE91A
:10870000F0431C46C36A1D686D4289B00646884620
:10871000174605F020051CB9204609B0BDE8F083D6
:10872000AC42A14628BFA9464B466A464146304660
:10873000FFF7D7FF0028F0D16B46484502D1241A35
:108740008044E8E713F8012BBA4201D10130F4E785
:108750000120E2E70B6803F580330B60C0891A0C37
:10876000B0EB134F04BFA3EB02430B60704738B567
:10877000828903680D0C090C04462D04806A02FBF3
:10878000013100F078FC50B9E26AA3895279294698
:108790002046FFF7B4FF002818BF6FF0050038BD72
:1087A00010B5014604460722FF20DBF73FFAE071CF
:1087B00010BD0368012B81BFC91801F1FF315B4275
:1087C0001940084670472DE9F0410C46054608213E
:1087D000C06AFFF7EEFF072207462146FF206688A2
:1087E000B4F80480DBF722FAE379834208D1A88940
:1087F0004644C01BB04294BF00200120BDE8F08178
:108800000020FBE738B505460C46FFF7DCFFA0B1BA
:10881000A08898B922884FF6FF739A420DD1E86A72
:108820000821FFF7C6FF6288AB899B1AB3FBF0F201
:1088300002FB1030B0FA80F0400938BD0020FCE7A0
:10884000F7B504460D46C06A0821FFF7B2FF296854
:10885000074608232046FFF744FF0646002836D186
:108860002B683B442B60A28999B2D21B91422ED136
:108870001A0C03BFE28902F1FF3203EB0241A3F5B8
:108880008031296008236A462046FFF72AFFE8B9AD
:10889000E36A5A796B4613F8011B8A420CD1013006
:1088A0000828F8D1636805E02B68BDF802201B0C8E
:1088B0001B0413442B600AE069462046FFF7A2FF21
:1088C0000028F1D129462046DBF714FF0646304642
:1088D00003B0F0BD2DE9F043074689B090461E462F
:1088E0001BB9002009B0BDE8F0833C688389080CFF
:1088F00014FA81F100FB0314FB6A1D686D423540D8
:108900000CD0B86A83682146D3F804902B46C84738
:108910000028E7D1761BE4D02C44A84432464146D7
:10892000684605F0A8FEFD6A2A686979921B0DEB7E
:10893000060005F0C8FEB86A2B68826821465568B3
:108940006A46A847CEE710B50A46082341680446A0
:10895000FFF7C0FF08210246E06AFFF72AFF6368BD
:108960001B1A6360104610BD13B54FF6FF7300224B
:108970000446ADF800308DF806308368ADF8042069
:108980006846ADF80230FFF70BFF69462046FFF757
:10899000DAFF02B010BD2DE9F04F044695B0C06A71
:1089A0000821FFF706FF63681B0C1B04054603A99B
:1089B00020460393FFF7CEFEDDF80CB0A6895E4497
:1089C000761B06AA0823314620460496FFF789FE47
:1089D000021EC0F2A980E36A06AA5979002312F8A0
:1089E000010B814240F08F800133082BF7D1A3683F
:1089F00062682B449A427ED259462046FFF7B7FE62
:108A0000024691E0BDF81A30360C36041E44049636
:108A100008AA04A92046DDF810A0FFF711FF0246BE
:108A2000002840F0818008A92046FFF7CCFE18B945
:108A3000019B5345ECD1DAE7636805930AAA05A9BF
:108A40002046059EFFF7FCFE024600286CD1BDF8CB
:108A50002820BDF820309A4227D06268059B9A42B0
:108A6000ECD1B245E4D1BDF82430002BE0D0BDF804
:108A700022704FEA1A431B041F4408A8A368ADF8EC
:108A80002230FFF78DFEE36ABDF824901E6876421F
:108A900006F02006B9F1000F0ED108A92046FFF715
:108AA00052FF02460028C3D03EE00AA92046FFF745
:108AB0008AFE0028D1D0D4E74E45B04628BFC8462C
:108AC0000CAA434639462046FFF70BFE024658BB28
:108AD0004346A1680CAA2046FFF7FCFE4146024629
:108AE000E06AFFF766FEA3680344A360E2B9A9EB5E
:108AF00008094744CEE72046FFF736FF0246002824
:108B00003FF47AAF10E0731B06A920460193FFF7EC
:108B100079FE00287FF476AF04A92046DBF7EAFD52
:108B2000024600283FF474AF104615B0BDE8F08F40
:108B30002DE9F04F1D4691B0037C0291044600924E
:108B4000002B00F0BE80C26A08211046FFF731FEFC
:108B5000294601901046FFF72CFEA389019AA3EB4A
:108B60008203AB420746C0F0AF801DB1009B002BD3
:108B700000F0AA806368059306AA05A92046DDF8DF
:108B800014A0FFF75DFE064600283ED1BDF8183060
:108B9000029A934206D06268059B9A42ECD1002D5E
:108BA00039D132E006A92046FFF70DFE0028F2D0A9
:108BB000BDF81A80BDF81C305DB39D422BD1E36A2D
:108BC000DDF800B01B684FEA1A4A5B424FEA0A4AD6
:108BD00003F02003D0440393AA46DDF80C90D1455E
:108BE00028BFD1464B4608AA41462046FFF779FDEB
:108BF00000284DD14A4608A9584605F06CFD50B9E9
:108C0000BAEB090AC844CB44E7D1304611B0BDE8FD
:108C1000F08F002BF9D0002F3DD1B84604F1140A93
:108C20004FF0FF324FF0FF335046FAF7EFFFE38982
:108C30009E4243D0A168626808EB01039A422FD399
:108C4000029BADF82030FF238DF82630009AADF856
:108C500022102B462046ADF82450FFF73BFE294654
:108C60000746E06AFFF7A5FDA3680344A36057B970
:108C700008A8FFF795FD08A92046FFF764FE002825
:108C800014BF07462F465046FBF790F83E46BCE718
:108C9000C1DC0646B9E7019B1F441FFA87F8BDE710
:108CA0002046DBF759FD07460028ECD12046FFF7A8
:108CB00072FE07460028E6D10136B8E76FF01B07C1
:108CC000E1E76FF00C06A0E76FF015069DE70023C3
:108CD0001A46FFF72DBF2DE9FF471E46037CBDF85E
:108CE000309004460F469046002B4ED0C06A0821B3
:108CF000FFF75FFDA389A3EB4003B34248D3D4F849
:108D000004A0CDF804A000254D455146DDF804A08F
:108D10000BD96368534520D1BDF80830BB421CD045
:108D20006FF0010004B0BDE8F08702AA01A9204657
:108D3000FFF786FD0028F5D1BDF80830BB4206D10B
:108D400002A92046FFF73FFD08B10135ADB26268C8
:108D5000019B9A42D8D15146DEE7BDF80C30002B7A
:108D6000DED0A945DCD8BDF80A00090CB3424FEAB1
:108D7000014128BF3346014442462046FFF7B1FC7B
:108D80000028CFD1BDF80C00CCE76FF00C00C9E78C
:108D90006FF01500C6E713B500240094FFF79BFFA2
:108DA00002B010BD704770B54C680368A34201D291
:108DB000012070BD8A682244934201D30020F8E765
:108DC000D1E903254E69B54203D36FF00B038B61E4
:108DD000F4E71B1B42F835304368086902EBC00218
:108DE00053600B6901330B61E2E737B50C46C0B243
:108DF00001A91546DBF742FE00280CDB019850B1B3
:108E000021462A46DBF760FE04460198FFF7CAFFB9
:108E1000204603B030BD6FF01504F9E70020DBF702
:108E2000B1BE00221146DBF777BE034610B50846F7
:108E30000AB10021116053B1D0B1411E11F8010FE8
:108E400080B113F8014BA04201D13D28F6D100209A
:108E50000EE0013313600AE03D2808D0B0FA80F03C
:108E6000400905E018782F28F6D1002AF1D1012019
:108E700010BD10B509B100230B6058B103461A7834
:108E80001C4601332AB13D2A03D02F2AF7D101B164
:108E90000B60201A10BD2DE9F341DDF82080019010
:108EA00007460C4615461E46B8F1000F07D0D8F805
:108EB000001081B9D8F804E0BEF1000F14D101A967
:108EC0003846DBF7ADFE58B1C768019833462A46ED
:108ED0002146B84704E001AAFFF7A7FF0028E9D11F
:108EE000002002B0BDE8F081D8F80830019808935E
:108EF0002A4633462146F44602B0BDE8F0416047B9
:108F00000830704710B5134614460A468188006839
:108F1000FFF741FFA042A8BF204610BD2DE9F04F4A
:108F200097B0044601929A46894600297CD0DAB16E
:108F3000BAFA8AF67609258F0135ADB2A84604F152
:108F4000080B6F1EBFB2B7F5004F26D04A2303AA05
:108F500039465846FFF71FFF002807DA10F1020FC5
:108F600008BFB8463D46ECE70126E4E700F15803A8
:108F70000DEB0300002300F84C3C03A94846D7F74B
:108F800029F90028EED126B339465846FFF79FFE4F
:108F9000002805DA17B0BDE8F08FBEB30020F9E76E
:108FA00005F57F513F3189B25846FFF790FE002802
:108FB000F0DB238FBB42F1D12246013B22F8383F40
:108FC0004FF4004102235846FFF7B2FD00EAE0707B
:108FD000E0E7B846B8F5404F29D0238F434504F168
:108FE000080515D308F58041019A534689B22846F1
:108FF000FFF79EFD0028CDDB002ECFD04846D7F7E7
:10900000FBF84A46034641462846DDE70126E1E7EC
:109010002246022322F8388F4FF400412846FFF7FA
:1090200087FD0028DEDAB5E76FF01500B2E76FF0D4
:109030000B00AFE773B5C36B03630446C3B100F124
:1090400008063046DBF7B4FB054670B902230DF184
:1090500006024FF400413046FFF79DFE0028ACBFEA
:10906000BDF806304FF400432387284602B070BD98
:109070006FF01205F9E72DE9F0418768FB680446B7
:109080000D4616469847BB682BB132462946204606
:10909000BDE8F04118476FF05700BDE8F0810128A6
:1090A00001D1EFF30583FAF74DB801460068FFF7E9
:1090B000F6BF08B5DBF74CFFBDE80840DBF76CBF37
:1090C00000210120FFF7EBBF61B662B680F3118883
:1090D000BFF36F8F704772B6002383F31188BFF31D
:1090E0006F8FBFF34F8F30BF62B6BFF36F8F704784
:1090F00072B6002383F31188BFF36F8FBFF34F8FD6
:1091000020BF80F31188BFF36F8F62B670472028AD
:1091100009D9B0F1004F08D80138B0FA80F0C0F199
:109120001F0040007047082070473E20704770477E
:10913000C16A8968DCF72ABD92B281600160C28091
:109140008280704703680B6043684B6083688B6064
:10915000704710B50C460121DCF7CEFF047010BD3E
:1091600010B503681C780121DCF7E6FF204610BD2E
:1091700010B503681C880221DCF7DEFF204610BD15
:1091800002688068101A70478388C2888168D21A82
:1091900003685B1AD01A704738B50D46144611465D
:1091A000DDF706F822462946BDE8384005F063BAE7
:1091B00010B50C460121DCF7FBFF047010BD10B5A3
:1091C0000C460221DCF7F4FF0470240A447010BD41
:1091D00008B50122DDF72EF8002818BF6FF0040053
:1091E00008BD30B585B014460A888B78ADF80020EC
:1091F00005460D2200210DF103008DF8023005F027
:1092000062FA6A4669462846F0F73CF828B9BDF884
:1092100000209DF802302280A37005B030BD13B548
:109220000C4601AA0331FFF7DCFF48B9032201A96C
:10923000204605F050FAB0FA80F0400902B010BDA7
:109240000020FBE770B5CE1C05460C4630460321D6
:10925000F0F716F860B9637903F03F0343F0400379
:109260006371224631462846BDE87040FFF7B9BF1A
:1092700070BD70B50D4600210446FFF7FAFD0D28BC
:1092800018D1237B302B13D0312B13D1012305F8B8
:10929000063B04F10C062A46204601230221023433
:1092A000FFF762F9B44205F1FF35F4D1002070BD3B
:1092B0000023ECE76FF01500F9E7DBF78BBD00202A
:1092C000704710B50C46017822788A428AB00FD0D8
:1092D0006946DDF78FF905A92046DDF78BF91022E5
:1092E0000DF115010DF1010005F0F5F90AB010BD01
:1092F000012A06D0022A07D072B940886388C01AB2
:10930000F4E740686368FAE71022611C01300AB094
:10931000BDE8104005F0DFB96FF01500E6E7042A5C
:109320000AD0102A0DD0022A4FF0000315D1037085
:109330000B88438001207047012303700B68436052
:10934000F8E7022300F8013B01F1100351F8042B68
:1093500040F8042B9942F9D1ECE7184670470123F5
:1093600010B50621044600F8013BEFF789FF18B954
:10937000A37963F03F03A37110BD0B6803608B8872
:1093800083808B798371037823F002030370704725
:109390000078C0F34000704738B50446807ADCF7A7
:1093A000A5FB6169054649B1637ADB0704D4C36A4A
:1093B0001B6820469B689847002363612146284626
:1093C000BDE8384004F0B0BF438A23B9C068B0FAA2
:1093D00080F040097047002070477047D0F8A030F7
:1093E00083B15A7BD1070DD5D2060DD51B7B102B2F
:1093F00014BF032304234372807A98428CBF002059
:10940000012070470223F6E70323F4E70F2807D86B
:109410000D280BD8052808BF032018BF022070476D
:10942000132803D01A2808BF0120F6E7012070474F
:10943000BFF35B8F0068BFF35B8F704710B50346C7
:10944000BFF35B8F53E8000F40EA010243E80024BA
:10945000002CF7D1BFF35B8F10BD0B6803608B88C6
:1094600083808B798371704738B5C3681D78B3F8F2
:10947000010065B90F21DFF7E9FB044638B1294641
:10948000DFF75AFB2046BDE83840DFF701BB38BDA7
:1094900008B5C3680121B3F80100DFF7D7FB18B1A5
:1094A000BDE80840DFF7F4BA08BD08B5C36801217C
:1094B0001888DFF7CBFB18B1BDE80840DFF7E8BA42
:1094C00008BD01210C30DCF755BE38B5C568012157
:1094D000B5F80100DFF7BAFB044698B12B783BB929
:1094E000D5F80330C0F89530D5F80730C0F899307A
:1094F000201D4FF40031FFF7A1FF2046BDE83840A2
:10950000DFF7C6BA38BD30B402EBC30304460846E1
:109510009A4201D130BC7047114611F8085BA54250
:1095200006D1018A53789942F4D330BC5368184766
:109530000A46EDE7BFF35B8F50E8003F0B4040E881
:109540000032002AF8D1BFF35B8F704710B5DEF709
:109550008FFB6FF080011030FFF7ECFF0020DDF78C
:10956000ADF9044648B13C2303730021DFF7E4FA68
:109570002046BDE81040DFF78BBA10BDC0F30723CB
:109580001070000E5370D0700023C1F30720090E35
:109590009370137150719371D171704773B5C56831
:1095A0000121B5F80100DFF751FB044600284CD03B
:1095B0002B781A2B00F1040619D1C378012B2AD17C
:1095C0004FF480413046FFF739FF42040FD4D4F8FE
:1095D000883000936946D4F8903001932046E0F734
:1095E00095F9204602B0BDE87040DFF751BA2B78FC
:1095F0008BB9B5F80330A4F88630B5F80530A4F877
:109600008C30B5F80730A4F88E306FF480513046B6
:10961000FFF790FF15E03046FFF70AFFC304F4D5CB
:109620002B78202BF1D194F89430002BEDD0013B16
:1096300084F894304FF42032002304F14000FBF70B
:10964000ADFC2046DFF730FDCBE702B070BD012056
:10965000704710B503884288934219D8052B17D953
:10966000B2F5486F14D88388B3F5FA7F10D2C0885A
:10967000A0F10A0189B240F67644A14208D801332C
:109680009BB25343B3EB800F34BF0120002010BDC9
:109690000020FCE738B5C3680F21B3F801001D783E
:1096A000DFF7D4FA044620B365B12846DDF7FCFAAB
:1096B000294602462046DFF7F5FD2046BDE8384042
:1096C000DFF7E6B98378012BEFD102F082FE204666
:1096D000FFF784FE0028E8D10520DDF7E5FA052133
:1096E00002462046DFF7DEFD05212046DFF75CFB62
:1096F000E3E738BD70B5C6680F21B6F801003578CC
:10970000DFF7A4FA044688B34DB12846DDF7CCFA5A
:10971000294602462046DFF7C5FD204603E0F378E0
:10972000C27A9A4203D1BDE87040DFF7B1B98278BE
:10973000C372012A05D00020DDF7B6FA00210246E7
:10974000E8E70BB102F045FE2046FFF747FE002890
:10975000F1D10520DDF7A8FA052102462046DFF702
:10976000A1FD05212046DFF71FFBD6E770BD0020D5
:10977000704708B5E3F77AFD18B1C089003818BF03
:10978000012008BDF0B5C5682F8887B00121B8B2A7
:10979000DFF75CFA064660B302ACD5F80220D5F8D4
:1097A000063001946989009102F0AAFC18B34FF0C9
:1097B000FF304FF0FF31DDF74FFA0546B0B112210F
:1097C0000C30DCF7F5FC0346224623F8027B06AF9B
:1097D000144603CCBC4218605960224603F10803CA
:1097E000F6D1294642F21A00DDF7FAFA3046DFF7E1
:1097F0004FF907B0F0BD4FF0FF304FF0FF31DDF70C
:109800002BFA04460028F1D002210C30DCF7D0FC02
:109810002146078042F21B00E6E770B506460D467A
:109820004FF0FF304FF0FF31DDF716FA044660B11C
:1098300003210C30DCF7BCFC06808570214642F227
:109840002100BDE87040DDF7CBBA70BD73B5C368C9
:10985000D9789A781E8842EA0122ADF80020597919
:109860001A7942EA0122ADF80220D9799A7942EABE
:109870000122ADF804201A7A5B7AB4B242EA0323DB
:1098800001212046ADF80630DFF7E0F9054628B99A
:1098900002212046FFF7C1FF02B070BD6946DFF725
:1098A00065FC38B91E212046FFF7B7FF2846DFF7D1
:1098B000EFF8F1E74FF0FF304FF0FF31DDF7CCF973
:1098C00004460028F2D00E210C30DCF771FC002396
:1098D0000680C0F80A30BDF800304380BDF8023081
:1098E0008380BDF80430C380BDF806300381214673
:1098F00042F22000DDF774FAD8E773B506460D464C
:1099000001AA002142F22F00DDF706FB044648B908
:109910000198C368B3F801203280B3F803302B807C
:10992000DCF7DCFA204602B070BD70B506460D4685
:109930004FF0FF304FF0FF31DDF78EF9044668B18C
:1099400003210C30DCF734FC0680857021460022B0
:10995000BDE8704040F20640DDF7DEBA6FF0680007
:1099600070BDC06803781BB13C2B03D1FFF7EEBD7F
:10997000DDF7F4BB704738B54FF0FF3105464FF0C7
:10998000FF30DDF769F9044668B102210C30DCF7DD
:109990000FFC2B88038021460022BDE8384042F2AC
:1099A0001600DDF7B9BA6FF0680038BDF8B50746A4
:1099B0000E464FF0FF304FF0FF311546DDF74CF902
:1099C000044678B106210C30DCF7F2FB3B880380BB
:1099D0004680858021460022BDE8F84042F2220000
:1099E000DDF79ABA6FF06800F8BD2DE9F0478146BF
:1099F00088464FF0FF304FF0FF319DF820A017460A
:109A00001E46DDF729F90546A0B107210C30DCF729
:109A1000CFFBB9F80030038080F80280C770067170
:109A2000A0F805A029460022BDE8F04742F2320026
:109A3000DDF772BA6FF06800BDE8F08708B5002066
:109A40000021DDF711FA18B1BDE80840DDF7C2B911
:109A5000BDE80840DFF7E4B9033138B5C9B20546BF
:109A60000E20DDF7DBFC032104460C30DCF7A0FB05
:109A700001230370A0F80150204638BD70B505469B
:109A80000E460F200421DDF7C9FC042104460C30EA
:109A9000DCF78EFB0122067042704580204670BDC7
:109AA00008B5072204F017FEB0FA80F0400908BD9F
:109AB0000B6803608B8883808B7983717047BFF359
:109AC0005B8F0068BFF35B8F7047F8B50F46144695
:109AD00038BB4FF0FF304FF0FF31DDF7BDF80546E2
:109AE00010B327210C30DCF763FB3946FFF7E0FFAA
:109AF00006462246C31D04F1100152F8040B43F838
:109B0000040B8A42F9D11022002106F1170004F05B
:109B1000DAFD29460022BDE8F84042F22700DDF7D1
:109B2000FBB96FF01500F8BD6FF06800FBE7037A32
:109B30005B07024605D501462A3211F8010BFFF7F3
:109B4000C4BF704738B54FF0FF3105464FF0FF30C6
:109B5000DDF782F8044658B129460C30FFF728FBA0
:109B600021460022BDE8384042F22D00DDF7D4B98D
:109B70006FF0680038BD10B400F11003BFF35B8FC5
:109B800053E8002F22F4004143E80014002CF7D1E1
:109B9000BFF35B8F130403D510BC012100F0A9B9FA
:109BA00010BC704700F1100208B503461046FFF7DD
:109BB00086FF010611D5BFF35B8F52E8000F40F41A
:109BC000004042E800010029F7D1BFF35B8F18463F
:109BD0000021BDE8084000F08CB908BD10B50C4666
:109BE00030B919B1E3F7DCFA00B1441C204610BDCE
:109BF0000024FBE718B111B10846DDF787BC6FF010
:109C00001500704713B5044680B106216846EFF78A
:109C100037FB48B99DF80530694603F03F032046FD
:109C20008DF80530FFF7E6FF02B010BD6FF01500AC
:109C3000FAE7003818BF01207047037AD90704D526
:109C400023F001030372DDF733BD990704D523F038
:109C500002030372DDF7B6BD70470020704703466C
:109C600010F4004F0CBF07200620DA0348BF00F0B5
:109C700005009B0348BF00F0FB007047BFF35B8FFC
:109C80000068BFF35B8F704710B50346BFF35B8F6F
:109C900053E8000F00EA010243E80024002CF7D14A
:109CA000BFF35B8F10BD2DE9F74F0C4600904FF0CE
:109CB000FF314FF0FF309246DCF7CEFF054600281B
:109CC00050D020210C30DCF773FA2022002181468D
:109CD00004F0F9FC09F1010B04EBCA0A0026D4F8E0
:109CE00000800023626893420CD30834A245F6D169
:109CF000009889F800600022294603B0BDE8F04FC3
:109D0000DDF70AB998F8012098F800C0B01C1118C6
:109D10001F2908D9BCF1090FC0F11F021AD1002A6E
:109D200018DD4FF0080CD7B2791C0BF80610711C27
:109D3000C9B25BFA80F00BF801C0D8F804100193A7
:109D4000023704F098FC019B3744FEB2013308F15E
:109D50000808C7E72846DCF7C1F86FF0150003B024
:109D6000BDE8F08F6FF06800F9E7012310B403FA43
:109D700001F1044662B1BFF35B8F54E8003F0B432F
:109D800044E80032002AF8D1BFF35B8F10BC704763
:109D900010BCC943FFF778BF2DE9F04F87B00546E7
:109DA0009DF84860DDF840909DF844A00C46904630
:109DB0000021102202A81F4604F085FCEEB9CDE96F
:109DC0000248012202A942F20800FFF76CFF044694
:109DD00078B9BAF1000F3ED11035BFF35B8F55E86B
:109DE000003F43F0040345E80032002AF7D1BFF3F7
:109DF0005B8F204607B0BDE8F08FDCF7E7FF8346B6
:109E0000E4B937BB5846D6F7F7F90923012ECDE957
:109E100001B48DF800308DF80100CDF80C80D0D160
:109E2000CDF810D005960222CCE714F83320083A7A
:109E3000012A25D901339845F7D1E2E70023FAE753
:109E400017F83320083A012A1AD901339945F7D176
:109E5000D8E70023FAE7022E4FF0010208BF05926F
:109E600002A908BF324642F2090008BFCDF810D05F
:109E7000CDE90279FFF717FF0028ADD00446B8E717
:109E80006FF01504B5E7436813F008000AD05A03D1
:109E900007D403F4C063B3F5806F14BF0220012020
:109EA00070470120704770B5064686B00D464FF0EA
:109EB000FF304FF0FF31DCF7CFFE0446B0B10C307D
:109EC00095B10121FFF774F906F1100203A92046AC
:109ED00000950723DCF7AEFE0022214642F20A007D
:109EE000DDF71AF806B070BD2946EBE76FF06800A1
:109EF000F8E7FFF7D8BF1830FBF7DEB8DEF732B867
:109F00000368D90444BF43F48063036003689A0480
:109F100044BF43F400630360704700230B60436851
:109F200013B9C0E900117047196041607047D0F85B
:109F3000B000003818BF01207047BFF35B8F006886
:109F4000BFF35B8F704710B50346BFF35B8F53E8D9
:109F5000000F40EA010243E80024002CF7D1BFF3D0
:109F60005B8F10BD2438DEF7D3BB036800220BB92A
:109F7000184670478B4210D10B6842B942680360A3
:109F8000914200D1436000230B60012070471360B1
:109F90004368994208BF4260F5E71A461B68E6E746
:109FA00010B50446006918B1DBF798FF0023236160
:109FB00010BD70B516460D4601210446DEF704FCBF
:109FC000012E1BD0022E1BD1236913B12046FFF7AF
:109FD000E7FF256121690A8A012A3BD9CB681B88E2
:109FE00004339BB29A4235D3A07802282AD09A42F1
:109FF00028D92046BDE87040FFF7D2BF206918B9C4
:10A000002046FFF7CDFF01E02E8A26B92846BDE89D
:10A010007040DBF763BF0C30FFF7B6F8864207D914
:10A0200021690022204600F021FA00232361EDE798
:10A0300020692A8AE9680C30FFF7AEF82846DBF77A
:10A040004DFFC7E70023236120460122BDE8704091
:10A0500000F00CBA70BD2DE9F84307460E46904655
:10A0600000244FF0D009B44203D100231846BDE8C4
:10A07000F88309FB0470DEF717FC034658B1457BF3
:10A08000012D02D0073D012D03D81A884245EDD09D
:10A090001846DEF7FDFC0134E5E710B50446D0F8BC
:10A0A000A00028B9207A04F17001E3F7DFF838B195
:10A0B000E278C3892AB913F0210F14BF01200020D0
:10A0C00010BD13F0240FF8E738B5037A8B4204462D
:10A0D000154615D100F170010722284604F0FBFA5D
:10A0E00080B1E378072243B904F17E01284604F0E9
:10A0F000F2FAB0FA80F0400938BD04F17701F5E7D3
:10A100000020F9E70120F7E708B5DFF74BF910B1B8
:10A11000DEF7BEFC012008BD20B18378194214BFD0
:10A1200001200020704710B50A4603210446FFF7BE
:10A13000F3FF40B3637B072B28D113060CD54FF4F4
:10A140000041201DFFF7FFFE0423A3722046E2F723
:10A1500003FCA8B9002010BD637A032BFAD8A37AB8
:10A16000032BF7D8BFF35B8F231D53E8001F21F4A7
:10A17000004143E80012002AF7D1BFF35B8FE3E709
:10A18000637AA372E7E76FF01500E4E76FF07F00F2
:10A19000E1E708B503210246FFF7BEFF00B1507AA0
:10A1A00008BD08B501210246FFF7B6FF08B102F16C
:10A1B000700008BDF8B507460D464FF0FF304FF070
:10A1C000FF31DCF749FD0646D0B10E210C30DBF73C
:10A1D000EFFF0E220446002104F075FA3B8823802D
:10A1E0002B8863806B88A380AB88E380EB88238116
:10A1F00031460022BDE8F84042F21300DCF78CBE85
:10A200006FF06800F8BD7047704710B400F150035C
:10A210000122BFF35B8F53E8001F43E80024002CAA
:10A22000F9D1BFF35B8F41B9034653F84C2BC1649E
:10A23000D2F8B41029B9C2E92C33006810BCDEF79B
:10A2400061BB0B60C2F8B430F7E770B5D0E90035F8
:10A2500004466BB3D3F8B0204C3000216AB1904271
:10A2600038D1E26C71BBD3F8B410C3F8B020884287
:10A2700001D1C3F8B4200023E36404F150030022A9
:10A28000BFF35B8F53E8001F43E800200028F9D19B
:10A29000BFF35B8F04F13006002200233046F9F74C
:10A2A000C3FFD0B96B680BB12046984700232360E9
:10A2B000E3680BB1204698472B6A8BB12046BDE876
:10A2C000704018470A60D3F8B420904208BFC3F822
:10A2D000B410D0E711461268C0E7DBF7FFFDDBE7FB
:10A2E00070BD38B5406B30B150F8084904B1083C36
:10A2F000FFF7ABFF04B938BDA5682DB12046083D76
:10A30000FFF7A3FF2C46F7E72046BDE83840FFF7EC
:10A310009CBF38B5436B0D46BBB1184650F8084991
:10A3200004B1083C53F8043C9B680BB1294698479C
:10A330005CB12046A468436824B19B68083C002BAC
:10A34000F4D1F6E79B68002BF0D138BDF8B50E4686
:10A3500000210746154600234FF480320846DFF7F8
:10A360002BFA044630B104210C30DBF721FF0770D3
:10A37000467045802046F8BD38B50546006898B15E
:10A38000407B072810D1087A012810D1C87A072805
:10A390000DD98A61CB6105F1300003F0BAFF284680
:10A3A000FFF733FF002038BD6FF07F00FBE76FF051
:10A3B0001500F8E7406B30B1838B8B42A0F10800A9
:10A3C00001D08068F7E7704710B54AB989B2FFF746
:10A3D000F1FF28B143689B6913B1BDE810401847ED
:10A3E00010BD38B50D460521FFF7E4FF00231A46DE
:10A3F0002946FFF7C1FF044610B12846DBF76EFD82
:10A40000204638BD38B50B8A032B05460C4621D9AA
:10A41000042104F10C00DBF7ADFE238A42889A4246
:10A4200018D14178B1B10378012B13D0132B11D07F
:10A43000022201202D68FFF789FF044650B1022156
:10A440000C30DBF7B5FE002303704370214628462D
:10A45000FFF7C7FF002038BD406B30B183898B42C6
:10A46000A0F1080001D08068F7E7704738B50B8A83
:10A47000032B05460C4604D82046BDE83840DBF7E0
:10A480002DBD042104F10C00DBF774FE4188284641
:10A49000FFF7E2FF0028EFD0436821465B69984749
:10A4A000EAE770470346006828B1596802681A60F5
:10A4B000884208BF5A6070470346002003B97047BE
:10A4C0001A8A5B681044F9E710B5D4682378023122
:10A4D00013B92170012010BD8B42FBD0038A023BCF
:10A4E000038200201061F6E70620704708B5036874
:10A4F0000A8A1868C96801F01FFB002008BD38B53A
:10A50000054601F10C000C46FEF732FE2D68238A49
:10A51000E2680146286801F0FEFA002038BD70B4F8
:10A520000568AA6A52B3136803B1B03BA2F1B00444
:10A530000022114600E0B03B844207D0668D648B58
:10A54000B14238BF3146A24238BF22461C462BB129
:10A55000D3F8B030002BEED18442EFD1438D408B45
:10A560008B4201D890420BD9824238BF02469942B1
:10A57000286838BF194670BCE1F7CABC1146EDE740
:10A5800070BC704773B51446014605464FF495728A
:10A59000206801F07AF9207500BB237A2068ABB1FE
:10A5A000A3F11802534253419B000193638A009325
:10A5B000AE68238AE2682946B047002808DB238A70
:10A5C00083420ED100232375012008E00223ECE72B
:10A5D00010F1FF0F05D34042C0B22075002002B039
:10A5E00070BD0E20F9E71FB5CDE9012300230093CC
:10A5F0001A46E0F729FE05B05DF804FB2DE9F04F9F
:10A6000091B0166880460F46002542F601030068A7
:10A61000D6F804908DF82C500BA91446ADF82E30C6
:10A62000FEF74FFE002800F089804FF42053D8F841
:10A6300000008DF82C500BA9ADF82E30FEF741FE2E
:10A6400038B1A3681BB15A88BA4200D25F8001209A
:10A650000EE061680846FFF72FFF728B738D9A42F8
:10A6600094BFC0EB0200C0EB0300032803D8002016
:10A6700011B0BDE8F08F0846DBF776FC0546606850
:10A68000FFF71AFF728D738B05F10C0B9A4294BF82
:10A69000C0EB020AC0EB030A5846FEF775FD82457F
:10A6A00044D26068FFF708FF728D738B9A4294BFA3
:10A6B000C0EB0200C0EB030070B96368987ADBF767
:10A6C00015FA00220023FEF733FD05460028CED000
:10A6D00001466068DBF78EFC00230093D8F8046025
:10A6E000102302AA41464846B047061E26DB227CBC
:10A6F000E068B2421ED001460BA8FEF710FEE8B19A
:10A70000F2B202A906A8FEF70AFEB8B106A90BA884
:10A71000FEF7D7FD90B900236374042105F10C0006
:10A72000DBF746FDA0600780A3688FE75846FEF779
:10A730002BFDC1E702A903F0CEFFEBE70023A360E6
:10A7400085E7F8B59368166805460F46144663B961
:10A75000506801210C30DBF72BFDA0602B681B78C3
:10A76000002B14BF022301230370A3681B78012B65
:10A7700003D0022B1FD000201CE02B681B78002B7D
:10A78000F9D1606804210C30DBF712FDE06007802E
:10A790002A68E36852885A806168728D738B088AD0
:10A7A0009A4294BFC0EB0200C0EB0300042894BFA0
:10A7B00000200120F8BD2B681B78022BDBD16068DC
:10A7C00012210C30DBF7F4FCE06007802B68E268B4
:10A7D000591C0232113351F8040B42F8040B994210
:10A7E000F9D16168728D738B088A9A4294BFC0EB6D
:10A7F0000200C0EB03001228D9E7D06803780431C7
:10A8000013B90170012070478B42FBD091680B8A0D
:10A810000020043B0B82106170472DE9F04F044685
:10A8200085B0104690469946FFF746FE638B628DD1
:10A83000934228BF134683428B4640F2938063685D
:10A8400003934046DBF790FB4FF0000A0646404674
:10A85000FFF732FE628B638D06F10C079A4294BFBC
:10A86000C0EB0205C0EB03053846FEF78DFC8542C0
:10A8700017D24046FFF720FE628B638D9A4294BF49
:10A88000C0EB0205C0EB03058DBB98F80A00DBF7AF
:10A890002DF900220023FEF74BFC064630B957463F
:10A8A00036E03846FEF770FC0546EDE701464046C7
:10A8B000DBF7A0FB4046FFF7FFFD628D638B06F1DF
:10A8C0000C079A4294BFC0EB0205C0EB0305384663
:10A8D000FEF75AFC85421FD24046FFF7EDFD628D20
:10A8E000638B9A4294BFC0EB0205C0EB0305F1688D
:10A8F000328ACDF80090DBF8047003980A44ABB2BA
:10A900005946B847071E0CDABAF1000F18BF574670
:10A91000384605B0BDE8F08F3846FEF735FC0546F1
:10A92000E5E70E9BB3B9394606F10C00DBF740FCB6
:10A930004046FFF7C1FD638D628B934228BF1346EB
:10A94000B9448342BA441FFA89F9A8D9AF423FF407
:10A950007EAFA4E70F9A0E9B3946304698470028F1
:10A96000E1D19CE70027D3E70368002203B97047D1
:10A970008B420FD10B683AB942680360914200D113
:10A98000436000230B60704713604368994208BF1F
:10A990004260F6E71A461B68E8E706207047BFF3F7
:10A9A0005B8F50E8003F43F0080240E80021002997
:10A9B000F7D1BFF35B8FC3F3C000704773B5166860
:10A9C000054600237068137314462946952200F04B
:10A9D0005CFF207380B9CDE900002946A388A268F6
:10A9E0003046FFF71AFF002809DA10F1FF0F26BFE3
:10A9F0004042C0B20E202073002002B070BD012082
:10AA0000FBE72DE9F34116680746002370681373CE
:10AA100014463946952200F038FF0546207308BBDE
:10AA2000A068718B728D038A914294BFC3EB0103BE
:10AA3000C3EB0203012B15DD02210C30DBF7B8FB61
:10AA4000CDE900558046A388A26839463046FFF715
:10AA5000E4FE031E0ADA13F1FF0F26BF5B42DBB2EE
:10AA60000E232373002002B0BDE8F081A8F8003067
:10AA70000120F8E708B5437B072B01D0002008BD73
:10AA80000421FFF7E9FC0028F8D0BFF35B8F836D4A
:10AA9000BFF35B8FDB07F1D550F8040CEFE72DE92E
:10AAA000F04104468868FFF707FD638B628D93428F
:10AAB00028BF134683420D461DD32166D1F8088076
:10AAC00000278F60FBF7BAF941462046DFF720F9EF
:10AAD000064638B1C5F808802766FBF721FA3046EC
:10AAE000BDE8F081618D638B994228BF19462846E5
:10AAF000E1F72AFBF1E76FF07906F0E738B5BFF32D
:10AB00005B8F0B68BFF35B8FDB07054616D550F8EC
:10AB1000040C98B1EB6D8BB90430FFF7C3FC04460D
:10AB200060B10146281FFFF7BAFF38B155F8043C61
:10AB30005A6822609A685C6002B99C6038BD2DE951
:10AB4000F041846A074634B354F8B06906B1B03EA8
:10AB500000231D4607F1040801E034461646226E24
:10AB600092B905B983B94046FFF79CFC054650B140
:10AB700001462046FFF793FF68B17B682B60BB68F6
:10AB80007D6003B9BD6023462EB1D6F8B020002AFF
:10AB9000E3D0B03AE1E7BDE8F08170B504460E4677
:10ABA000002200230846F9F73FFB054658B101464D
:10ABB0002046DFF7ADF8044618B12946304603F0C9
:10ABC000B3FB204670BD6FF00104FAE7F8B5054607
:10ABD000071F00F1580350F8044CBFF35B8F53E894
:10ABE000001F21F0040143E80012002AF7D1BFF34F
:10ABF0005B8FFCB1EB6D83B9636873B1201DFFF708
:10AC000051FC064601463846FFF749FF90B163689C
:10AC10003360A368666003B9A66005F16001384639
:10AC2000FFF7BBFF30B104F10C013846BDE8F84036
:10AC3000FFF7B3BFF8BD38B504460D46DFF768F837
:10AC400030B1294604F16400BDE8384003F061BB2F
:10AC500038BD70B5044601F10C000D46FEF788FAC8
:10AC600026682B8AEA680146306800F054FF1E21EE
:10AC700000222046DFF730F9014610B12046FFF7E9
:10AC8000DAFF002070BD2DE9F0418846174601210A
:10AC9000042205461E46DFF71FF9044670B1042161
:10ACA0000C30DBF785FA80F80080A0F80170C670E0
:10ACB00021462846BDE8F041FFF7BDBFBDE8F08161
:10ACC00037B50C46054601F10C00FEF751FA228A11
:10ACD0000192E26800920346132212212846DFF710
:10ACE00085F903B030BD37B50C46054601F10C00BF
:10ACF000FEF73EFA228A0192E268009200220346A1
:10AD000011462846DFF772F903B030BD70B50E4624
:10AD10001546FFF7AFFE78B1836A6BB1184650F85D
:10AD2000B03903B1B03B691C428D448BA24228BFAD
:10AD30002246914202D93BB9002070BD2A463146D5
:10AD4000BDE87040DFF7C8B8D3F8B04004B1B03CFC
:10AD500018462346E8E707B5CA6813885288009268
:10AD60000C210D22DFF7D4FA03B05DF804FB07B520
:10AD7000CB6800221B8800920A210B22DFF7C8FA59
:10AD800003B05DF804FBF8B5CB681F88BBB2162B87
:10AD9000044628D90321DFF789F9064628B30221A2
:10ADA0000C30DBF705FA00256FF0080303704570DF
:10ADB00031462046FFF73FFFF7236383236867850B
:10ADC0001B68BFF35B8F043353E8001F41F48031ED
:10ADD00043E80012002AF7D1BFF35B8F2046FFF74C
:10ADE0009EFB2846F8BD0420FCE70E20FAE7E0F7BA
:10ADF00075B90A8AC9680023DFF730BCFFF7F9BFCD
:10AE0000FFF7F7BFFFF7F5BFFFF7F3BFFFF7F1BF9E
:10AE1000FFF7EFBFFFF7EDBFFFF7EBBFFFF7E9BFAE
:10AE2000FFF7E7BFFFF7E5BF70B5CE6833889AB28A
:10AE3000162A04460D4606D8002204231146BDE812
:10AE40007040DFF70BBCF72242834385FFF767FBB7
:10AE50002A8A002331462046F1E770B5054650F8AE
:10AE6000043C55F804690446002B32D031B1C36D5F
:10AE70007BB31B7CDA072CD505231DE03046E1F7B8
:10AE80005BF8737A012B24D0E46D14B3237CDB07C9
:10AE90001FD5E368002BEFD06269617C2846DFF79D
:10AEA0001BF8064638B1D4E90512E368984750B15B
:10AEB0003046DBF713F80E23002228461146BDE882
:10AEC0007040DFF7CBBB31462846DEF721FF002874
:10AED000EED170BD30B5054689B055F8043B044647
:10AEE0001868FFF75EF96946DEF778FD2846DFF758
:10AEF00029FC60681321DDF757FF09B030BD10B59C
:10AF0000044688B054F8803D1868FFF74AF969464E
:10AF1000DEF764FD2046FFF7DDFF08B010BD10B579
:10AF20000C46FFF7A7FD98B1836A4BB153F8502C3C
:10AF30009169A142A3F1B00309D0D3F8B030F4E78E
:10AF4000406828B18369A34202D00068F9E710463F
:10AF500010BD0120704708B5FFF78CFD98B1836ADA
:10AF60008BB1BFF35B8FB03B03F15C0252E8000F83
:10AF700020F0080042E800010029F7D1BFF35B8F01
:10AF8000D3F8B030ECE708BD08B50421FFF764FA48
:10AF900030B1BFF35B8F806DBFF35B8FC0F3C00038
:10AFA00008BD70B51C460E461546DEF78BFEC0E99F
:10AFB00003650123C380047570BD106000207047D5
:10AFC00010B5029CA36833B1B1F5807F28BF0E2174
:10AFD000CAB221469847A37DE268013BDBB2A37564
:10AFE00022B11BB92046BDE81040104710BD1060CB
:10AFF000918000207047B1F5807F009A28BF0E2114
:10B000001368C9B218470020704708B5072203F03B
:10B0100062FBB0FA80F0400908BD10B50378934296
:10B02000044607D10130FFF7F0FF002814BF204687
:10B03000002010BD0020FCE710B50346BFF35B8F76
:10B0400053E8000F40EA010243E80024002CF7D146
:10B05000BFF35B8F10BD10B50346BFF35B8F53E8A2
:10B06000000F00EA010243E80024002CF7D1BFF3EF
:10B070005B8F10BD0B6803608B8883808B79837135
:10B080007047BFF35B8F0068BFF35B8F704770B58D
:10B090000D46064611F8010BDEF784F9044610B19F
:10B0A0002C89DDF7F5FC6B89A34207D0EB686C8136
:10B0B00023B121463046BDE87040184770BD08B541
:10B0C00002210C30DBF774F803466FF00802002011
:10B0D0001A70587008BD10B502210C301446DBF709
:10B0E00067F823890380002010BD10B504210C30BF
:10B0F0001446DBF75DF823890380638943800020D1
:10B1000010BD70B51446002500F10C066268EBB264
:10B110009A4205F1010501D8002070BDA2683046B1
:10B1200032F81310FEF74BF8F0E7FFF7EABFF7B578
:10B13000089D06462F680C4651B973B90023089341
:10B140002A46E1B23046BC4603B0BDE8F040604755
:10B15000B1F5807F28BF0E24F0E7009313462A46FE
:10B16000B84708942F6823462A462146EAE708B5DF
:10B170000C3029B10121FFF75FFFC043084008BD33
:10B180006FF00101FFF767FF00F00100F7E738B546
:10B190000C4619466BB103F114055B6982B9E2688C
:10B1A000A360954200D1E36000230D684B611A460D
:10B1B000A847A36853B92046BDE83840DFF7CABDA9
:10B1C0001360E3689D4208BFE260EDE738BD2DE9FA
:10B1D000F041069D0C4606466FF0040105F1100093
:10B1E000FFF739FFF4B13046DFF7C4FC014648B33E
:10B1F000836853B11F68002205F1140C2BB163451D
:10B2000008D12B463046FFF7C2FFB4F5807F28BF38
:10B210000E240FE027B138681A463B460746EDE793
:10B220003846F9E7AB892BB92F68234622462946D1
:10B230003046B8476B682BB12A46E1B23046BDE8CC
:10B24000F0411847BDE8F08111F1680F01D0FFF718
:10B25000BEBF704710B50446FFF789FF38B12146DD
:10B260000122BDE8104011F8010BDFF7A5BC10BDAD
:10B270002DE9F0411F46BDF81830012B06469046D7
:10B280002DD83B44012B3D462CDCDFF73DFC04462A
:10B2900018B9DFF739FC044638B397B1217A98F82A
:10B2A0000020002321FA03F0C70703D522FA03F098
:10B2B000C0071DD50133032BF4D102F0070211435F
:10B2C000217206F17001601CFFF7D4FE337A2370FF
:10B2D00001212046FFF7BEFF2846BDE8F0816FF050
:10B2E0000605F9E76FF00C05F6E76FF01005F3E7D8
:10B2F0006FF01205F0E7F0B587B00D460C9C1146D3
:10B3000006461A465DB983B9276800232246E9B28A
:10B310003046BC460C9307B0BDE8F0406047B5F539
:10B32000807F276828BF0E25EFE703A8FDF704FFFD
:10B33000BDF81030012B08D8002300932568224661
:10B3400019463046A84707B0F0BD022103A8DAF736
:10B3500011FF0346BDF8102033F8027B974228BF47
:10B36000174600972568224600213046A8473946EF
:10B3700003A8DAF7FFFEDBE738B5BDF81040A242BC
:10B3800015460CD84CB16BB1A21A8A42A8BF0A4626
:10B3900094B22246591903F06EF9204638BD6FF079
:10B3A0000600FBE76FF00D00F8E730B585B0C9681F
:10B3B00014461D46DFF7CAFB00B10089ADF80E0048
:10B3C00002230093BDF820200DF10E0329462046EC
:10B3D000FFF7D2FF05B030BD1FB50C461946E36834
:10B3E0001C781046BDF818203CB110240133069497
:10B3F00004B0BDE81040FFF7BFBF5B88ADF80E306A
:10B40000022300930DF10E03FFF7B6FF04B010BD49
:10B4100030B585B01D46002314468DF80C30DFF79B
:10B4200073FB10B1037A8DF80C3001230093BDF843
:10B43000202003AB29462046FFF79EFF05B030BD14
:10B440002DE9F04114461D46BDF81870DBF7BEFC2F
:10B450000646D4F7D1FE80B2069033463A462946D6
:10B460002046BDE8F041FFF787BF30B585B01446F0
:10B470001D46FEF77CF90223ADF80E000093BDF8DF
:10B4800020200DF10E0329462046FFF775FF05B079
:10B4900030BD2DE9FF41884616461F46044628B9AF
:10B4A0006FF01505284604B0BDE8F08102A9FDF74C
:10B4B000E0FE05460028F3D101A92046FDF7D9FC9E
:10B4C0000198D0B902A90020DFF764FA044648B910
:10B4D000DFF71AFB044678B3002300F8013B02A90A
:10B4E000FFF7C8FDB8F1000F22D0022269463846A6
:10B4F000B047002808DA0546D4E70A222946FBF7B8
:10B5000061FF0028DED0CBE79DF8003023720228CF
:10B5100004D000212046FFF79DFEC3E79DF80110EF
:10B520000129F6D801F001012046FFF720FEB9E716
:10B530002046DFF7AFFCB5E76FF00B05B2E738B593
:10B5400000F10C04042120461546DAF731FE2B8960
:10B5500003806B894380E9680B782BB949882046C2
:10B56000FDF72DFE002038BD102201312046FDF7E9
:10B5700013FEF7E710B5DFF745FA044640B1014680
:10B5800011F8010BDAF784FF002323606360A360E6
:10B59000002010BD70B500F1700605463146007AF6
:10B5A000FEF7E7F804463146287A1CB1BDE8704042
:10B5B000FFF7E0BFDFF726FA10B104604460846053
:10B5C00070BD022A10B508D1002300F170011A469F
:10B5D000007ADFF743FB022010BDFFF7DBFFFAE73D
:10B5E0002DE9F04706460D464FF4702000219DF8E6
:10B5F00020A0DDF8249090461F46DEF7F1FF0446B8
:10B6000088B1456080F811A0C0F81490C760C0F8F8
:10B6100018804A4651463046FFF778FB054638B950
:10B620002046DFF70BF86FF00B052846BDE8F087E2
:10B63000002211460123FFF7B4FCA56028464246CC
:10B640004946B847054618B12046DEF7F7FFECE754
:10B6500021463046DFF728F905460028E5D0F3E714
:10B66000F0B507683D7889B0064614462DBB7B8847
:10B67000B3F5245F04D01AD8A3F52053032B1CD8AC
:10B68000ADF80A1002220DF10A01204602F02FF94E
:10B6900048B97B88ADF80A3002220DF10A01204634
:10B6A00002F025F968B16FF01502A26506E003F516
:10B6B0005643FF339BB2042B12D90125284609B00B
:10B6C000F0BD009003AA776813233146B847021EE5
:10B6D000EBDB03A9204602F00AF90028EDD0E2E7EF
:10B6E000ADF80A1002220DF10A01204602F0FFF81F
:10B6F0000028D8D17B88ADF80A3002220DF10A016A
:10B70000E8E770B504461546FFF723FC48B120462C
:10B71000DFF7FAF928B1037ADB0702D50121FFF739
:10B7200099FD85B9207A04F17001DFF76BF90246C3
:10B7300048B101468560BDE8704011F8010B042353
:10B740000832DAF797BE70BD38B500F10C0502215A
:10B7500028461446DAF72CFD63890380A189284620
:10B76000FDF72DFD042104F11000FFF765FC00201A
:10B7700038BD37B504460D46DFF70CF9024688B1EF
:10B78000037A8DF804300C30FFF77BFC00F00100E9
:10B790008DF80500022301AA29462046DAF780FE2B
:10B7A00003B030BD0346F7E738B5BDF81010BDF85B
:10B7B0001840059DA14210461A460CD84CB16DB1F7
:10B7C000631A9A42A8BF1A4694B22246294402F04C
:10B7D00052FF204638BD6FF00600FBE76FF00D000A
:10B7E000F8E713B5044610B9002002B010BD0023DD
:10B7F0008DF80430006842F6030301A9ADF8063065
:10B80000FDF75FFD0028EFD1E36898880028ECD1B0
:10B810002046DFF7D1FC013080B2E6E770B5CC6896
:10B8200088B008461E46A3798DF80C301546FFF700
:10B83000D8FFADF80D00246823786BB96388ADF8A4
:10B840000F3005230093BDF8302003AB3146284666
:10B85000FFF792FD08B070BD631C0DF10F021134AB
:10B8600053F8041B42F8041BA342F9D11323E9E760
:10B870001FB5CDE90123002300931A46DFF7E4FC4E
:10B8800005B05DF804FBDFF7DDBD38B54C8AD307A2
:10B890000546C4F30E0404D514F0950F2AD04B6866
:10B8A00043B3900704D514F4957F25D08B681BB360
:10B8B000144014F4DE7F0DD0EB7A2BB92846FEF746
:10B8C000ECFBD8B9052038BD14F0300F04D114F4C6
:10B8D000C07F07D10020F6E72846FEF75AFC022871
:10B8E000F5D8EFE7D5F8A030002BEBD05B7BDB067B
:10B8F000E8D5EFE70220E6E70320E4E70F20E2E7E0
:10B90000F8B514460F46942261680646FFF7BDFF5E
:10B9100020BB616801223046DFF73CFE08B3A289F4
:10B920001B2102323046FFF7F1F90546E0B1A1894B
:10B930000C300231DAF73CFC20F8027BA289A168C6
:10B9400002F099FED4E9041228460123FFF729FBEF
:10B9500029463046BDE8F840DEF758BF4FF0FF30CB
:10B96000F8BD6FF01500FBE76FF00B00F8E72DE96D
:10B97000F74F0C9C804691461D460E4641B96BB967
:10B98000256800230C932246F1B24046AC4626E0DF
:10B99000B1F5807F256828BF0E26F2E76368002B8B
:10B9A0004CD1013D2789B4F80AA0ADB2561C3DB375
:10B9B00031888AB2002A5CD099F80030D4F800B0FF
:10B9C000AB428CBFAB1E023B97429BB201D8924563
:10B9D00009D200230C9322460E214046DC4603B0D8
:10B9E000BDE8F04F60472181224600930021B31C3F
:10B9F0004046D84700283CD099F80030AB420BD9DC
:10BA000021464046E0F744F9002832DA00230C933F
:10BA1000256822460E21B8E7238962899A4205D11A
:10BA200000230C93256822461946AEE70133238193
:10BA300099F80030ED1AADB21E44B8E700951346F0
:10BA400027682246B847A0B1238A013B9D4203DA0A
:10BA50000C9625683346E6E763891D4465812146D7
:10BA60004046E0F715F9002803DA0C9625683346BE
:10BA7000CFE703B0BDE8F08F73B504460D46FAF783
:10BA8000DDF929462046FFF74AFA014620B902B0FF
:10BA9000BDE87040FAF744BA46682046DEF742FF38
:10BAA000FAF73EFA2EB1002300951A460E212046E1
:10BAB000B04702B070BD2DE9F8438C680646904649
:10BAC00099461CB3256805B1143D34F80C3C434538
:10BAD00019D1143C07E02C466D692389C5B1434553
:10BAE000A5F11405F7D1727AA37B9A420BD327688C
:10BAF000BDF820304A4621463046B84718B921469D
:10BB00003046E0F735F92C46002DE5D1BDE8F88345
:10BB10004345E8D0FAE7F7B50D46044616461F46FA
:10BB2000DFF728F8014628B1009733462A46204619
:10BB3000FFF7C1FF03B0F0BDF0B587B005460E4674
:10BB40001746DFF717F8044640B13A46314603A8D6
:10BB5000FDF7F2FABDF81030042B01D807B0F0BDA4
:10BB6000042103A8DAF706FBBDF810104688028806
:10BB7000B142F3D3031D214628460096FFF79BFFF1
:10BB8000314603A8DAF7F6FAE4E72DE9F041054675
:10BB90008846DEF7B9FF0446E0B1037ADB0719D522
:10BBA00000F10C073846FFF76CFA10F0010611D1CE
:10BBB000B8F1000F0FD06FF002013846FFF74BFAD3
:10BBC00010F0020F284609D0FFF7C5F901212046E1
:10BBD000FFF740FB01263046BDE8F081FFF7B9F9D9
:10BBE0000028F8D02846FFF7CFF90028F3D06FF0EF
:10BBF00002013846FFF72FFA2846E5E7F8B5064672
:10BC00000F46DEF7E3FE394604463046FDF7B1FD48
:10BC100068B364B304F108056FF001012846FFF72B
:10BC20001AFAC20703D539463046E0F7C1F96FF07A
:10BC300002012846FFF70FFA830703D5394630463D
:10BC4000FFF797FD2846FFF71CFA80B9234603F853
:10BC5000010BC4F80100C3F80300BFF35B8F55E884
:10BC6000003F45E80002002AF9D1BFF35B8FF8BD21
:10BC700038B5A0F13F05C41E15F8010C29460C3556
:10BC8000FFF7BCFFA542F7D138BD38B5044659B11E
:10BC900000F170052946007AE0F78AF9207A2946F2
:10BCA000BDE83840FFF765BD38BD0720704708B5CF
:10BCB0000621FEF7D1FB00B1EC3808BDBFF35B8F66
:10BCC0000068BFF35B8F084100F00100704710B5BA
:10BCD0000346D9B1C88910F0240F17D01A7D5C7BB8
:10BCE000097BA24228BF2246914201D9002010BD03
:10BCF000820604D4187A003818BF0120F7E705211E
:10BD0000181DFFF7DBFF0028F4D1EFE70120EEE775
:10BD100001238B40DB43BFF35B8F50E8002F1A40B9
:10BD200040E800210029F8D1BFF35B8F704707205E
:10BD30007047002370B51A460446EC300D46FEF7F6
:10BD40001BFB20B12846BDE87040DAF7C7B804F500
:10BD5000A4704FF47022BDE870400023F9F7A6B933
:10BD600001238B40BFF35B8F50E8002F1A4340E85C
:10BD700000210029F8D1BFF35B8F704708B50E2171
:10BD8000FFF7EEFF002008BD38B505460B4604302E
:10BD90000D21FFF793FFA0B1DC68D5F8EC3002204D
:10BDA000197A03F17002E1F7ABFA80B1224600F193
:10BDB0002A0304F1100152F8040B43F8040B8A42E1
:10BDC000F9D128460921FFF7CBFF002038BD082014
:10BDD000FCE770B5051D0E4628460421FFF76EFFEF
:10BDE00068B10022002100230846DDF7E5FC044687
:10BDF00040B904212846FFF7B3FF204670BD4FF439
:10BE00007022EFE701210C30DAF7D2F90670F4E77F
:10BE100038B504210446FFF7DCFF054698B1102130
:10BE20000C30DAF7C5F904F1270304F1370253F8AF
:10BE3000041B40F8041B9342F9D120462946FFF722
:10BE400078FF002038BD0820FCE72DE9F04790B0CE
:10BE500004460CAD10220021284602F034FC237A5F
:10BE6000052B1ED8DFE803F0060303061D21D4F8D6
:10BE7000D8300C93D4F8EC3004F1470204F1C70732
:10BE8000CDE9017204F1370803F17E0204F12709BC
:10BE9000009277334A46414604F19700E1F7C4FA2D
:10BEA00098B1082010B0BDE8F087D4F8E430002B3A
:10BEB000E0D02E4603F1100718685968324603C2D5
:10BEC0000833BB421646F7D1D4E7D4F8EC3003F17F
:10BED00077027E3308AE019304F1110302920093BE
:10BEE00003962B4642464946384600F072FB00282E
:10BEF000D7D1237A052B0FD1D4F8E010002948D0F0
:10BF00000B46AC4601F1100E18685968624603C230
:10BF1000083373459446F7D1D4F8EC3003F17E0230
:10BF200077330DF1100A019304F10A030292009392
:10BF3000CDF80CA02B464A464146384600F049FB56
:10BF40000028AED11022514604F1B70002F0C3FB25
:10BF500020BB0D212046FFF73CFF07460028A0D05C
:10BF600010210C30DAF724F932460346164603CE88
:10BF7000AE4218605960324603F10803F6D13946E3
:10BF80002046FFF7D6FE201D0121FFF7E9FE002025
:10BF900088E71022284602F096FBBDE70B2081E7D8
:10BFA00070B5D0F8EC30DB78012B044619D1CD68A0
:10BFB000061D10213046FFF7ABFE2B4604F1B702F9
:10BFC00005F1100153F8040B42F8040B8B42F9D130
:10BFD00007213046FFF772FE28B109213046FFF7EE
:10BFE000BFFE002070BD0A213046FFF767FE002823
:10BFF000F3D12046BDE87040FFF727BF70B5061D9E
:10C00000CD6804460B213046FFF782FE2B4604F133
:10C01000170205F1100153F8040B42F8040B8B4290
:10C02000F9D1237A012B09D0022B13D12046042108
:10C03000FFF796FEBDE87040E0F7E6B90A2130460A
:10C04000FFF73CFE0028F1D030460021FFF788FEC4
:10C05000002070BD0820FCE70720704707207047CC
:10C060000720704730B5012303FA01F1CA43BFF33B
:10C070005B8F50E8003F03EA020440E80045002DD2
:10C08000F7D1BFF35B8F194214BF0120002030BDF0
:10C0900070B500F1700604460D4607220968304667
:10C0A00002F019FB40B96B681A6822679A88A4F8F5
:10C0B00074209B7984F8763070BD38B50446031D32
:10C0C0000025BFF35B8F53E8002F43E800510029A0
:10C0D000F9D1BFF35B8F04F5A470F8F7EDFF25727B
:10C0E000BFF35B8F54E8003F44E80052002AF9D1C7
:10C0F000BFF35B8F20460121BDE83840FFF730BE1B
:10C100002DE9F84FDDF82C80BDF8289004469246C2
:10C110001F46FFF7CCFD054600285AD0061DB9F191
:10C12000000F27D15AEA070324D103213046FFF735
:10C13000C5FDD0B301213046FFF7C0FDA8B32C7D6B
:10C140006B7B9C4228BF1C46224605F147014046B6
:10C1500002F091FA0F2C06D8C4F11002002108EB6E
:10C16000040002F0B0FA30460121FFF7F9FD01208A
:10C17000BDE8F88FD4F8A030F3B904F1700B217A40
:10C180005A462020E0F7D6FFC4F8A00030B9217A43
:10C190005A460120E0F7CEFFC4F8A000B9F1000F25
:10C1A0000AD15AEA070704D006E0D4F8A030002BE1
:10C1B000E3D0D4F8A01071B90F213046FFF77EFD0F
:10C1C00020B1022206212046DDF76CF82846FFF751
:10C1D00074FF0020CCE7CB899B06EDD50C7B1A3190
:10C1E0002246B4E76FF085007047F8B5031D064698
:10C1F0000F4618460221FFF761FD044620B1B6F84C
:10C20000E840B4FA84F4640903211846FFF756FDA8
:10C2100058B139463046E0F763FC052194B1D6F8B1
:10C22000EC00DCF7C1FD0020F8BD01211846FFF746
:10C2300045FD0028EDD10F211846FFF73FFD0028EE
:10C24000E7D1EAE73046FFF7C4FD054688B1012192
:10C250000C30D9F7ADFF234607702246294606F178
:10C26000EC00FEF789F80028DDD02846D9F736FE25
:10C27000D9E76FF06800D7E770B504460820DFF70C
:10C2800093FF0546E0B1061D08213046FFF740FD4B
:10C29000BCB30721FFF73CFD234605F1970204F1EB
:10C2A000200153F8040B42F8040B8B42F9D10A2108
:10C2B0003046FFF703FD70B109213046FFF750FD0E
:10C2C0000720DFF771FF0446E8B1DFF7BFFF014643
:10C2D000C8B1204612E010213046FFF7EFFC0921DB
:10C2E0000028EAD13046FFF7E9FC0028E8D02846CC
:10C2F000FFF7ABFD01460028E2D02846FFF775FFA7
:10C30000DEE70B21F9E770BD2DE9F0410E4604464A
:10C31000D0F8EC80DFF756FFF768261D05460A21A6
:10C320003046FFF79FFE38B16DB920463978E0F707
:10C33000D7FB0020BDE8F0810B213046FFF792FECD
:10C340000028F1D1F1E76B69002BEED04046984709
:10C35000EBE770B50446A0F1EC0650F85C3BE83C16
:10C36000D3F8A050F8F7A8FE03212046FFF7A6FC5B
:10C37000A0B108213046E0F7B3FB3DB1EB8913B122
:10C380006B7B9B0702D52846E0F7DEFF30464FF473
:10C39000C072BDE87040002102F095B9012120462D
:10C3A000FFF78CFC0028E4D10F212046FFF786FC24
:10C3B0000028DED1E1E710B508210446A0F5A470FD
:10C3C000E0F78EFBA4F5A2700421BDE81040FFF752
:10C3D000C7BC70B50446FFF76AFC0546002863D069
:10C3E000061D03213046FFF769FC00285CD0D4F815
:10C3F000A00008B1E0F7A8FF207A04F17001E0F78F
:10C400001FFEC4F8A00028B928460821BDE87040E6
:10C41000FFF7EBBE0E213046FFF750FC28B1D4F8F1
:10C42000A020537B43F0020353732A7AD4F8A01060
:10C43000032A4B7B39D8002A3ED0D4F8A020537B66
:10C4400043F0010353732B7D697BD4F8A0208B420A
:10C4500028BF0B46137305213046FFF72FFCD4F895
:10C46000A0305A7B88B342F010025A730D21304637
:10C47000FFF724FCC0B1D4F8A0002021E0F728FF8A
:10C48000D4F8A03005F147021A33573552F8041B8F
:10C4900043F8041BAA42F9D1D4F8A0200023136169
:10C4A0005361D4F8A020138370BD053A012A03D844
:10C4B00043F020034B73C0E723F020034B73D4F801
:10C4C000A020537B23F00103BCE722F010025A7333
:10C4D000EAE7DBF7C3B870B5064690B014461846D5
:10C4E00026B3342203A9A047051E1FDB01A930464D
:10C4F000FCF7BFFE0446C8B969463046FCF7B9FCF4
:10C50000009868B9ADB901AA29463F20E0F712FEAC
:10C5100018B14022294602F0D6F8204610B070BD6E
:10C520000A222146FAF74EFF0028EBD06FF01504DF
:10C53000F3E701A90020E0F743FD034698B1342D4D
:10C5400002D0E0F701FFF1E703AA0C330FAE154666
:10C5500003CDB542186059602A4603F10803F6D1AD
:10C5600028681860D9E76FF00B04D6E710B5431EB2
:10C5700000F11002073013F8011F12F8014D1C7072
:10C5800083421170F7D110BDF0B597B014460E4636
:10C590002022014605A81D461C9FE0F719FF202216
:10C5A00031460DA8E0F714FF2146102201A88DF8AE
:10C5B0005450E0F70DFF3B46412205A901A8E0F7E2
:10C5C000C9FF044610B93846FFF7D0FF204617B020
:10C5D000F0BD2DE9F04397B00446164605A8102299
:10C5E0001D46DDE91F98219FE0F7F2FE102231463B
:10C5F00009A8E0F7EDFE102229460DA8E0F7E8FEB5
:10C600001E99032211A8E0F7E3FE4946D9F801007C
:10C6100011F8013B8DF8473012908B88ADF84C3003
:10C62000062212A8E0F7D4FE4146062211F8013B8B
:10C630008DF84E30D8F80130CDF84F300DF14F0065
:10C640008B88ADF85330E0F7C3FE2146102201A8D5
:10C65000E0F7BEFE3B46412205A901A8E0F77AFFBC
:10C66000044610B93846FFF781FF204617B0BDE8F1
:10C67000F0832DE9F0410669069C1D4696F8883046
:10C6800017469A0720D5631C06F1540818D04FF4BA
:10C69000004C24EAE47440F2E73000214FF47A724F
:10C6A0000023C4FB0C01D3F77BFD02460B46394641
:10C6B0004046F7F7CBF908B9F3692B60BDE8F08184
:10C6C0004FF0FF321346F2E76FF00400F6E791F8FF
:10C6D00081303BB991F88030DB0707D551F8040C65
:10C6E000D7F706BFA1F10800EFF798BE7047F8B57D
:10C6F000069F0469C9B2EFF31186202585F31288DD
:10C70000BFF36F8F0C2505FB0144A56C05F0070CEA
:10C71000BCF1010F0CD1A76486F31188BFF36F8FB2
:10C72000C4E91023436853F8313098470020F8BD1E
:10C7300005F0C005AF4286F31188BFF36F8F0CBFC1
:10C740006FF077004FF0FF30F1E713B580240094CD
:10C75000FFF7CDFF02B010BD0069CBB200EB431074
:10C76000002110470020F2F78DBB1046F7F7E6BD19
:10C7700008B5F0F79BFBBDE808400020F2F7F2BBDC
:10C780008022F0F7C5B8F0F7BDBAF7B51C461646DB
:10C79000002382682360A36053690D4601AA69469D
:10C7A0009847019B5A1E01921BB96FF0150003B008
:10C7B000F0BD0098A26847682168676085B9B31A20
:10C7C000D0F800C0634528BF63461A4403FB071135
:10C7D0002160A26002689A4206D808300090E0E723
:10C7E0006B1AB3FBF7F3EBE70020E0E713460022F8
:10C7F000FFF7CBBF2DE9F047836886B05B698846B9
:10C80000914601A902AA98470024A2462546029B08
:10C81000AB4202D806B0BDE8F087019F07EBC50721
:10C8200000267B6804933A68B2420AEB060302D8FA
:10C8300001359A46EBE703940593494603A8C047A0
:10C840000028E7D0049B01361C44ECE710B50C46E9
:10C8500000F08CFA0023C4E90003184610BD38B577
:10C8600005460C4600F082FA002D07DBA84205D9E8
:10C87000401B84428CBF0020012038BD0020FCE713
:10C8800070B50D462846194616461C46FFF7E7FFC9
:10C8900038B124B122462946304601F0ECFE002092
:10C8A00070BD6FF01500FBE743685B68D3F8103587
:10C8B0000B600020704743685B6802EA010021EAD0
:10C8C0000201C3F80805C3F80C150020704743683F
:10C8D0005B680020C3F80815704743685B68002058
:10C8E000C3F80C15704743685A68D2F8043521EA3A
:10C8F00003000B40C2F80805C2F80C350020704751
:10C9000000F05AB8002201210320D8F7A5BD38B5A0
:10C910000446056901221146284601F013FD012253
:10C9200005F11800002101F00DFD2046BDE838405A
:10C93000F1F716B90069F7F785BD0069F7F7FEBC96
:10C9400013B501AA044600F040F8002805DB019B5E
:10C95000226819791868F1F74FF902B010BDCA07BB
:10C96000436805D4C1F34201012904D0022909D04A
:10C970006FF0150070471B684FF0CC72C3F8242588
:10C98000002070471B684FF0C862F7E710B5446895
:10C990000021606AFFF7D4FF2046BDE81040F3F79E
:10C9A00099BF10B544682046F3F7BAFF606A0121C9
:10C9B000BDE81040FFF7C4BF10B54468FFF7F1FFB2
:10C9C0002046F3F7F7FF002010BD30B54368136031
:10C9D000057A446804EBC504A34202D36FF001005A
:10C9E00030BD5C798C4201D00833F0E70020F7E7D6
:10C9F000002201212320D8F72FBD10B50B6813B9F1
:10CA00001360184605E003685C681CB11460036895
:10CA1000186810BD083303600B68013B0B60EDE73D
:10CA200013B501AA0446FFF7D0FF002805DB019BE0
:10CA3000226819791868F1F7DFF802B010BD38B52F
:10CA40000569446895F86D302BB12046F3F7DAFCA0
:10CA5000002385F86D30606B0121FFF7E1FF0020B6
:10CA600038BD10B503680446DBB19868C8B149B158
:10CA7000197B0122F1F734FA23681869BDE81040E8
:10CA800001F0BDBB12B99A88D2040AD4186901F02A
:10CA9000B6FB23680022BDE81040197B9868F1F7C7
:10CAA0001FBA10BD10B5012200210446FFF7D9FFBF
:10CAB000A36933B9636004F11000BDE81040F7F7D3
:10CAC0003DBC10BD10B5006903688B4206D190F8DB
:10CAD0006C4034B9FFF7E6FF204610BD6FF015003B
:10CAE000FBE76FF00F00F8E738B5056904462964E5
:10CAF00005F12800F7F722FC002285F86C20206958
:10CB00001146BDE83840FFF7ACBF38B502780346A0
:10CB1000002A52D10C69A26E32B9606E6FF07301B7
:10CB2000BDE83840FFF7E0BFE06D40B1216E31B1A4
:10CB3000DB6823B1834202D0616F01F09CFDA36DDD
:10CB4000A56E9BB19D4211D85B1BA3654BBB636C6B
:10CB500008336364A36C013BA36404F1580204F13D
:10CB6000480104F14400FFF748FF6065236E9BB164
:10CB70009D4211D85B1B2366CBB9E36C0833E36499
:10CB8000236D013B236504F1600204F1500104F1BF
:10CB90004C00FFF732FFE065606EBDE83840F1F70A
:10CBA0006DBA636D002BE1D02B446365DEE7E36D66
:10CBB000002BF1D02B44E365EEE738BD08B5F1F763
:10CBC00015FD08BD4FF0FF30704708B503464068BB
:10CBD0001B6993F824208A4207D993F825303BB18A
:10CBE000C9B2F4F7E7FA002008BD6FF01500FBE7C3
:10CBF0006FF00A00F8E7004701F001BB43090AD0D3
:10CC0000012B0BD14FF6FF7300F01F0023FA00F049
:10CC100000F0010070474FF0FF33F5E70020704748
:10CC20002DE9F341019001A8DDE908580C461746AB
:10CC30001E46F2F743FA019B391E18BF012100EB93
:10CC40008300231E18BF0123002E43EA410314BFB3
:10CC50000C210021002D43EA010314BF4FF4E061D1
:10CC60000021B8F1000F43EA0103D0F8002714BFF8
:10CC70004FF4403100210B4322EA030304B124782E
:10CC80000FB13F787F001C430EB13678B6003C43AD
:10CC90008DB1297809023443B8F1000F03D098F818
:10CCA00000804FEA0848214341EA0801C0F8001714
:10CCB00002B0BDE8F0812946EDE71FB50DF10F0385
:10CCC000019300238DF80F1000931A461946FFF7C1
:10CCD000A7FF05B05DF804FB08B50146F2F768FA56
:10CCE00010B10846F2F77EFA00F0010008BD38B531
:10CCF000054608460C46F2F775FAB0B10846F2F759
:10CD000057FA90B90846F2F747FA2A680123834098
:10CD1000C2F808332A6803B202EB8303D3F8102564
:10CD200022F00302C3F8102538BD20460021BDE8DB
:10CD30003840FFF7C2BFF2F739BBFFF7D8BF08464C
:10CD4000F2F7BCBA034608464FF080510A694969B8
:10CD50004A43934208D340B1A3F11023B3F5427F75
:10CD60002CBF002001207047012070474FF08053F6
:10CD70001A695869504370474FF0805318697047DB
:10CD80004FF080535869704770B5A2F58074A408BD
:10CD9000012606FA04F4054614EA010008D0A85852
:10CDA00030B10021A950AA581A6822431A603046AF
:10CDB00070BD2DE9F341002304460D4601939046D2
:10CDC00001AB4FF4A672FFF7DFFF4FF482722946E2
:10CDD0002046FFF7D9FF4FF48C72074629462046BC
:10CDE000FFF7D2FF064630B1B8F1000F1DD017B1E2
:10CDF000D4F83C353E4601AB4FF4887229462046B4
:10CE0000FFF7C2FF30B1B8F1000F03D016B90FB170
:10CE1000D4F83C3501AB4FF4907229462046FFF719
:10CE2000B3FF019802B0BDE8F0814646E3E707B5DD
:10CE3000019001A8F3F70EF9019A01239340C0F87D
:10CE4000083503B05DF804FB07B5019001A8F3F7BE
:10CE500001F9019A01239340C0F80C3503B05DF845
:10CE600004FB91F820200346032A29D8DFE802F0CA
:10CE7000212519028A68500304D5D3F84C25086986
:10CE8000904207D18A6852031AD4D3F84C25896995
:10CE9000914215D000200622C3F80005C3F80025F2
:10CEA0007047D3F84C2508699042F3D1D3F83C255C
:10CEB000EDE7D3F84C250969EAE7D3F83C25FAE712
:10CEC0000120704730B5A2F58075AD080124AC4053
:10CED0000C4207D0815829B10021815082581A682C
:10CEE00022431A6030BD13B500230C4601934FF462
:10CEF000A47201ABFFF7E6FF21464FF48272FFF701
:10CF0000E1FF21464FF49272FFF7DCFF21464FF418
:10CF1000A872FFF7D7FF21464FF4A672FFF7D2FFA2
:10CF200021464FF4B072FFF7CDFF4FF4AE722146A9
:10CF3000FFF7C8FF019802B010BD07B5019001A826
:10CF4000F4F778F9019A01239340C0F8083503B04B
:10CF50005DF804FB4FF48C72002101F0B4BB18B1F2
:10CF60004FF48C71F5F734BA704710B40C46012CAD
:10CF700011461A4606D814B910BCF4F705BD10BC0A
:10CF8000F4F744BB6FF0200010BC70472DE9FF4759
:10CF900001291E468046DDE90C34154658D882B377
:10CFA0002A0758D1002949D10DF110091D44EC463A
:10CFB0001A4603F1100A674610685168E646AEE863
:10CFC000030008325245F446F6D12246194640463F
:10CFD000F4F7DAFCB0B933582258534023500430E8
:10CFE0001028F8D132463B4603CB4B4510605160C8
:10CFF0001F4602F10802F6D1AA45534604F1100477
:10D00000D5D1002004B0BDE8F087C25851F803C064
:10D0100082EA0C02E2500433102BF6D1224621465C
:10D020004046F4F7F3FA0028ECD1103D04F1100368
:10D03000214606D01C460023781BE6E731465F19DF
:10D04000F9E754F8042B46F8042B9C42F9D1D8E7B1
:10D050006FF02000D6E76FF02100D3E710B504464B
:10D06000FFF77DFF2046BDE81040F5F7C3B910B5C6
:10D070004FF48C710120F5F7B7F9044608B1FFF7BA
:10D0800069FF204610BDF4F73DBAF4F76FB9FFF71A
:10D090007DBFFFF76ABF4822002101F014BB10B525
:10D0A000044608B1F5F794F92046BDE81040F5F7BD
:10D0B000A1B908B5F5F7F0FC002818BF6FF004001F
:10D0C00008BD38B5084614461D461146FCF780F8E1
:10D0D00008B92C6038BD6FF08300FBE730B587B02E
:10D0E0001D460DF1170303920024009303AA0DF1CE
:10D0F00016038DF81740F5F783F950B99DF817001E
:10D1000005B128709DF816200399F4F7FBFD07B0D0
:10D1100030BD2046FBE700230B606FF086007047B0
:10D120002DE9F34747683F0ADDE90A9A04460D46B0
:10D130001646984611D1CDE9009A00F01EFE10F176
:10D14000860F0CD14346324629462046CDE90A9A3D
:10D1500002B0BDE8F04700F094BA6FF0860002B06C
:10D16000BDE8F087009BF5F7BBB9009BF5F7B8B9B0
:10D1700038B51C460368154623B1F5F775F900B9B3
:10D18000256038BD6FF08800FBE72DE9F04194B0D1
:10D1900004460D461E464C22002101A8DDF86C8095
:10D1A0001D9F01F090FA214633462A4601A8F5F763
:10D1B00097F9044648B9B8F1000F0DD11C993A46C9
:10D1C00001A8F5F751F9044678B101A8F5F76EF911
:10D1D000204614B0BDE8F0811A99424601A8F5F73F
:10D1E000BFF904460028E9D0EFE71E9B1F60ECE77B
:10D1F00000F4E040B0F5805F04D0A0F50053584241
:10D2000058417047012070473AB1002918BF0023E8
:10D21000D21A2121184401F056BA704738B5134686
:10D220004FF480420D46F5F725FB044640B92868C7
:10D2300043681B0A04D000F04FFD2C606FF085049A
:10D24000204638BD2DE9F04F89B09B4600238DF86C
:10D250001B30159BDDF85080002B91460B460E4687
:10D260000CBF4FF400624FF4806207A9DDE912A7FA
:10D27000F5F700FB044608BB079D0DF11B0229884A
:10D280003046F5F765FB0446C0B99DF81B30BB423C
:10D2900026D868686A6E000A05F1200123D1CDE91D
:10D2A0000338CDE901BACDF8009033462846FFF7A0
:10D2B0006CFF10F1860F044600D008B1C8F800706A
:10D2C000D8F800303A4621465046FFF79DFF0798B0
:10D2D00000F002FD002C18BF204609B0BDE8F08F19
:10D2E0006FF08904EAE76FF08604E7E72DE9F34180
:10D2F000002313604668D0F8148004460F46304679
:10D30000114600F0EBFC054688B9304600F0E8FC19
:10D31000054660B9F6B276B9B8F1000F05D1A0683C
:10D3200020F47F4020F0030060B16FF086052846AE
:10D3300002B0BDE8F0810146606900F0A7FC00285A
:10D34000EDD1F2E762884FF6F8739A4219D894F853
:10D350000480B8F1000F00D101A83946F5F732FC7E
:10D3600005460028E3D10FCC3F683E460FC694E83F
:10D37000030086E80300B8F1000FD8D1019B7B6160
:10D38000D5E76FF08505D2E7434213F07F0306D05F
:10D39000722B24D0712B58DD6FF08300704710F191
:10D3A000720F1CD010F1710F1CDA10F5C44F3DD074
:10D3B0000BDC10F5C64F3CD010F5C54F42D010F530
:10D3C000C74FE9D16FF09600704710F5C34F33D0C7
:10D3D000E2DB10F5C24F35D010F5C14FDCD16FF054
:10D3E0008500704710F13B0F11DA10F13D0F26DA7E
:10D3F00010F16E0FE6D010F1400F20D010F1700F39
:10D4000008BF6FF0920018BF6FF0830070470028CC
:10D4100020D0C1DC10F1210F14D010F1200FDED08C
:10D4200010F1220F08BF6FF08500ECE76FF0950058
:10D4300070476FF0940070476FF08C0070476FF08A
:10D44000930070476FF0860070473B2BC3F10000DC
:10D45000CBDCDFE7704741F2052398421AD8B0F5DC
:10D46000905F09D241F2010398420CD0B0F5885F79
:10D4700009D06FF085007047A0F5905080B2292345
:10D48000C340DB07F5D511F0070F0CBF00206FF08C
:10D4900086007047B0F5105FEBD121F04003802B80
:10D4A00006D0B1F5807F0CBF00206FF0860070477A
:10D4B00000207047F8B504460F4600881E46154602
:10D4C00092B1FFF795FE78B1089BD10019602088D2
:10D4D000FFF7C1FF044628B93946304601F0CBF8C2
:10D4E000079B1D602046F8BD6FF08504FAE72DE923
:10D4F000F04F476885B03F0ADDE90E9ADDF840B08D
:10D5000004460D461646984615D1CDE901ABCDF837
:10D51000009000F0ECFB10F1860F0ED1434632462E
:10D5200029462046CDE90FABCDF8389005B0BDE8CF
:10D53000F04FFFF7BFBF6FF0860005B0BDE8F08F7A
:10D5400010B5436E04461BB141212030F4F740FF73
:10D550000020606610BD38B50546FFF7F1FF2B7E51
:10D56000012B04460ED0023B012B0ED8EB69012B98
:10D5700018BF6FF0960468220021284601F0A3F836
:10D58000204638BDEB69002BF2E76FF09604F2E716
:10D5900013B50446A0B101A9F5F75CFB044678B9C0
:10D5A0000198037E022B0ED1032303760379FF2B10
:10D5B00008BF6FF0840400F07AFB002818BF04460F
:10D5C000204602B010BD6FF09604F4E770B5144623
:10D5D0000288049E10461D46FFF70AFE68B922F431
:10D5E000405044F20103984207D002F44F42B2F592
:10D5F000824F02D0B2F5844F0ED1B4420FD82246EA
:10D60000284601F038F8321B0021281901F05BF898
:10D61000059B00201C6070BD6FF08500FBE76FF07C
:10D620008900F8E72DE9FF4188461F4616462AB3D0
:10D6300000233B60012203A9F5F71CF9044658B901
:10D64000039D6B686A6E1B0A05F1200108D028460D
:10D6500000F042FB6FF08604204604B0BDE8F08184
:10D660004346CDE900672846FFF7B0FF0446284649
:10D6700000F032FB002C08BF0446EDE76FF0890490
:10D68000EAE770B514460288049D02F4E040B0F564
:10D69000804F1CD122F4405644F20100864207D04C
:10D6A00002F44F42B2F5824F02D0B2F5844F0ED150
:10D6B000AC420FD81846224600F0DDFF2A1B00219D
:10D6C000204401F000F8059B00201C6070BD6FF045
:10D6D0008500FBE76FF08900F8E7F0B50F4685B0ED
:10D6E0001E46154612B3002333601A4603A9F5F708
:10D6F000C1F8044638B9039803885B0406D400F0E7
:10D70000EBFA6FF08604204605B0F0BDCDE9005677
:10D710003B46426E00F12001FFF702FD04460398EC
:10D7200000F0DAFA002C08BF0446ECE76FF0890439
:10D73000E9E72DE9F0411F4688B00023CDE9053324
:10D74000064688463B601546002A57D0B2F1005F76
:10D7500057D206AA05A9FFF7C9FD044638B9059AAC
:10D76000536E83B973681B0A07D06FF0860405985F
:10D7700000283FD0FFF7EFFE3CE0412D02D96FF0CB
:10D780008504F4E755665388079307AB029302F1CB
:10D7900064030193536E0093414602F12003304627
:10D7A0002A46FFF7A4FE04460028E0D10599079B0E
:10D7B0004A88D2B94B800799059A4FF6F873994277
:10D7C000DDD8338813B111889942CED1738813B153
:10D7D00051889942C9D153693B60137E012B07D010
:10D7E00000233B606FF09604C1E79A42BDD1E2E7A7
:10D7F00002231376204608B0BDE8F0816FF086045E
:10D80000F8E76FF08504F5E710B50446006868B1E5
:10D8100001280CD104F10800F4F748FE002323602E
:10D82000A38823F4FF7323F00103A38010BD6FF0DE
:10D830008600F3E72DE9F0430C4685B00168984671
:10D840000023054617460393002941D100F108093A
:10D850004C22484600F037FFB8F1000F20463B4607
:10D8600014BF4FF480624FF4006203A9F5F702F889
:10D87000044678BB039E2A1D31883846F5F768F8C0
:10D88000044638BB6B7968F300036B71736E716883
:10D8900006F12002B8F1000F12D0090A21D1009739
:10D8A00031464846FFF75EFC044698B901230398C9
:10D8B0002B6000F011FA0446204605B0BDE8F08365
:10D8C000090A0ED1009731464846FFF74EFCEBE7B8
:10D8D0006FF088042846FFF797FF039800F0FCF9E3
:10D8E000EAE76FF08604F5E70123FFF7A3BF38B539
:10D8F0000546006898B112B90024204638BD0128B9
:10D900000AD105F10800F4F72BFE04460028F3D0F5
:10D910002846FFF779FFF0E76FF08604F8E76FF02D
:10D920008804EAE72DE9F041054600680E461746EF
:10D930009846C8B16A79D20716D52A79A2B1BA42F7
:10D9400015D8012816D105F10800FFF711FC04468F
:10D9500098B10023C8F800702B71A6B92846FFF7CC
:10D9600053FF2046BDE8F0816FF08804F1E76FF0C7
:10D970008904EEE76FF08604EBE726B92846BDE898
:10D98000F041FFF741BF2146D8F800303A46304613
:10D99000FFF73AFC2846FFF737FF002C08BF044684
:10D9A000DFE71FB501240394089C0294079C0194AF
:10D9B000069C0094FFF746FC04B010BD03681943B1
:10D9C0000CBF0120002070472DE9F04786B00746C4
:10D9D0009A460023059307F0FE43B3F1106FDDE98B
:10D9E0000E58109E084691460BD0002D46D135604A
:10D9F000284600F071F96FF08604204606B0BDE8B5
:10DA0000F0873A4605A9FFF709FC044628B175BB23
:10DA10003560059800F060F9EFE705990B8823F071
:10DA2000FF03B3F5E24F02D0B3F5E44F0CD14B88BE
:10DA30000733B8EBD30F07D21DBB3560084600F0A3
:10DA40004BF96FF08904D8E7CDE90186009553467C
:10DA50004A463846F4F7D2FE04463DB9059835608B
:10DA600000F03AF9002C08BF0446C6E760B1414611
:10DA70002846F4F7A5FEC6F80080CAE76FF08604D2
:10DA8000F5E76FF08904F2E7059800F025F9044600
:10DA9000B3E7F4F795BE08B50088DDE90221FFF78A
:10DAA000A7FB20B1BDE808401046F4F789BE6FF02F
:10DAB000850008BD2DE9F04F8BB01F46DDF8508082
:10DAC0000023C8F80030CDE90733438805460E46E9
:10DAD0009146002B00F0D380038803F4E043B3F5B4
:10DAE000804F00F0CC8039463046FFF767FF0028B2
:10DAF00000F0C58008AA07A92846FFF7F7FB0446EF
:10DB000028BB079A6B68526E002A3DD11A0A40F072
:10DB10008980B5F800A069885046FFF769FB78B1A5
:10DB20005046FFF798FC044688B90AF4E043B3F581
:10DB3000805F02D0B3F5005F10D10731CA081DE045
:10DB40002AF0FF03B3F5E24F5FD06FF0850407982A
:10DB5000002800F09080FFF7FEFC8CE00AF44F43B1
:10DB6000B3F5844FE9D047F201039A4531D1490812
:10DB70000131C90801EBC10101F13B020992099B86
:10DB8000079A412BE1D85366079B9A4603F1200B75
:10DB90006B685AF8642F1B0A65D12B88590449D445
:10DBA000CDE9012ACDF800B03B464A463146284629
:10DBB000FFF771FF0446079B002C56D15A69C8F83D
:10DBC00000201A7E012A54D0C8F800406FF0960455
:10DBD000BDE744F201039A4503D1C90801F11002DF
:10DBE000CCE747F202039A4505D1C90801EB410190
:10DBF00001F15A02C2E744F202039A4505D1C9086D
:10DC000001EB410101F14A02B8E72AF0FF00B0F54B
:10DC1000E24F92D0B0F5824F01BFCC1DE408640002
:10DC2000621CABE709A92846FFF775FA04460028ED
:10DC3000A5D08CE703F44F41B1F5824FB0D147F244
:10DC400012118B42ACD16B88B3F5807FA8D15346BB
:10DC500059462846059200F0B7F810F1860F059A4C
:10DC60000446A8D19CE76FF086040798FFF768FC8C
:10DC70006DE702221A7620460BB0BDE8F08F6FF0F8
:10DC80008604F8E71822002100F01DBD03466FF05E
:10DC900040420846591E914207D338B103F1404330
:10DCA00093428CBF0020012070470120704703463B
:10DCB00068B1017E8A1E012A0BD80329C26903D1EB
:10DCC000012A01D1FFF747BC1AB1013ADA610020FD
:10DCD00070476FF096007047FFF7E9BF002070476C
:10DCE000C0B2002814BF6FF0850000207047F8B55F
:10DCF000089F1E463B680D46144663B1B3F5807F0E
:10DD000038D1038844F21212934223D1412C09D016
:10DD10006FF08600F8BD038844F2121293420FD1CF
:10DD2000412C27D1681C00F04AFA0028F0D14FF4AA
:10DD300080733B60069B9C4213D96FF08900E9E732
:10DD400047F21212934215D1202C13D1284600F02D
:10DD500044FAEAE747F2121293420BD1202CD7D1B2
:10DD6000F4E722462946304600F085FC079B002058
:10DD70001C60CFE76FF08500CCE770B5044618460D
:10DD800026886488B4F5807FDDE9043513D147F235
:10DD90001214A6420FD1202A10D1402B11D90423EE
:10DDA00000F8013BF5F780F908B941232B60BDE885
:10DDB0007040F4F765BF6FF0850070BD6FF08600AE
:10DDC000FBE76FF08900F8E730B5202A91B00846EC
:10DDD00014461D4609D16946F5F718F900B92C60BB
:10DDE00011B0BDE83040F4F74BBF6FF0890011B0BF
:10DDF00030BD70B51446202CDDE90426DDE90603AC
:10DE0000089D0CD1412E0AD11F2B0BD90132F5F7F9
:10DE10001FF900B92C60BDE87040F4F731BF6FF016
:10DE2000860070BD6FF08900FBE740F8041B1C22E0
:10DE3000002100F048BCF0B50024054626462046E7
:10DE400052F8247051F82430DB1946EB06071B18F2
:10DE500045F8243004F1010447F10000082CEFD10B
:10DE6000F0BD002370B50646184652F8235051F80D
:10DE70002340641B65EB0505241A46F8234003F193
:10DE8000010365F10005082BC5F10000EDD170BD5F
:10DE900070B504395642041F013A1C3054F8043F4F
:10DEA00051F8045F134035402B4384422360F5D181
:10DEB00070BD002330B50446184654F8232051F8AD
:10DEC000235001336A40082B40EA0200F5D130BDEF
:10DED00070B504460568166800200346E1FB6653EA
:10DEE000256056686568E1FB665365609668A568BD
:10DEF000E1FB6653A560D668E568E1FB6653E56023
:10DF000016692569E1FB6653256156696569E1FB80
:10DF1000665365619669A569E1FB6653A561D5699C
:10DF2000E269E1FB6523E261226A9B1823624041BA
:10DF300070BD10B50438A1F120024B7F0C7F1B048B
:10DF400043EA0463CC7F23438C7F043943EA0423F0
:10DF50008A4240F8043FF0D110BD0B1F1C3153F82A
:10DF6000042F120E02775A8842771A68120A8277B3
:10DF70001A68C2778B42A0F10400F0D1704770B5E7
:10DF800088B01E460446FFF756FF32460546214636
:10DF90006846FFF766FFC0F101022A436946204642
:10DFA000FFF776FF08B070BD2DE9F04F8BB00E463D
:10DFB000074691460021242201A8D3F840A09846A4
:10DFC00000F081FBA6F1040B1C36D9F800305BF899
:10DFD000041F019D4A4601A803FB0155FFF778FF86
:10DFE0000AFB05F504464246294601A8FFF770FFE3
:10DFF00001AA04440823516842F8041B013BFAD1EA
:10E000005E450994E1D1424601A93846FFF729FF50
:10E01000C0F101022243C2F101023846FFF738FF86
:10E020000BB0BDE8F08F0B4601F120020146FFF76F
:10E03000BBBF30B589B004460D4668460121FFF7E5
:10E04000F4FE2B466A4621462046FFF7ADFF09B095
:10E0500030BD38B504461546FFF7E7FE2946204691
:10E06000BDE83840FFF7DFBF2DE9F04389B0144623
:10E07000064601226846FFF70BFF22460121304683
:10E08000FFF7E7FF25682746023D04F11C094FF022
:10E090002008EB0705D523466A4631463046FFF790
:10E0A00083FF23466A4669466846FFF77DFFB8F15D
:10E0B00001084FEA5505ECD14F4502D057F8045FEF
:10E0C000E5E709B0BDE8F08330B589B004461546F0
:10E0D00068460122FFF7DCFE29466846FFF7A9FFE4
:10E0E00069462046FFF739FF09B030BDF0B599B059
:10E0F00004460D461646114668461F46F4F7CCFD09
:10E100003246694608A8F4F7C7FD3A4669466846AC
:10E11000F4F7C2FD08A91E9A0846F4F7BDFD224691
:10E1200069466846F4F700FE08A92A460846F4F74F
:10E13000FBFD6A4631463046F4F7AEFD6A46694655
:10E1400010A8F4F7A9FD6A4610A96846F4F7A4FDE3
:10E1500010A922460846F4F79FFD08AA114620465A
:10E16000F4F79AFD10AA21462046F4F7DDFD10AA27
:10E1700021462046F4F7D8FD6A4621462046F4F7AA
:10E18000D3FD10A922460846F4F7CEFD10A908AA2F
:10E190000846F4F781FD2A4669466846F4F77CFD97
:10E1A0006A4610A92846F4F7BFFD19B0F0BD08B5BE
:10E1B000FFF76FFC003818BF0120404208BD00B5D2
:10E1C00091B0024608A96846F4F7C2FD002818BFBE
:10E1D0006FF0010011B05DF804FB10B588B0014686
:10E1E0006846F4F781FD202104466846F4F7F0F80C
:10E1F000002C0CBF20466FF0020008B010BD08B123
:10E20000D7F7FCBF704740B1C368587810F00100E1
:10E210001EBF1878B0FA80F04009704710B5436906
:10E22000044633B90020E268537843F00103537089
:10E2300010BD98470028F5D00028B8BF4042E368D9
:10E24000FF28A8BFFF201870EDE700F03CBA00F0EF
:10E2500012BA10B400F10C04C0E903440024446174
:10E2600010BCD5F7C9BD8169C26842EA010313F049
:10E2700003030FD103614369013B03FB0122002B20
:10E2800001DA002070470169116081690261013B78
:10E29000521AF4E76FF015007047C0E9032303FB3F
:10E2A00002120023436280F83030836000F12803BB
:10E2B000C0E90621C0E90000C0E90A3341610162FA
:10E2C000704790F90E308B4201D0F7F787BC0020E1
:10E2D000704703460020C3E90200C3E900337047DA
:10E2E00010B5044630B10268930703D0446809B101
:10E2F00000F0BAF9204610BD0023C0E90033836066
:10E3000000F10C03C0E9033300F11403C0E9053345
:10E31000704707B50123009300230A461946F5F715
:10E3200033FE03B05DF804FB07B500230A460093F3
:10E330001946F5F729FE03B05DF804FB00680021DB
:10E34000FFF7CEBF5AB18A4209D300F11003C0E9EA
:10E350000212C0E90000C0E90433002070476FF0EA
:10E3600015007047026801238B4022EA0303036013
:10E3700022FA01F000F001007047704710B5032148
:10E3800004460C30FFF7EEFF30B104F11000F8F74F
:10E39000F7FBB0FA80F0400910BD20B10022114611
:10E3A0008C30F8F753B9704770B5C368C3F34006B3
:10E3B0009B07044616D4856802210C30FFF7D2FF74
:10E3C00080B1D5F884206AB194421DD122689EB9EB
:10E3D000D5F88830C5F884209C4201D1C5F8882042
:10E3E00000232360E36813F01F001EBF43F0020305
:10E3F000E36040F0020070BD3260D5F8882094429E
:10E4000008BFC5F88860EBE716461268DBE710B571
:10E41000F6F78CFB041E08DDEFF31180202383F355
:10E420001288BFF36F8FF7F7F5FC204610BDEFF3AE
:10E430000580003818BF012070476FF05700704703
:10E44000D0E9003213605A600023C0E900337047FE
:10E4500038B504460D46F7F7B9F8637B43F002037D
:10E460006373E5B1A5602B689D4209D16B68C4E96F
:10E4700000531C606C6012E06A689A42F6D01B6818
:10E48000002BF3D094F90E2093F90E108A42F3D0AA
:10E490009142F1DD5A68C4E9003214605C6038BD15
:10E4A00001211838F7F772BA10B50446F7F726FAC3
:10E4B00004F11800BDE81040F8F762BB38B50468F5
:10E4C0000546AC424FF0000000D138BD002CFCD016
:10E4D0002046FFF7E9FF2046F7F7CAF92C6801202C
:10E4E000A542F1E708B50246F8F740FA70B1D0E965
:10E4F00004319B1A61EBE272B3F1004F72F100013B
:10E5000004DA002AACBF1846002008BD6FF00040B6
:10E51000FBE708B5F8F738FC08BDF8F735BCB3F1F0
:10E52000FF3F08BFB2F1FF3F70B506461D461446D7
:10E5300014D01A4316D0002B08DBF8F725FC041979
:10E5400041EB0501C6E90041304670BD6FF00103A3
:10E550001C1B4FF0FF3363EB0501F3E74FF0FF3473
:10E560002146EFE70024FBE7B3F1FF3F08BFB2F11C
:10E57000FF3FF8B5074616461C4610D054EA020382
:10E5800011D0F8F701FCB0420A46A14103460AD275
:10E59000F31A64EB0204C7E900343846F8BD4FF0C3
:10E5A000FF331C46F7E70023FBE710B50446F8F7F6
:10E5B000E7FAA8B9636A0BB12046984704F118003E
:10E5C000F7F7BEFA60B1F7F753F9EFF311802023A4
:10E5D00083F31288BFF36F8FBDE81040F7F71ABCC2
:10E5E00010BD2DE9F041846805460E46D4B163782C
:10E5F000012B22D114F8533C9A0711D5A4F16007DE
:10E600003846FFF751FF082E0CBF6FF003030023BD
:10E61000E36114F8533CDB0602D13846F7F728F9DA
:10E6200000232370EB68C3F386321643002066F3A1
:10E630009433A860EB60BDE8F081022BF0D1237821
:10E64000002BEDD054F8048CB8F1000FE8D004F1A1
:10E650001400F8F795FAA4F114070023E362394691
:10E660004046F6F763FADBE720B1011F50F8040CCF
:10E67000F4F708BF70470A44914200F1FF3300D11C
:10E68000704710B511F8014B03F8014F9142F9D1D1
:10E6900010BD884210B501EB020402D98442234622
:10E6A00007D8431EA14208D011F8012B03F8012F0F
:10E6B000F8E7024401468A4200D110BD13F8014D2B
:10E6C00002F8014DF7E702440346934200D1704738
:10E6D00003F8011BF9E710B501390244904201D15A
:10E6E000002005E0037811F8014FA34201D0181B68
:10E6F00010BD0130F2E710B56AB10139841810F885
:10E70000012B11F8013F9A4203D1A04201D0002A07
:10E71000F5D1D01A10BD1046FCE710B502460144F1
:10E720008A42134603D01C780132002CF8D1181A03
:10E7300010BDF0B5C3F137070446FFB203F01F0365
:10E740001046082BE6B233D0102B3ED06508A40843
:10E7500044EA817445EAC1752D194FEA910242EBF2
:10E760005102290941EA02716D1842EB1212290A7D
:10E7700041EA02616D1842EB1222290C41EA024182
:10E780006D1842EB1242AD1842F10002EC0844EA67
:10E790004274D10804EB8402A6EB4205EDB2092DC8
:10E7A0000CD90134A5F10A0541F10001EDB212E0E6
:10E7B000E40844EA417406F00705C908303554EA14
:10E7C000010200F8015BBCD1F0BD240944EA0174E8
:10E7D00006F00F050909092D84BFED19EDB2EDE72B
:10E7E000D1E9043293421EBF5A1C0A611870704767
:0CE7F0000148006870470000F031002074
:08E7FC00D819FD7F01000000A7
:10E80400ED61000000000000000000009CE8020030
:10E8140035340200000000002D3502000000000025
:10E8240000000000DCE8020000000000BCE8020078
:10E8340000000000FCE80200000000001CE90200E7
:10E8440059E8010000000000C95900000000000060
:10E85400B3D00200000000004D460200000000009A
:10E86400000000007CE90200000000005CE90200F6
:10E87400000000003CE90200000000009CE90200E6
:10E88400A16500000000000000000000BCE90200D7
:08E8940000000000DCE90200B5
:10E89C00782E03009809030018EC0200F006002003
:10E8AC00F44E0020B5C9010000000000000000007B
:10E8BC0057300300B00903009CEB0200F606002061
:10E8CC00E44F0020E9D80100000000000000000027
:10E8DC0065300300C80903009CEB0200F806002019
:10E8EC00F04F0020E9D801000000000000000000FB
:10E8FC001A2F0300000000007CEB0200F20600203F
:10E90C00704F0020E1D0010000000000000000006A
:10E91C00EB300300980A0300FCEB02000007002018
:10E92C007050002039EA01000000000000000000D7
:10E93C0010F60200000000000CEC0200EC060020B7
:10E94C00643F0020000000000000000000000000F8
:10E95C002A2F03000000000084EB0200F4060020C4
:10E96C000000000009D201000000000000000000BF
:10E97C0073300300E0090300C0EB0200FA0600202C
:10E98C00FC4F00200FC9020001C90200000000006A
:10E99C00DE3003002C0A0300F4EB0200FE0600201C
:10E9AC00C40400203DDF01003FCA0200000000004B
:10E9BC000A2E03003409030080090300EE06002030
:10E9CC00344E0020C1C60100000000000000000011
:10E9DC00D030030000000000D8EB0200FC06002041
:10E9EC003050002021DE010000000000000000007B
:10E9FC0011F00100F7CB020000000000C1900200F2
:10EA0C0000000000C1900200250E0200F7CB0200AE
:10EA1C0000000000C190020000000000C190020044
:10EA2C008DF80100F7CB020000000000C19002003D
:10EA3C0000000000C190020000000000C190020024
:10EA4C0000000000C19002000000000015950100BC
:10EA5C00DCE9020059DD0100704F00207DD101007E
:10EA6C000000000069C3010000000000C19002001A
:10EA7C0001120200F7CB02000000000031E6010099
:10EA8C0000000000C190020000000000C1900200D4
:10EA9C0000000000C190020000000000C1900200C4
:10EAAC0000000000C190020000000000C1900200B4
:10EABC00000000004595010000000000C19002001C
:10EACC0000000000C190020000000000C190020094
:10EADC0000000000C1900200D5FE0100F7CB02003F
:10EAEC0000000000C190020000000000C190020074
:10EAFC0000000000C190020000000000C190020064
:10EB0C0000000000C1900200C9060200F7CB020011
:10EB1C0000000000C190020000000000C190020043
:10EB2C0000000000C190020000000000C190020033
:10EB3C0000000000C190020000000000C190020023
:10EB4C0000000000C190020000000000C190020013
:10EB5C0000000000C190020000000000C190020003
:10EB6C0000000000C190020000000000C1900200F3
:08EB7C0061D001008DCF010002
:10EB840081C8020039D401001DD3010001D2010063
:08EB94004DC80200F1D101009F
:10EB9C00D9D60100A9C80200B7C80200CFC802002C
:10EBAC00DBC80200E7C80200B1D50100B5D40100F2
:04EBBC000000000055
:10EBC0005FC902000000000069D9010000000000D8
:08EBD00000000000B5DA0100AD
:10EBD80000000000000000000000000071DD0100DE
:0CEBE8002DDD0100000000000000000016
:08EBF4004DE10100C5CA020059
:10EBFC00E5E90100C5CB020069E90100CBCB0200BD
:0CEC0C007D070100CD040100450401005B
:10EC180015CA010081C702004BC7020000000000AE
:0CEC2800D9C8010000000000000000003E
:10EC340005000000499600000000000006000000E6
:10EC440085C1000000000000040000004D9B00008E
:04EC540000000000BC
:10EC5800D5340000C53400000000000000000000AA
:10EC6800000000000000000000000000000000009C
:10EC780020F1020008000000C0F1020007000000B7
:08EC880040EE0200050000004F
:10EC9000DA1703000000000000000000791E0000E9
:10ECA00000000000000000000B2203000000000034
:10ECB00000000000D96200000565000000000000AF
:10ECC000972B0300010000000000000007B00200C5
:10ECD0000000000000000000732C03000100000091
:10ECE0000000000093B402000000000000000000DB
:10ECF0006B2C030001000000000000007DA9000053
:10ED0000C1B40000000000009C2D030001000000C1
:10ED100000000000D7C4020021D100000000000064
:10ED2000792C03000100000000000000C9AC0000C5
:08ED300069AE000000000000C4
:10ED4000803E00001000000A600700200000000064
:10ED5000401F000000000000020000000200000050
:10ED600001820200A53100000D3100000000010009
:10ED70000000000003000000300000006000000000
:10ED80000000000000010602010000000001020175
:10ED9000040404041800280000002A000103006293
:10EDA000746C65000000000000000000000000001E
:10EDB0000000000000000000000000000000000053
:10EDC0000000000000000000000000000000000043
:10EDD0000001000000000000000000000000000032
:10EDE0000338FDD870470000DCE802001100000085
:10EDF000DCE8020017000000BCE802000800100078
:10EE0000DCE8020008001100DCE802000600000057
:10EE10009CE9020000127A0000010000DCE8020018
:10EE20000F0001000000000009040000F6170300B5
:10EE300001010000EB05002007100000DB050020A9
:10EE400068140300D9B3020000000000D8060020B7
:10EE500000000100641403001DB80200000000005F
:10EE6000B801002000000100C706002000000000DB
:10EE70004D3A00000000000000000800601403008C
:10EE80001DB8020000000000B001002000000100D9
:10EE9000B6060020F534000000000000000000006D
:10EEA000000004000200000000000000000000005C
:10EEB00000800F005CE902000100000000800F00EC
:10EEC000008000005CE9020000000020000000005B
:10EED00000000B0602000000DCEE02000000000053
:10EEE000411F03002600020200000020491F03000A
:10EEF00022000B11215B0000000000002F91020096
:10EF0000F4EE02000CEF020000010000F82D0120D9
:10EF1000F4EE02001CEF02002E000000483B01202E
:10EF2000F4EE02002CEF0200020100001C3C012064
:10EF30000E030000B17300000F040000ED73000029
:10EF40001A010000DB930200050400007168000054
:10EF500013010000516B0000FF0100001169000067
:10EF60003E010000316900000504000069940200C0
:10EF700008040000F5960200300300009596020098
:10EF800010010000C394020001120000C5720000CD
:10EF90000A1E000063990200030900009D9502000B
:10EFA000040B0000CB940200060A00004D980200FA
:10EFB000070A0000AB9402000C05000091940200C7
:10EFC000050C000085970200F4EE0200D4EF020069
:10EFD00047000000383D0120F4EE0200E4EF02009B
:10EFE00000000000583E0120F4EE0200F4EF0200A1
:10EFF00000010000803E012007A2020009A20200D9
:10F0000000000000000000000000000005A4020055
:10F0100000000000000000000000000000000000F0
:10F020000202010087AD02000404010075A5000082
:10F0300006060100B5A4000008040100A1A3000019
:10F040000A0201006FAD02000C04010057AD02007E
:10F050000E04010075A2000020040100D9A10000E7
:10F0600010040100E9A0000012020100C1AC02007E
:10F0700016040100E9A40200180101009BA9020086
:10F080001E00040025AE020052020000E7AC0200A0
:10F0900001040200D1A600000302020029AE020012
:10F0A00005010200F3AD020007040200FDAD0200FD
:10F0B0000901020001AE02000B00020005AE0200D1
:10F0C0000D00020009AE02000F0002000DAE0200AA
:10F0D0002102020011AE02001101020015AE020071
:10F0E0001300020019AE0200170402001DAE020058
:10F0F0001900020021AE02001B020300FFA402005F
:10F100001D02050053AC020023040300EDA402001D
:10F11000F4EE02001CF1020002010000F84101209F
:10F1200098140300D9B302000000000094140300F7
:10F1300000000100901403001DB802000000000050
:10F14000E00200200000010088140300000000001D
:10F150000000000000000000000000008414030014
:10F16000ABB3020061AF0000E80200200000030022
:10F17000801403001DB8020000000000D802002027
:10F18000000001007814030011B4020071B2020003
:10F190000000000000000300741403001DB802000A
:10F1A00000000000D0020020000001006C140300E9
:10F1B000CDB30000000000000000000000000100CE
:10F1C000C4140300D9B3020000000000C0140300FF
:10F1D00000000100BC1403001DB802000000000084
:10F1E0001003002000000100B414030041B4020029
:10F1F000000000000000000000000100B014030047
:10F200001DB80200000000000803002000000100FB
:10F21000A81403006BB4020000000000000000000E
:10F2200000000100A41403001DB80200000000004B
:10F2300000030020000001009C140300DDAD00006D
:10F2400000000000000000000000010079C600007E
:10F2500053C302007DCE000000000000000000004B
:10F2600095CC00000000000000000000000000003D
:10F2700000000000000000000000000035C7000092
:10F28000060000005DC0020006000000FDBF020095
:10F2900010000000B1C200001000000009C302000D
:10F2A00001000000ABBC02001000000059C00200C9
:10F2B0000A00000089BD02001000000019CD000006
:10F2C0000700000061C00200100000002FBD020016
:10F2D00001000000D1C5000040000000A1BF0200F5
:10F2E000100000007DBD020001000000574553548E
:10F2F0005F544F504449522F7A65706879722F736A
:10F3000075627379732F626C7565746F6F74682F93
:10F31000636F6E74726F6C6C65722F7469636B656A
:10F32000722F7469636B65722E6300007469636B7E
:10F3300065725F726573636865642D3E7469636BA3
:10F34000735F746F5F657870697265203D3D203032
:10F3500055000000415353455254494F4E204641F9
:10F36000494C205B25735D20402025733A25640AB3
:10F370000000000028287469636B65725F72657312
:10F3800063686564292D3E6578745F6461746120EB
:10F3900026262028287469636B65725F7265736323
:10F3A000686564292D3E6578745F646174612D3EE3
:10F3B0007469636B735F736C6F745F77696E646F8E
:10F3C0007720213D203055292900000069000000E8
:10F3D000574553545F544F504449522F7A657068D3
:10F3E00079722F7375627379732F626C7565746FA0
:10F3F0006F74682F636F6E74726F6C6C65722F6CB4
:10F400006C5F73772F756C6C2E63000021657272D0
:10F410000000000072780000756C6C5F7265665FBA
:10F4200067657428756C6C5F686472290000000061
:10F430003000000072656C65617365203D3D20649D
:10F440006F6E65002172657476616C0064656C7422
:10F4500061203C3D2030207C7C206D656D5F6C69B7
:10F460006E6B5F72782E71756F74615F706475205A
:10F470003C20282833202B2030202B203129202B02
:10F48000202832202A20283129292900636F6E6E16
:10F490005F6C6C6C0000000021636F6E6E5F6C6CC3
:10F4A0006C2D3E6C696E6B5F74785F66726565008B
:10F4B0006D656D715F6C696E6B00000072782D3E3A
:10F4C0006864722E7479706520213D204E4F44454A
:10F4D0005F52585F545950455F4E4F4E45000000F3
:10F4E0002163632D3E7374617475730072785F6677
:10F4F0007265652D3E6864722E7479706520213DB9
:10F50000204E4F44455F52585F545950455F4E4F0F
:10F510004E450000636F6E6E20213D202828766FD7
:10F520006964202A2930290021636F6E6E2D3E6C9C
:10F530006C6C2E6C696E6B5F74785F6672656500CB
:10F5400021726574000000006C6F6F700000000095
:10F55000574553545F544F504449522F7A65706851
:10F5600079722F7375627379732F626C7565746F1E
:10F570006F74682F636F6E74726F6C6C65722F6C32
:10F580006C5F73772F6C6C6C5F636F6D6D6F6E2E3D
:10F590006300000021657272207C7C2065727220FD
:10F5A0003D3D202D31313900574553545F544F5064
:10F5B0004449522F7A65706879722F737562737936
:10F5C000732F626C7565746F6F74682F636F6E74E0
:10F5D000726F6C6C65722F6863692F6863695F6412
:10F5E00072697665722E6300657272203D3D20302F
:10F5F0000000000042542043544C522052582070C6
:10F600007269000042542043544C5220525800006A
:10F6100062745F6863695F636F6E74726F6C6C6550
:10F62000720000005A6570687972204F532076345A
:10F630002E322E3000000000574553545F544F5077
:10F640004449522F7A65706879722F7375627379A5
:10F65000732F626C7565746F6F74682F636F6E744F
:10F66000726F6C6C65722F6863692F6863692E63B3
:10F67000000000002828282875696E747074725F75
:10F6800074296E6F6465292025205F5F616C69674E
:10F690006E6F6628737472756374206E6F64655F35
:10F6A00072785F63632929203D3D203029000000E6
:10F6B0002828282875696E747074725F74296E6FBB
:10F6C0006465292025205F5F616C69676E6F66281D
:10F6D000737472756374206E6F64655F72785F63B4
:10F6E000752929203D3D20302900000057455354FD
:10F6F0005F544F504449522F7A65706879722F7366
:10F7000075627379732F626C7565746F6F74682F8F
:10F71000636F6E74726F6C6C65722F6C6C5F737755
:10F720002F756C6C5F6164762E63000068616E6497
:10F730006C65203C2031000028726574203D3D201E
:10F740003029207C7C2028726574203D3D203229A0
:10F75000000000006164762D3E6C696E6B5F636330
:10F760005F667265650000006164762D3E6E6F64B1
:10F77000655F72785F63635F6672656500000000B5
:10F78000216864722D3E64697361626C65645F63B5
:10F7900062000000737461747573203D3D20302059
:10F7A0007C7C20706172616D203D3D20756C6C5FCA
:10F7B00064697361626C655F6D61726B5F676574CC
:10F7C0002829207C7C2028636F6E6E6563746162DB
:10F7D0006C6520262620216164762D3E6C6C6C2E93
:10F7E000636F6E6E29207C7C20300000216C6C6C75
:10F7F0002D3E6C696E6B5F74785F667265650000A4
:10F800006D61726B203D3D206164760021657272EE
:10F81000207C7C2028657272203D3D202D313230C5
:10F82000290000007265660028726574203D3D2045
:10F830003029207C7C2028726574203D3D203229AF
:10F84000207C7C202866705F6F705F66756E632019
:10F850003D3D202828766F6964202A293029290017
:10F860007064752D3E6C656E203E3D205F5F627555
:10F87000696C74696E5F6F66667365746F66202865
:10F88000737472756374207064755F6164765F6110
:10F8900064765F696E642C206461746129000000E5
:10F8A00028696478203D3D206964785F74657374CD
:10F8B000290000000950726F6261626C652041444A
:10F8C000204461746120436F7272757074696F6E49
:10F8D0002E0A0A00574553545F544F504449522F43
:10F8E0007A65706879722F7375627379732F626CA1
:10F8F0007565746F6F74682F636F6E74726F6C6C64
:10F9000065722F6C6C5F73772F756C6C5F636F6EB5
:10F910006E2E630074785F627566000072782D3E0B
:10F920006864722E6C696E6B000000007374617401
:10F930007573203D3D203000737461747573203DF4
:10F940003D2030207C7C20706172616D203D3D2027
:10F95000756C6C5F7570646174655F6D61726B5F0F
:10F960006765742829207C7C20706172616D203D60
:10F970003D20756C6C5F64697361626C655F6D617D
:10F98000726B5F67657428290000000070203D3DA0
:10F9900020706172616D0000287469636B65725F2D
:10F9A000737461747573203D3D203029207C7C2068
:10F9B000287469636B65725F737461747573203D3D
:10F9C0003D20322900000000657272203D3D20304C
:10F9D000207C7C20657272203D3D202D313230002C
:10F9E00009706172616D313A202575207061726114
:10F9F0006D323A2025750A00636F6E6E2D3E6C6C79
:10FA00006C2E68616E646C6520213D20307846461E
:10FA100046460000287469636B65725F7374617495
:10FA20007573203D3D203029207C7C20287469633B
:10FA30006B65725F737461747573203D3D2032296C
:10FA4000207C7C202828766F6964202A29636F6EC9
:10FA50006E5F6C6C203D3D20756C6C5F64697361FA
:10FA6000626C655F6D61726B5F6765742829290040
:10FA70006C6C6C5F747800007064755F74782D3EF8
:10FA80006C656E00216C696E6B2D3E6E657874003E
:10FA9000574553545F544F504449522F7A6570680C
:10FAA00079722F7375627379732F626C7565746FD9
:10FAB0006F74682F636F6E74726F6C6C65722F6CED
:10FAC0006C5F73772F756C6C5F6C6C63705F656EC9
:10FAD000632E63006E746600574553545F544F5055
:10FAE0004449522F7A65706879722F737562737901
:10FAF000732F626C7565746F6F74682F636F6E74AB
:10FB0000726F6C6C65722F6C6C5F73772F756C6C99
:10FB10005F6C6C63705F7068792E63006E74662D25
:10FB20003E6864722E74797065203D3D204E4F44CE
:10FB3000455F52585F545950455F52455441494EB4
:10FB4000000000006374782D3E6E6F64655F72651F
:10FB5000662E7478000000006374782D3E64617432
:10FB6000612E70752E6E74665F646C655F6E6F6477
:10FB700065000000636F6E6E2D3E6C6C6C2E726FB4
:10FB80006C65203D3D20307830310000574553549E
:10FB90005F544F504449522F7A65706879722F73C1
:10FBA00075627379732F626C7565746F6F74682FEB
:10FBB000636F6E74726F6C6C65722F6C6C5F7377B1
:10FBC0002F756C6C5F6C6C63702E63006374782DA2
:10FBD0003E6F776E657200006374782D3E6E6F64C1
:10FBE000655F7265662E72780000000063747800AD
:10FBF0001D4A01002D4A01003D4A01004D4A010005
:10FC000000000000000000005D4A0100054B0100FB
:10FC10006D4A010000000000154B010000000000CB
:10FC20007D4A0100254B0100000000008D4A0100C3
:10FC3000354B01009D4A0100454B0100554B010029
:10FC4000654B0100754B0100854B0100954B010090
:10FC5000AD4A0100000000000000000000000000AC
:10FC60000000000000000000F54A01005745535411
:10FC70005F544F504449522F7A65706879722F73E0
:10FC800075627379732F626C7565746F6F74682F0A
:10FC9000636F6E74726F6C6C65722F6C6C5F7377D0
:10FCA0002F756C6C5F6C6C63705F636F6D6D6F6EE6
:10FCB0002E6300006374782D3E70726F63203D3DAB
:10FCC0002050524F435F5445524D494E41544500D8
:10FCD0006374782D3E70726F63203D3D2050524F0B
:10FCE000435F444154415F4C454E4754485F555033
:10FCF0004441544500000000574553545F544F5051
:10FD00004449522F7A65706879722F7375627379DE
:10FD1000732F626C7565746F6F74682F636F6E7488
:10FD2000726F6C6C65722F6C6C5F73772F756C6C77
:10FD30005F6C6C63705F6C6F63616C2E63000000BE
:10FD400063747820213D202828766F6964202A2951
:10FD5000302900006374785F686561646572203DD6
:10FD60003D206374780000006374782D3E6E6F64EC
:10FD7000655F7265662E7278203D3D202828766F7B
:10FD80006964202A293029207C7C206374782D3EE8
:10FD90006E6F64655F7265662E72782D3E68647260
:10FDA0002E7479706520213D204E4F44455F525896
:10FDB0005F545950455F52455441494E0000000080
:10FDC000574553545F544F504449522F7A657068D9
:10FDD00079722F7375627379732F626C7565746FA6
:10FDE0006F74682F636F6E74726F6C6C65722F6CBA
:10FDF0006C5F73772F756C6C5F6C6C63705F636F97
:10FE00006E6E5F7570642E63000000006374782D61
:10FE10003E6E6F64655F7265662E7278203D3D2090
:10FE20002828766F6964202A2930290057455354C1
:10FE30005F544F504449522F7A65706879722F731E
:10FE400075627379732F626C7565746F6F74682F48
:10FE5000636F6E74726F6C6C65722F6C6C5F73770E
:10FE60002F756C6C5F6C6C63705F63686D752E636F
:10FE700000000000574553545F544F504449522FDF
:10FE80007A65706879722F7375627379732F626CFB
:10FE90007565746F6F74682F636F6E74726F6C6CBE
:10FEA00065722F6C6C5F73772F756C6C5F6C6C6315
:10FEB000705F72656D6F74652E63000008020B023F
:10FEC0000A0305020000000000000000020200001A
:10FED0000602000004030000000009030000000007
:10FEE000010300000C0300000703000000000000F5
:10FEF00000000000574553545F544F504449522F5F
:10FF00007A65706879722F7375627379732F626C7A
:10FF10007565746F6F74682F636F6E74726F6C6C3D
:10FF200065722F6C6C5F73772F756C6C5F70657288
:10FF30006970686572616C2E630000007469636BA0
:10FF400065725F737461747573203D3D20300000ED
:10FF500073746174757320213D2031207C7C207086
:10FF60006172616D203D3D20756C6C5F64697361E9
:10FF7000626C655F6D61726B5F6765742829000054
:10FF8000574553545F544F504449522F7A65706817
:10FF900079722F696E636C7564652F7A6570687904
:10FFA000722F7379732F627974656F726465722E24
:10FFB00068000000282870737263203C207064730E
:10FFC00074202626202870737263202B206C656EA7
:10FFD00067746829203C3D207064737429207C7C00
:10FFE000202870737263203E20706473742026266C
:10FFF000202870647374202B206C656E67746829E8
:020000023000CC
:10000000203C3D20707372632929000009536F75ED
:1000100072636520616E642064657374696E6174D7
:10002000696F6E2062756666657273206D75737494
:10003000206E6F74206F7665726C61700A0000002C
:10004000574553545F544F504449522F7A65706856
:1000500079722F7375627379732F626C7565746F23
:100060006F74682F636F6E74726F6C6C65722F6C37
:100070006C5F73772F756C6C5F66696C7465722E3C
:1000800063000000726C5F696478203C20380000D7
:10009000726C5B726C5F6964785D2E74616B656E07
:1000A00000000000726C5B726C5F6964785D2E7298
:1000B0007061735F72656164790000006465766DDC
:1000C000617463685F6964203C20282873697A65DD
:1000D0005F742920282828696E74292073697A653D
:1000E0006F6628636861725B31202D2032202A20E0
:1000F0002128215F5F6275696C74696E5F74797025
:1001000065735F636F6D70617469626C655F7028A1
:100110005F5F747970656F665F5F2866616C292C1C
:10012000205F5F747970656F665F5F28262866615F
:100130006C295B305D2929295D29202D203129205A
:100140002B202873697A656F662866616C29202FD9
:100150002073697A656F66282866616C295B305D5B
:10016000292929290000000066616C5B6465766DB1
:10017000617463685F69645D2E74616B656E000015
:100180006465766D617463685F6964203C2028282B
:1001900073697A655F742920282828696E7429207C
:1001A00073697A656F6628636861725B31202D2000
:1001B00032202A202128215F5F6275696C74696E84
:1001C0005F74797065735F636F6D70617469626C81
:1001D000655F70285F5F747970656F665F5F287216
:1001E0006C292C205F5F747970656F665F5F2826CD
:1001F00028726C295B305D2929295D29202D203149
:1002000029202B202873697A656F6628726C292053
:100210002F2073697A656F662828726C295B305DC0
:100220002929292900000000726C5B695D2E746128
:100230006B656E0069726B6D617463685F696420E1
:100240003C20706565725F69726B5F636F756E7479
:100250000000000069203C2038000000574553543E
:100260005F544F504449522F7A65706879722F73EA
:1002700075627379732F626C7565746F6F74682F14
:10028000636F6E74726F6C6C65722F666C617368ED
:100290002F736F635F666C6173685F6E72665F7405
:1002A00069636B65722E6300094661696C65642041
:1002B000746F2073746F7020707265706172652046
:1002C0007469636B65722E0A0A00000028726574F7
:1002D000203D3D2030207C7C20726574203D3D20F7
:1002E00032290000094661696C656420746F2072D0
:1002F0006571756573742074686520776F726B2003
:100300007469636B657220746F2073746F702E0A4A
:100310000A000000094661696C656420746F2073EF
:10032000746F70207469636B65722E0A0A00000096
:100330006C6C5F726164696F5F73746174655F692F
:10034000735F69646C6528290000000009526164CC
:10035000696F206973206F6E20647572696E672003
:10036000666C617368206F7065726174696F6E2E60
:100370000A0A000028737461747573203D3D2030B3
:10038000207C7C20737461747573203D3D2031297D
:1003900000000000094661696C656420746F207379
:1003A000746F7020776F726B207469636B65722C49
:1003B000207469636B6572206A6F6220627573795D
:1003C0002E0A0A00574553545F544F504449522F48
:1003D0007A65706879722F7375627379732F626CA6
:1003E0007565746F6F74682F636F6E74726F6C6C69
:1003F00065722F6C6C5F73772F6E6F726469632FF9
:100400006C6C6C2F6C6C6C2E6300000070726565F8
:100410006D70745F726571203D3D20707265656D11
:1004200070745F61636B0000707265656D70745FFE
:1004300073746172745F72657120213D2070726502
:10044000656D70745F73746172745F61636B0000DB
:10045000707265656D70745F73746F705F726571D3
:1004600020213D20707265656D70745F73746F70CC
:100470005F61636B00000000707265656D70745F92
:1004800072657120213D20707265656D70745F61C9
:10049000636B0000707265656D70745F61636B20E3
:1004A000213D20707265656D70745F72657100002A
:1004B00072656164792D3E707265706172655F70FE
:1004C0006172616D2E706172616D203D3D207061C1
:1004D00072616D00697465720000000065727220BF
:1004E0003D3D202D31343000574553545F544F501B
:1004F0004449522F7A65706879722F696E636C7502
:1005000064652F7A65706879722F64726976657296
:10051000732F656E74726F70792E68006170692D2B
:100520003E6765745F656E74726F707920213D203F
:100530002828766F6964202A293029000943616CD4
:100540006C6261636B20706F696E74657220736892
:100550006F756C64206E6F74206265204E554C4C34
:100560000A00000021706172616D000021706172EB
:10057000616D207C7C206E65787400006576656E08
:10058000742E637572722E61626F72745F636200A3
:100590006576646F6E650000657272203E3D2030A6
:1005A000000000006E657874000000002172656133
:1005B0006479207C7C202672656164792D3E70729E
:1005C00065706172655F706172616D203D3D207084
:1005D0007265706172655F706172616D000000002C
:1005E000F401FA00960064004B0032001E00140073
:1005F000574553545F544F504449522F7A657068A1
:1006000079722F7375627379732F626C7565746F6D
:100610006F74682F636F6E74726F6C6C65722F6C81
:100620006C5F73772F6E6F726469632F6C6C6C2FC5
:100630006C6C6C5F6164762E630000006E6F6465A5
:100640005F72780021726164696F5F69735F7265C0
:100650006164792829000000700000006368616E01
:1006600000000000706475007363616E5F706475F4
:10067000000000000925733A2041637475616C2005
:100680004556454E545F4F564552484541445F5389
:10069000544152545F5553203D2025750A000000F7
:1006A000707265706172655F6362000057455354F4
:1006B0005F544F504449522F7A65706879722F7396
:1006C00075627379732F626C7565746F6F74682FC0
:1006D000636F6E74726F6C6C65722F6C6C5F737786
:1006E0002F6E6F726469632F6C6C6C2F6C6C6C5F17
:1006F000636F6E6E2E63000021726164696F5F69C3
:10070000735F61646472657373282900646F6E653A
:10071000000000006C6C6C2D3E68616E646C65209E
:10072000213D203078464646460000005745535448
:100730005F544F504449522F7A65706879722F7315
:1007400075627379732F626C7565746F6F74682F3F
:10075000636F6E74726F6C6C65722F6C6C5F737705
:100760002F6E6F726469632F6C6C6C2F6C6C6C5F96
:100770007065726970686572616C2E6300000000BC
:10078000707265706172655F636200005745535413
:100790005F544F504449522F7A65706879722F73B5
:1007A00075627379732F626C7565746F6F74682FDF
:1007B000636F6E74726F6C6C65722F6C6C5F7377A5
:1007C0002F6E6F726469632F68616C2F6E7266356D
:1007D0002F636E74722E63005F726566636F756E51
:1007E00074000000574553545F544F504449522FF2
:1007F0007A65706879722F7375627379732F626C82
:100800007565746F6F74682F636F6E74726F6C6C44
:1008100065722F6C6C5F73772F6E6F726469632FD4
:1008200068616C2F6E7266352F6D6179666C792EFA
:1008300063000000574553545F544F504449522FB2
:100840007A65706879722F7375627379732F626C31
:100850007565746F6F74682F636F6E74726F6C6CF4
:1008600065722F6C6C5F73772F6E6F726469632F84
:1008700068616C2F6E7266352F7469636B65722EBA
:1008800063000000757365725F6964203C207369C2
:100890007A656F662863616C6C65725F69645F6C12
:1008A0007574290063616C6C65725F696420213D19
:1008B0002030000001030405574553545F544F5046
:1008C0004449522F7A65706879722F737562737913
:1008D000732F626C7565746F6F74682F636F6E74BD
:1008E000726F6C6C65722F6C6C5F73772F6E6F72AA
:1008F0006469632F68616C2F6E7266352F65636261
:100900002E63000040420F000000000840BF0F00AF
:1009100000004008F84710000000800898C8120046
:1009200000008009008813000000000A0857140026
:100930000000800A59C7010001000000000000000B
:100940000000000000004008282807000101000006
:100950005C090300010000000000000000D001401D
:100960006809030001000000700903000200000094
:10097000040000140500001500D001400000000034
:10098000E1C4010051C4010073C602009DC801000A
:100990008DC901000000000029CB010051CA0100EF
:1009A00065C7020071C702000400000000FF0000DC
:1009B000FFFF0000000300500000000001000000E5
:1009C0000060004000000000FFFFFFFF000000503B
:1009D0000000000000000000006000400000000077
:1009E0000030004000000000000000000000000097
:1009F000000098010000010131D901001000000041
:100A000005C90200100A0300A3610020FFFF0000D7
:100A1000003000401C0A030001000000240A03000B
:100A2000020000001B00000B1A00000C0030024006
:100A30000000000000127A0000000000000000002A
:100A400000000000FFFFFFFF0000FF0000000000AB
:100A50000000000101000000F1C90200FFFF0000DA
:100A6000700A0300FFFFFFFF00000000000000000D
:100A7000003002407C0A030001000000840A0300E9
:100A800003000000100000040E0000050D00000629
:100A9000DCE802000F00010000000140000000003F
:100AA0000100000002000000040000000800000037
:100AB0001000000020000000400000008000000046
:100AC0001B0000003600000051F4A7507E41655322
:100AD0001A17A4C33A275E963BAB6BCB1F9D45F11B
:100AE000ACFA58AB4BE303932030FA55AD766DF674
:100AF00088CC7691F5024C254FE5D7FCC52ACBD79B
:100B000026354480B562A38FDEB15A4925BA1B67EA
:100B100045EA0E985DFEC0E1C32F7502814CF012CC
:100B20008D4697A36BD3F9C6038F5FE715929C950B
:100B3000BF6D7AEB955259DAD4BE832D587421D308
:100B400049E069298EC9C84475C2896AF48E7978EA
:100B500099583E6B27B971DDBEE14FB6F088AD17ED
:100B6000C920AC667DCE3AB463DF4A18E51A3182FB
:100B70009751336062537F45B16477E0BB6BAE84BD
:100B8000FE81A01CF9082B94704868588F45FD1908
:100B900094DE6C87527BF8B7AB73D323724B02E2BF
:100BA000E31F8F576655AB2AB2EB28072FB5C20358
:100BB00086C57B9AD33708A5302887F223BFA5B214
:100BC00002036ABAED16825C8ACF1C2BA779B49215
:100BD000F307F2F04E69E2A165DAF4CD0605BED561
:100BE000D134621FC4A6FE8A342E539DA2F355A0B1
:100BF000058AE132A4F6EB750B83EC394060EFAA6D
:100C00005E719F06BD6E10513E218AF996DD063D4C
:100C1000DD3E05AE4DE6BD4691548DB571C45D0512
:100C20000406D46F605015FF1998FB24D6BDE997D0
:100C3000894043CC67D99E77B0E842BD07898B884D
:100C4000E7195B3879C8EEDBA17C0A477C420FE9E3
:100C5000F8841EC90000000009808683322BED480D
:100C60001E1170AC6C5A724EFD0EFFFB0F8538568C
:100C70003DAED51E362D39270A0FD964685CA621F2
:100C80009B5B54D124362E3A0C0A67B19357E70F79
:100C9000B4EE96D21B9B919E80C0C54F61DC20A212
:100CA0005A774B691C121A16E293BA0AC0A02AE5B9
:100CB0003C22E043121B171D0E090D0BF28BC7AD32
:100CC0002DB6A8B9141EA9C857F11985AF75074CE0
:100CD000EE99DDBBA37F60FDF701269F5C72F5BC3A
:100CE00044663BC55BFB7E348B432976CB23C6DC55
:100CF000B6EDFC68B8E4F163D731DCCA4263851015
:100D00001397224084C61120854A247DD2BB3DF82A
:100D1000AEF93211C729A16D1D9E2F4BDCB230F305
:100D20000D8652EC77C1E3D02BB3166CA970B9993C
:100D3000119448FA47E96422A8FC8CC4A0F03F1A39
:100D4000567D2CD8223390EF87494EC7D938D1C170
:100D50008CCAA2FE98D40B36A6F581CFA57ADE28E0
:100D6000DAB78E263FADBFA42C3A9DE45078920DA1
:100D70006A5FCC9B547E4662F68D13C290D8B8E869
:100D80002E39F75E82C3AFF59F5D80BE69D0937C3C
:100D90006FD52DA9CF2512B3C8AC993B10187DA7EC
:100DA000E89C636EDB3BBB7BCD2678096E5918F45B
:100DB000EC9AB701834F9AA8E6956E65AAFFE67E86
:100DC00021BCCF08EF15E8E6BAE79BD94A6F36CECB
:100DD000EA9F09D429B07CD631A4B2AF2A3F23318F
:100DE000C6A5943035A266C0744EBC37FC82CAA634
:100DF000E090D0B033A7D815F104984A41ECDAF767
:100E00007FCD500E1791F62F764DD68D43EFB04D16
:100E1000CCAA4D54E49604DF9ED1B5E34C6A881BFE
:100E2000C12C1FB84665517F9D5EEA04018C355D7B
:100E3000FA877473FB0B412EB3671D5A92DBD252B3
:100E4000E91056336DD647139AD7618C37A10C7AC7
:100E500059F8148EEB133C89CEA927EEB761C9353A
:100E6000E11CE5ED7A47B13C9CD2DF5955F2733F66
:100E70001814CE7973C737BF53F7CDEA5FFDAA5B6D
:100E8000DF3D6F147844DB86CAAFF381B968C43E96
:100E90003824342CC2A3405F161DC372BCE2250C5B
:100EA000283C498BFF0D954139A80171080CB3DE30
:100EB000D8B4E49C6456C1907BCB8461D532B670C3
:100EC000486C5C74D0B85742C66363A5F87C7C84D8
:100ED000EE777799F67B7B8DFFF2F20DD66B6BBDCB
:100EE000DE6F6FB191C5C55460303050020101030F
:100EF000CE6767A9562B2B7DE7FEFE19B5D7D762C3
:100F00004DABABE6EC76769A8FCACA451F82829DBE
:100F100089C9C940FA7D7D87EFFAFA15B25959EBB4
:100F20008E4747C9FBF0F00B41ADADECB3D4D467AD
:100F30005FA2A2FD45AFAFEA239C9CBF53A4A4F7D8
:100F4000E47272969BC0C05B75B7B7C2E1FDFD1C31
:100F50003D9393AE4C26266A6C36365A7E3F3F410F
:100F6000F5F7F70283CCCC4F6834345C51A5A5F477
:100F7000D1E5E534F9F1F108E2717193ABD8D8739A
:100F8000623131532A15153F0804040C95C7C75226
:100F9000462323659DC3C35E30181828379696A153
:100FA0000A05050F2F9A9AB50E0707092412123663
:100FB0001B80809BDFE2E23DCDEBEB264E272769CD
:100FC0007FB2B2CDEA75759F1209091B1D83839EFE
:100FD000582C2C74341A1A2E361B1B2DDC6E6EB254
:100FE000B45A5AEE5BA0A0FBA45252F6763B3B4D9E
:100FF000B7D6D6617DB3B3CE5229297BDDE3E33E7C
:101000005E2F2F7113848497A65353F5B9D1D168FD
:1010100000000000C1EDED2C40202060E3FCFC1F2F
:1010200079B1B1C8B65B5BEDD46A6ABE8DCBCB46F5
:1010300067BEBED97239394B944A4ADE984C4CD4BB
:10104000B05858E885CFCF4ABBD0D06BC5EFEF2A58
:101050004FAAAAE5EDFBFB16864343C59A4D4DD733
:1010600066333355118585948A4545CFE9F9F910E2
:1010700004020206FE7F7F81A05050F0783C3C4481
:10108000259F9FBA4BA8A8E3A25151F35DA3A3FEED
:10109000804040C0058F8F8A3F9292AD219D9DBCBC
:1010A00070383848F1F5F50463BCBCDF77B6B6C1DB
:1010B000AFDADA754221216320101030E5FFFF1A04
:1010C000FDF3F30EBFD2D26D81CDCD4C180C0C14B4
:1010D00026131335C3ECEC2FBE5F5FE1359797A263
:1010E000884444CC2E17173993C4C45755A7A7F288
:1010F000FC7E7E827A3D3D47C86464ACBA5D5DE7A4
:101100003219192BE6737395C06060A0198181981C
:101110009E4F4FD1A3DCDC7F44222266542A2A7ED4
:101120003B9090AB0B8888838C4646CAC7EEEE296D
:101130006BB8B8D32814143CA7DEDE79BC5E5EE23F
:10114000160B0B1DADDBDB76DBE0E03B6432325689
:10115000743A3A4E140A0A1E924949DB0C06060AF2
:101160004824246CB85C5CE49FC2C25DBDD3D36EDE
:1011700043ACACEFC46262A6399191A8319595A4B5
:10118000D3E4E437F279798BD5E7E7328BC8C843EB
:101190006E373759DA6D6DB7018D8D8CB1D5D56449
:1011A0009C4E4ED249A9A9E0D86C6CB4AC5656FA04
:1011B000F3F4F407CFEAEA25CA6565AFF47A7A8ECC
:1011C00047AEAEE9100808186FBABAD5F07878883B
:1011D0004A25256F5C2E2E72381C1C2457A6A6F1BA
:1011E00073B4B4C797C6C651CBE8E823A1DDDD7C54
:1011F000E874749C3E1F1F21964B4BDD61BDBDDC26
:101200000D8B8B860F8A8A85E07070907C3E3E4203
:1012100071B5B5C4CC6666AA904848D806030305E4
:10122000F7F6F6011C0E0E12C26161A36A35355F36
:10123000AE5757F969B9B9D01786869199C1C15887
:101240003A1D1D27279E9EB9D9E1E138EBF8F81326
:101250002B9898B322111133D26969BBA9D9D970DF
:10126000078E8E89339494A72D9B9BB63C1E1E221D
:1012700015878792C9E9E92087CECE49AA5555FF3F
:1012800050282878A5DFDF7A038C8C8F59A1A1F82C
:10129000098989801A0D0D1765BFBFDAD7E6E631D7
:1012A000844242C6D06868B8824141C3299999B046
:1012B0005A2D2D771E0F0F117BB0B0CBA85454FCC4
:1012C0006DBBBBD62C16163A341303000200000087
:1012D0002C1303000300000024130300040000008B
:1012E0001C13030005000000141303000600000097
:1012F0000C130300070000000413030000000000AB
:1013000000000000DA41030090240700E6410300DA
:1013100090230600F241030090220500FE410300E5
:10132000101404000A4203001013030016420300C5
:10133000101202000200000093D002008FD00200C1
:101340008BD0020087D002006FD002005DD0020077
:10135000000000000A5695CE5753F2DD5CE419BA3E
:10136000E4B84A8B25F321DD8886E8D2855D88259F
:1013700018FF71853C14A918D430E77901B6ED5FE8
:10138000FC95BA75102562772B73FB79C65537A586
:10139000765F9018DFBDC42962DF9CD890308478D6
:1013A000CD05F0ACD62E21F7AB20A2E5344887045A
:1013B0001D0630DC512563FCC2CAB9F3849E17A711
:1013C000ADFAE6BCFFFFFFFFFFFFFFFF00000000DC
:1013D000FFFFFFFFA2EE79BE954C2483A66FBD49A7
:1013E0009C79994659EC6B2B39B245282056D9F394
:1013F000942DE1664FBC00EEFFFFFFFFFFFFFFFFF4
:10140000FFFFFFFF000000000000000000000000E0
:1014100001000000FFFFFFFF0300000000000000CC
:10142000FFFFFFFFFBFFFFFFFEFFFFFFFFFFFFFFD1
:10143000FDFFFFFF040000000100000004E80200BF
:1014400004E8020044E802004CE802009CE80200C4
:101450009CE802009D460300000100008813000084
:1014600000000328000003280000002800002A2BA9
:1014700000002A2B000003280000292B0000292B44
:1014800000000328000002290000052A0000052AA8
:101490000000032800000118000000280000042AB2
:1014A0000000042A000003280000012A0000012A8D
:1014B000000003280000002A0000002A0000032882
:1014C00000000018000000286BFF79FF79FF7CFF07
:1014D0000000574553545F544F504449522F7A658A
:1014E000706879722F696E636C7564652F7A6570A8
:1014F0006879722F647269766572732F6770696F8D
:101500002E6800286366672D3E706F72745F706985
:101510006E5F6D61736B202620286770696F5F7046
:101520006F72745F70696E735F74292831554C2037
:101530003C3C202870696E29292920213D20305506
:1015400000415353455254494F4E204641494C2087
:101550005B25735D20402025733A25640A000955F8
:101560006E737570706F727465642070696E0A00B6
:10157000617572612F6E657874696400617572615E
:101580002F65726173650028666C61677320262081
:10159000282831203C3C203429207C202831203C44
:1015A0003C203529292920213D20282831203C3C78
:1015B000203429207C202831203C3C20352929005A
:1015C0000950756C6C20557020616E642050756CEC
:1015D0006C20446F776E2073686F756C64206E6F3B
:1015E0007420626520656E61626C65642073696D4C
:1015F000756C74616E656F75736C790A00212828AB
:10160000666C6167732026202831554C203C3C20B5
:10161000283136292929202626202128666C616751
:10162000732026202831554C203C3C202831372976
:1016300029292026262028666C6167732026202809
:1016400031203C3C20312929290009496E707574EC
:101650002063616E6E6F7420626520656E61626CDE
:10166000656420666F7220274F70656E204472613A
:10167000696E272C20274F70656E20536F7572633B
:101680006527206D6F64657320776974686F757462
:10169000204F75747075740A0028666C616773203A
:1016A00026202831203C3C2031292920213D203092
:1016B000207C7C2028666C616773202620283120DE
:1016C0003C3C20322929203D3D20300028666C61B9
:1016D0006773202620282831554C203C3C20283197
:1016E000382929207C202831554C203C3C202831A9
:1016F0003929292929203D3D2030207C7C2028665D
:101700006C6167732026202831554C203C3C2028F2
:10171000313729292920213D203000094F75747067
:101720007574206E6565647320746F206265206532
:101730006E61626C656420746F20626520696E69F9
:101740007469616C697A6564206C6F77206F7220B0
:10175000686967680A00574553545F544F504449BD
:10176000522F7A65706879722F696E636C75646543
:101770002F7A65706879722F7370696E6C6F636B06
:101780002E68007A5F7370696E5F6C6F636B5F7653
:10179000616C6964286C290009496E76616C696422
:1017A000207370696E6C6F636B2025700A007A5F1E
:1017B0007370696E5F756E6C6F636B5F76616C6979
:1017C00064286C2900094E6F74206D79207370694C
:1017D0006E6C6F636B2025700A0061757261000288
:1017E00004040404040504040504040404040404B7
:1017F000040404030500415552410000070E091C72
:101800001B1215383F363124232A2D574553545F78
:10181000544F504449522F7A65706879722F6C6921
:10182000622F686561702F686561702E6300636860
:10183000756E6B5F7573656428682C2063290009D9
:10184000756E657870656374656420686561702085
:1018500073746174652028646F75626C652D66729F
:1018600065653F2920666F72206D656D6F72792006
:1018700061742025700A006C6566745F6368756E1C
:101880006B28682C2072696768745F6368756E6B7B
:1018900028682C20632929203D3D20630009636FBF
:1018A00072727570746564206865617020626F750E
:1018B0006E64732028627566666572206F76657245
:1018C000666C6F773F2920666F72206D656D6F7251
:1018D000792061742025700A0028616C69676E2088
:1018E000262028616C69676E202D20312929203D32
:1018F0003D20300009616C69676E206D757374203E
:101900006265206120706F776572206F6620320AF1
:10191000006279746573202F203855203C3D2030BB
:101920007837666666550009686561702073697A64
:101930006520697320746F6F206269670A0062799D
:10194000746573203E20686561705F666F6F7465B3
:10195000725F62797465732862797465732900090E
:10196000686561702073697A6520697320746F6F90
:1019700020736D616C6C0A00686561705F737A201A
:101980003E206368756E6B737A2873697A656F663B
:1019900028737472756374207A5F68656170292991
:1019A000006368756E6B305F73697A65202B206DFC
:1019B000696E5F6368756E6B5F73697A6528682905
:1019C000203C3D20686561705F737A004661696CF8
:1019D000656420746F207265626F6F743A20737053
:1019E000696E6E696E6720656E646C6573736C7981
:1019F0002E2E2E0A00574553545F544F50444952DF
:101A00002F7A65706879722F6C69622F7574696CB2
:101A1000732F6F6E6F66662E63007374617465203A
:101A20003D3D20305500217379735F736C69737489
:101A30005F69735F656D70747928266D67722D3EDE
:101A4000636C69656E747329007472616E73697476
:101A500020213D202828766F6964202A293029001A
:101A60007374617465203D3D202831554C203C3C09
:101A70002028312929006D67722D3E72656673201A
:101A80003D3D2030007374617465203D3D20283158
:101A9000554C203C3C2028302929006D67722D3E92
:101AA00072656673203E203000287374617465206F
:101AB0003D3D20282831554C203C3C202832292906
:101AC000207C202831554C203C3C202831292929D4
:101AD00029207C7C20287374617465203D3D20287A
:101AE0002831554C203C3C2028322929207C2030AC
:101AF000552929207C7C20287374617465203D3D24
:101B000020282831554C203C3C2028322929207C93
:101B1000202831554C203C3C2028302929292900F7
:101B2000574553545F544F504449522F7A6570685B
:101B300079722F6C69622F7574696C732F6E6F7474
:101B40006966792E6300574553545F544F5044499A
:101B5000522F7A65706879722F7375627379732F5B
:101B600073657474696E67732F7372632F73657412
:101B700074696E67732E63006368203C3D205F7359
:101B8000657474696E67735F68616E646C65725FBB
:101B90007374617469635F6C6973745F656E64000C
:101BA00009756E6578706563746564206C6973741B
:101BB00020656E64206C6F636174696F6E0A0057F4
:101BC0004553545F544F504449522F7A6570687999
:101BD000722F617263682F61726D2F636F72652F50
:101BE000636F727465785F6D2F6661756C742E63B8
:101BF00000212828285343425F54797065202A2900
:101C000020282830784530303045303030554C2948
:101C1000202B20307830443030554C2920292D3E5F
:101C2000434653522026202831554C203C3C202846
:101C30003055202B2034552929290009537461631C
:101C40006B696E67206572726F72206E6F742061AF
:101C500020737461636B206661696C0A0A006573A6
:101C60006620213D202828766F6964202A293029A2
:101C7000000945534620636F756C64206E6F7420B5
:101C80006265207265747269657665642073756338
:101C90006365737366756C6C792E205368616C6C28
:101CA000206E65766572206F636375722E0A000977
:101CB0004661756C7420657363616C6174696F6EE5
:101CC00020776974686F75742046535220696E6678
:101CD0006F0A0009486172644661756C7420776907
:101CE00074686F7574204846535220696E666F2081
:101CF0005368616C6C206E65766572206F636375E6
:101D0000720A00574553545F544F504449522F7A3A
:101D100065706879722F617263682F61726D2F63CD
:101D20006F72652F636F727465785F6D2F69727162
:101D30005F6D616E6167652E63007072696F203C34
:101D40003D20282831554C203C3C2028332929208F
:101D50002D2031290009696E76616C6964207072EA
:101D6000696F7269747920256420666F722025641A
:101D700020697271212076616C756573206D7573B1
:101D800074206265206C657373207468616E202511
:101D90006C750A0A00574553545F544F50444952DA
:101DA0002F7A65706879722F617263682F61726D26
:101DB0002F636F72652F6D70752F61726D5F6D701F
:101DC000752E630009436F6E6669677572696E6789
:101DD00020257520737461746963204D50552072FD
:101DE0006567696F6E73206661696C65640A0A00D5
:101DF00009436F6E6669677572696E672025752085
:101E000064796E616D6963204D5055207265676914
:101E10006F6E73206661696C65640A0A0009526519
:101E2000717565737420746F20636F6E6669677572
:101E300072653A20257520726567696F6E73202878
:101E4000737570706F727465643A202575290A0A7B
:101E5000002128726567696F6E5B6964785D2E6426
:101E6000745F617474722026202831554C203C3CEC
:101E7000202830292929000952414D5F4E4F434106
:101E800043484520776974682044545F4D454D5F51
:101E9000434143484541424C452061747472696234
:101EA0007574650A0A00094661696C656420746F7F
:101EB00020616C6C6F63617465204D5055207265B4
:101EC00067696F6E732066726F6D2044540A0A0052
:101ED0002828284D50555F54797065202A292028DC
:101EE0002830784530303045303030554C29202B63
:101EF00020307830443930554C2920292D3E545912
:101F000050452026202830784646554C203C3C2021
:101F100038552929203E3E203855203D3D203800A7
:101F200009496E76616C6964206E756D6265722018
:101F30006F66204D505520726567696F6E730A0A8F
:101F400000464C4153485F30005352414D5F3000D2
:101F5000574553545F544F504449522F7A65706827
:101F600079722F6C69622F6C6962632F636F6D6D7C
:101F70006F6E2F736F757263652F7374646C696213
:101F80002F6D616C6C6F632E63006C6F636B5F729F
:101F90006574203D3D203000574553545F544F50E9
:101FA0004449522F7A65706879722F6C69622F6E7E
:101FB00065745F6275662F6275662E630062756672
:101FC0002D3E666C616773203D3D20305500627583
:101FD000662D3E6672616773203D3D202828766F2E
:101FE0006964202A293029007265715F73697A65F6
:101FF000203C3D2073697A6500090A006C6973749E
:1020000000706172656E742D3E6672616773007058
:102010006172656E742D3E6672616773203D3D206E
:102020006672616700574553545F544F504449529C
:102030002F7A65706879722F6C69622F6E65745F94
:102040006275662F6275665F73696D706C652E636D
:10205000006275662D3E6C656E203D3D203055005A
:102060006275662D3E6C656E203E3D206C656E008F
:102070006E65745F6275665F73696D706C655F68CD
:10208000656164726F6F6D2862756629203E3D2020
:102090006C656E006E65745F6275665F73696D7006
:1020A0006C655F7461696C726F6F6D28627566290B
:1020B000203E3D206C656E00574553545F544F5091
:1020C0004449522F7A65706879722F7375627379FB
:1020D000732F72616E646F6D2F72616E646F6D5FCE
:1020E000656E74726F70795F6465766963652E637F
:1020F000006465766963655F69735F7265616479C1
:1021000028656E74726F70795F6465762900094581
:102110006E74726F707920646576696365202573CB
:10212000206E6F742072656164790A0057455354BC
:102130005F544F504449522F7A65706879722F6905
:102140006E636C7564652F7A65706879722F64723E
:1021500069766572732F656E74726F70792E680080
:102160006170692D3E6765745F656E74726F70791A
:1021700020213D202828766F6964202A29302900F3
:102180000943616C6C6261636B20706F696E74658A
:10219000722073686F756C64206E6F7420626520A6
:1021A0004E554C4C0A0000FFFFFFFFFFFF000000F0
:1021B00000000000FFFFFFFFFFFF00000000000025
:1021C00062742F25732F25303278253032782530F0
:1021D00032782530327825303278253032782575BE
:1021E0002F25730062742F25732F25303278253008
:1021F00032782530327825303278253032782530E3
:10220000327825750062742F257300627400425481
:10221000204C572057510002FB349B5F8000008008
:102220000010000000000000574553545F544F5009
:102230004449522F7A65706879722F737562737989
:10224000732F626C7565746F6F74682F686F737429
:102250002F6275662E630074797065203D3D2042C3
:10226000545F4255465F455654207C7C20747970FB
:1022700065203D3D2042545F4255465F41434C5FDF
:10228000494E207C7C2074797065203D3D2042546D
:102290005F4255465F49534F5F494E0009496E768C
:1022A000616C696420627566666572207479706518
:1022B000207265717565737465640A0057455354DF
:1022C0005F544F504449522F7A65706879722F6974
:1022D0006E636C7564652F7A65706879722F626CB5
:1022E0007565746F6F74682F6275662E68006D6512
:1022F00074612D3E706172656E7400766965770059
:102300006E65745F6275665F68656164726F6F6D3C
:1023100028706172656E7429203E2030002162743D
:102320005F6275665F6861735F7669657728706163
:1023300072656E742900574553545F544F50444999
:10234000522F7A65706879722F7375627379732F63
:10235000626C7565746F6F74682F686F73742F6823
:1023600063695F636F72652E630062745F6863699F
:102370005F6576745F6765745F666C616773286814
:1023800064722D3E657674292026202831554C2014
:102390003C3C202831292900216275660061746F58
:1023A0006D69635F6765742826636F6E6E2D3E6985
:1023B0006E5F6C6C29006576745F666C6167732074
:1023C00026202831554C203C3C20283029290073F8
:1023D0007563636573730009636F6D6D616E64206F
:1023E0006F70636F646520307825303478207469AD
:1023F0006D656F75740A0009436F6E74726F6C6C53
:10240000657220756E726573706F6E736976652C78
:1024100020636F6D6D616E64206F70636F64652003
:102420003078253034782074696D656F7574207745
:10243000697468206572722025640A004254205233
:1024400058205751006576742D3E7374617475730E
:10245000203D3D20307830300091FBFBF3F4FBFB56
:10246000FBFBEA000909090901020909090909092F
:1024700009090909090709090909090609090909D1
:1024800009090909090909090909090905574553EC
:10249000545F544F504449522F7A65706879722FB7
:1024A0007375627379732F626C7565746F6F74687E
:1024B0002F686F73742F6863695F636F6D6D6F6EE4
:1024C0002E6300574553545F544F504449522F7A5E
:1024D00065706879722F7375627379732F626C758A
:1024E00065746F6F74682F686F73742F69642E63DF
:1024F00000636F6E666C69637420213D2028287626
:102500006F6964202A29302900636F6E666C6963E5
:10251000742D3E63616E64696461746520213D20A1
:102520002828766F6964202A29302900726573692A
:1025300064656E7420213D202828766F6964202A06
:102540002930290028636F6E666C6963742D3E63C1
:10255000616E6469646174652D3E73746174652095
:10256000262042545F4B4559535F49445F414444E0
:10257000454429203D3D20300062745F6465762E1D
:102580006C652E726C5F656E7472696573203E2097
:102590003000574553545F544F504449522F7A6589
:1025A000706879722F696E636C7564652F7A6570D7
:1025B0006879722F7379732F627974656F726465AD
:1025C000722E6800282870737263203C2070647338
:1025D00074202626202870737263202B206C656E71
:1025E00067746829203C3D207064737429207C7CCA
:1025F000202870737263203E207064737420262636
:10260000202870647374202B206C656E67746829B1
:10261000203C3D207073726329290009536F757245
:10262000636520616E642064657374696E617469AA
:102630006F6E2062756666657273206D75737420A7
:102640006E6F74206F7665726C61700A00E69D355E
:102650000E480103CCDBFDF4AC1191F4EFB9A5F900
:10266000E9A7832C5E2CBE97F2D203B0208BD289CF
:1026700015D08E1C742430ED8FC24563765C1552E4
:102680005ABF9A32636DEB2A65499C80DC574553EB
:10269000545F544F504449522F7A65706879722FB5
:1026A0007375627379732F626C7565746F6F74687C
:1026B0002F686F73742F636F6E6E2E6300636220DA
:1026C0003C3D205F62745F636F6E6E5F63625F6C40
:1026D0006973745F656E640074780069735F616329
:1026E0006C5F636F6E6E28636F6E6E29006B5F6345
:1026F000757272656E745F6765742829203D3D2090
:102700006B5F776F726B5F71756575655F7468720B
:102710006561645F6765742874785F6E6F7469665D
:10272000795F776F726B71756575655F6765742822
:10273000292900657272203E3D20300009636F75C3
:102740006C646E2774207375626D697420286572DD
:1027500072202564290A00746D7020213D20636F6A
:102760006E6E007072657620213D2026636F6E6E5E
:102770002D3E5F636F6E6E5F72656164790009491B
:102780006E76616C696420636F6E6E656374696FE9
:102790006E207265666572656E63650A006F6C64B3
:1027A000203E20300009436F6E6E207265666572B0
:1027B000656E636520636F756E7465722069732042
:1027C000300A00696E646578203E3D203020262660
:1027D00020696E646578203C20282873697A655FDB
:1027E000742920282828696E74292073697A656FF6
:1027F0006628636861725B31202D2032202A2021F7
:1028000028215F5F6275696C74696E5F74797065A9
:10281000735F636F6D70617469626C655F70285F70
:102820005F747970656F665F5F2861636C5F636F6B
:102830006E6E73292C205F5F747970656F665F5FC1
:1028400028262861636C5F636F6E6E73295B305D51
:102850002929295D29202D203129202B2028736941
:102860007A656F662861636C5F636F6E6E73292093
:102870002F2073697A656F66282861636C5F636FC8
:102880006E6E73295B305D292929290009496E760E
:10289000616C69642062745F636F6E6E20706F6933
:1028A0006E7465720A00216B5F69735F696E5F69A0
:1028B000737228290009496E76616C696420636F20
:1028C0006E6E20747970652025750A00094E6F20A0
:1028D000636F6E74726F6C6C657220627566730ADA
:1028E00000094E6F20545820636F6E746578740A27
:1028F00000286275662D3E726566203D3D203129B7
:10290000207C7C20286275662D3E726566203D3DE8
:10291000203229002162745F6275665F6861735FAF
:1029200076696577286F75747369646529006672C6
:10293000616720213D202828766F6964202A29308C
:10294000290009496E76616C696420636F6E6E655B
:102950006374696F6E20747970652025750A00575D
:102960004553545F544F504449522F7A65706879EB
:10297000722F7375627379732F626C7565746F6FE4
:1029800074682F686F73742F6C326361702E6300EC
:1029900073203D3D20266C655F6368616E2D3E5F50
:1029A0007064755F7265616479006F6C6400666362
:1029B00068616E203C3D205F62745F6C32636170C1
:1029C0005F66697865645F6368616E5F6C69737484
:1029D0005F656E6400636F6E6E2D3E737461746527
:1029E000203D3D2042545F434F4E4E5F434F4E4E7D
:1029F0004543544544006669666F5F706475203DC9
:102A00003D20706475007075626C69630072616E60
:102A1000646F6D007075626C69632D69640072612A
:102A20006E646F6D2D696400307825303278002532
:102A30003032583A253032583A253032583A25301B
:102A400032583A253032583A2530325820282573EA
:102A50002900574553545F544F504449522F7A65CB
:102A6000706879722F7375627379732F626C7565F4
:102A7000746F6F74682F686F73742F6174742E6332
:102A8000006E65745F6275665F706F6F6C5F67651F
:102A900074286275662D3E706F6F6C5F69642920C3
:102AA0003D3D20266174745F706F6F6C00627566C7
:102AB0002D3E6C656E203E3D2073697A656F6628F9
:102AC0007374727563742062745F6174745F686498
:102AD00072290009556E6B6E6F776E206F702074CF
:102AE000797065203078253032580A00726571009F
:102AF000574553545F544F504449522F7A6570687C
:102B000079722F7375627379732F626C7565746F48
:102B10006F74682F686F73742F676174742E63000D
:102B2000656C20213D202828766F6964202A293091
:102B300029000943616E277420736176652043463E
:102B4000202F2043434320746F20666C6173680A12
:102B500000676174745F7375625F69735F656D7040
:102B600074792873756229007374617469635F7383
:102B70007663203C3D205F62745F676174745F73AD
:102B80006572766963655F7374617469635F6C69AC
:102B900073745F656E640062742F63636300096918
:102BA0006E76616C696420706172616D65746572C6
:102BB0000A0A006174747200094E6F206D6F7265AD
:102BC00020617474726962757465730A0A007061B9
:102BD00072616D730009696E76616C696420706161
:102BE00072616D65746572730A0A00706172616D5D
:102BF000732D3E61747472207C7C20706172616DF3
:102C0000732D3E75756964002161746F6D69635F32
:102C1000746573745F6269742873632D3E666C61BA
:102C200067732C2053435F494E4449434154455FE9
:102C300050454E44494E47290009496E6469636115
:102C4000746520616C72656164792070656E646979
:102C50006E670A00706172616D73202626207061B4
:102C600072616D732D3E66756E630062742F6861CC
:102C700073680062742F63660062742F7363005779
:102C80004553545F544F504449522F7A65706879C8
:102C9000722F7375627379732F626C7565746F6FC1
:102CA00074682F686F73742F736D702E63006D7569
:102CB0007465785F657272203D3D20300021287375
:102CC0006D702D3E72656D6F74655F6469737420FD
:102CD00026203078303229002162745F69645F6693
:102CE000696E645F636F6E666C696374286E657786
:102CF0005F626F6E6429000005061F1F291812030A
:102D000008020305080A0008010304010504050977
:102D1000060701010606080000010001000301008A
:102D20000302020100020000000000020301000390
:102D3000574553545F544F504449522F7A65706839
:102D400079722F7375627379732F626C7565746F06
:102D50006F74682F686F73742F6B6579732E6300BF
:102D60006B65797320213D202828766F6964202ABD
:102D7000293029006164647220213D202828766F63
:102D80006964202A2930290066756E6320213D2060
:102D90002828766F6964202A2930290062742F6BF5
:102DA000657973006C888391AAF5A53860370BDBD1
:102DB0005A6083BE574553545F544F504449522F75
:102DC0007A65706879722F647269766572732F61A3
:102DD0007564696F2F646D69635F6E7266785F708A
:102DE000646D2E63006472765F646174612D3E636E
:102DF0006C6B5F6D677220213D202828766F6964B7
:102E0000202A293029004000500170646D40343080
:102E100030316430303000574553545F544F504484
:102E200049522F7A65706879722F6472697665727B
:102E3000732F636C6F636B5F636F6E74726F6C2F55
:102E4000636C6F636B5F636F6E74726F6C5F6E72D7
:102E5000662E630074797065203C20434C4F434BD1
:102E60005F434F4E54524F4C5F4E52465F54595041
:102E7000455F434F554E5400636C6F636B40343075
:102E800030303030303000574553545F544F504449
:102E900049522F7A65706879722F6472697665720B
:102EA000732F636C6F636B5F636F6E74726F6C2FE5
:102EB0006E72665F636C6F636B5F63616C69627295
:102EC0006174696F6E2E6300574553545F544F50C1
:102ED0004449522F7A65706879722F6472697665F9
:102EE00072732F656E74726F70792F656E74726F66
:102EF00070795F6E7266352E630026656E74726F30
:102F000070795F6E7266355F64617461203D3D204B
:102F10006465762D3E646174610072616E646F6DEC
:102F200040343030306430303000666C6173682D6E
:102F3000636F6E74726F6C6C6572403430303165E3
:102F400030303000574553545F544F504449522F4E
:102F50007A65706879722F696E636C7564652F7A13
:102F600065706879722F647269766572732F677005
:102F7000696F2F6770696F5F7574696C732E680075
:102F800063616C6C6261636B00094E6F2063616CFE
:102F90006C6261636B210A0063616C6C6261636BDC
:102FA0002D3E68616E646C657200094E6F2063612E
:102FB0006C6C6261636B2068616E646C6572210A7F
:102FC00000574553545F544F504449522F6D6F641E
:102FD000756C65732F68616C2F6E6F726469632FF7
:102FE0006E7266782F68616C2F6E72665F677069AB
:102FF0006F2E68006E72665F6770696F5F70696ED2
:103000005F70726573656E745F636865636B282AB1
:10301000705F70696E2900574553545F544F504498
:1030200049522F7A65706879722F64726976657279
:10303000732F6770696F2F6770696F5F6E72667844
:103040002E6300657272203D3D204E5246585F53FC
:10305000554343455353006770696F4035303030F6
:1030600030333030006770696F4035303030303089
:10307000303000693263403430303033303030002B
:103080000001020304050607574553545F544F508F
:103090004449522F7A65706879722F647269766537
:1030A00072732F73656E736F722F6E6F72646963C4
:1030B0002F74656D702F74656D705F6E7266352E3E
:1030C0006300646174612D3E636C6B5F6D677200B9
:1030D00074656D7040343030306330303000737060
:1030E0006940343030323330303000776174636897
:1030F000646F6740343030313030303000000000D1
:10310000000001010000000000574553545F544F78
:10311000504449522F6D6F64756C65732F68616CF4
:103120002F6E6F726469632F6E7266782F64726996
:10313000766572732F7372632F6E7266785F636C3D
:103140006F636B2E6300574553545F544F5044498F
:10315000522F6D6F64756C65732F68616C2F6E6F85
:10316000726469632F6E7266782F68616C2F6E725D
:10317000665F636C6F636B2E68006D5F636C6F637B
:103180006B5F63622E6D6F64756C655F696E6974E9
:1031900069616C697A656400574553545F544F50B8
:1031A0004449522F6D6F64756C65732F68616C2F85
:1031B0006E6F726469632F6E7266782F68616C2F10
:1031C0006E72665F6770696F74652E6800696E6401
:1031D0006578203C203800574553545F544F504485
:1031E00049522F6D6F64756C65732F68616C2F6E1B
:1031F0006F726469632F6E7266782F647269766588
:1032000072732F7372632F6E7266785F6770696F67
:1032100074652E63006E7266795F6770696F5F70A8
:10322000696E5F70726573656E745F636865636B0A
:103230002870696E290070696E5F69735F696E70CE
:10324000757428705F696E7374616E63652C20708D
:10325000696E290070696E5F6861735F7472696777
:1032600067657228705F696E7374616E63652C2088
:1032700070696E2900705F6368616E6E656C0069CD
:103280006E745F656E61626C6500002030303030B6
:10329000303030303030303030300001574553540A
:1032A0005F544F504449522F6D6F64756C65732F96
:1032B00068616C2F6E6F726469632F6E7266782F0F
:1032C000647269766572732F7372632F6E7266789B
:1032D0005F6E766D632E630062797465735F636FF2
:1032E000756E74203C3D202834202D206279746551
:1032F0005F7368696674290069735F76616C6964DD
:103300005F6164647265737328616464722C203039
:10331000290069735F76616C69645F6164647265DA
:10332000737328616464722C203129006E72667890
:103330005F69735F776F72645F616C69676E656404
:103340002828766F696420636F6E7374202A296160
:103350006464722900574553545F544F5044495296
:103360002F6D6F64756C65732F68616C2F6E6F7253
:103370006469632F6E7266782F6472697665727302
:103380002F7372632F6E7266785F70646D2E6300A8
:10339000705F636F6E666967006576656E745F68FF
:1033A000616E646C657200705F63622D3E6472765C
:1033B0005F737461746520213D204E5246585F440E
:1033C00052565F53544154455F554E494E495449F6
:1033D000414C495A454400574553545F544F50445B
:1033E00049522F6D6F64756C65732F68616C2F6E19
:1033F0006F726469632F6E7266782F647269766586
:1034000072732F7372632F6E7266785F7370696D5B
:103410002E6300705F63622D3E73746174652021BA
:103420003D204E5246585F4452565F5354415445D6
:103430005F554E494E495449414C495A45440070E4
:103440005F786665725F646573632D3E705F747844
:103450005F62756666657220213D202828766F6957
:1034600064202A293029207C7C20705F7866657270
:103470005F646573632D3E74785F6C656E67746816
:10348000203D3D203000705F786665725F64657333
:10349000632D3E705F72785F62756666657220218B
:1034A0003D202828766F6964202A293029207C7CD9
:1034B00020705F786665725F646573632D3E727815
:1034C0005F6C656E677468203D3D20300028287071
:1034D0005F786665725F646573632D3E72785F6CBA
:1034E000656E677468203C202831554C203C3C2098
:1034F0002865617379646D615F737570706F727444
:103500005F626974735B705F696E7374616E63652B
:103510002D3E6472765F696E73745F6964785D29AD
:1035200029292026262028705F786665725F6465E9
:1035300073632D3E74785F6C656E677468203C2001
:103540002831554C203C3C202865617379646D61BD
:103550005F737570706F72745F626974735B705FB4
:10356000696E7374616E63652D3E6472765F696E19
:1035700073745F6964785D29292929002128666CA4
:103580006167732026202831554C203C3C2033298C
:1035900029207C7C2028705F63622D3E73735F70EE
:1035A000696E203D3D2030784646464646464646B2
:1035B0002900705F63622D3E68616E646C65720005
:1035C000010000000000574553545F544F504449D8
:1035D000522F6D6F64756C65732F68616C2F6E6F01
:1035E000726469632F6E7266782F64726976657291
:1035F000732F7372632F6E7266785F7477696D2EA6
:103600006300705F636F6E6669672D3E73636C5F06
:1036100070696E20213D20705F636F6E6669672D53
:103620003E7364615F70696E00705F63622D3E730C
:1036300074617465203D3D204E5246585F44525699
:103640005F53544154455F494E495449414C495A8E
:1036500045440028282828705F696E7374616E6382
:10366000652D3E6472765F696E73745F6964782954
:10367000203D3D204E5246585F5457494D305F49DA
:103680004E53545F49445829202626202828287064
:103690005F786665725F646573632D3E7072696DF5
:1036A0006172795F6C656E67746829203C202831EF
:1036B00055203C3C203136292920262620282870F8
:1036C0005F786665725F646573632D3E7365636FD3
:1036D0006E646172795F6C656E67746829203C2046
:1036E000283155203C3C20313629292929207C7C51
:1036F0002030207C7C2030207C7C2030207C7C2072
:1037000030207C7C2030207C7C2030207C7C203051
:10371000207C7C2030207C7C2030207C7C20302051
:103720007C7C2030207C7C2030207C7C2030207CE5
:103730007C2030207C7C2030207C7C2030207C7CD5
:103740002030207C7C2030207C7C2030207C7C2021
:1037500030207C7C2030207C7C2030207C7C203001
:10376000207C7C2030207C7C2030207C7C20302001
:103770007C7C2030207C7C2030207C7C2030207C95
:103780007C2030207C7C2030207C7C2030207C7C85
:103790002030207C7C2030207C7C2030207C7C20D1
:1037A00030207C7C2030207C7C2030207C7C2030B1
:1037B000207C7C2030207C7C2030207C7C203020B1
:1037C0007C7C2030207C7C2030207C7C2030207C45
:1037D0007C2030207C7C2030207C7C2030207C7C35
:1037E0002030207C7C2030207C7C2030207C7C2081
:1037F00030207C7C2030207C7C2030207C7C203061
:10380000207C7C2030207C7C2030207C7C20302060
:103810007C7C2030207C7C2030207C7C2030207CF4
:103820007C2030207C7C2030207C7C2030207C7CE4
:103830002030207C7C2030207C7C2030207C7C2030
:1038400030207C7C2030207C7C2030207C7C203010
:10385000207C7C2030207C7C2030207C7C20302010
:103860007C7C2030207C7C2030207C7C2030207CA4
:103870007C2030207C7C2030207C7C2030207C7C94
:103880002030207C7C2030207C7C2030207C7C20E0
:1038900030207C7C2030207C7C2030207C7C2030C0
:1038A000207C7C2030207C7C2030207C7C203020C0
:1038B0007C7C2030207C7C2030207C7C2030207C54
:1038C0007C2030207C7C2030207C7C2030207C7C44
:1038D0002030207C7C2030207C7C2030207C7C2090
:1038E00030207C7C2030207C7C2030207C7C203070
:1038F000207C7C2030207C7C2030207C7C20302070
:103900007C7C2030207C7C2030207C7C2030207C03
:103910007C2030207C7C2030207C7C2030207C7CF3
:103920002030207C7C2030207C7C2030207C7C203F
:1039300030207C7C2030207C7C2030207C7C20301F
:10394000207C7C2030207C7C2030207C7C2030201F
:103950007C7C2030207C7C2030207C7C2030207CB3
:103960007C2030207C7C2030207C7C2030207C7CA3
:103970002030207C7C2030207C7C2030207C7C20EF
:1039800030207C7C2030207C7C2030207C7C2030CF
:10399000207C7C2030207C7C2030207C7C203020CF
:1039A0007C7C2030207C7C2030207C7C2030207C63
:1039B0007C2030207C7C2030207C7C2030207C7C53
:1039C0002030207C7C2030207C7C2030207C7C209F
:1039D00030207C7C2030207C7C2030207C7C20307F
:1039E000207C7C2030207C7C2030207C7C2030207F
:1039F0007C7C2030207C7C2030207C7C2030207C13
:103A00007C2030207C7C2030207C7C2030207C7C02
:103A10002030207C7C2030207C7C2030207C7C204E
:103A200030207C7C2030207C7C2030207C7C20302E
:103A3000207C7C2030207C7C2030207C7C2030202E
:103A40007C7C2030207C7C2030207C7C2030207CC2
:103A50007C2030207C7C2030207C7C2030207C7CB2
:103A60002030207C7C2030207C7C2030207C7C20FE
:103A700030207C7C2030207C7C2030207C7C2030DE
:103A8000207C7C2030207C7C2030207C7C203020DE
:103A90007C7C2030207C7C2030207C7C2030207C72
:103AA0007C2030207C7C2030207C7C2030207C7C62
:103AB0002030207C7C2030207C7C2030207C7C20AE
:103AC00030207C7C2030207C7C2030207C7C20308E
:103AD000207C7C2030207C7C2030207C7C2030208E
:103AE0007C7C2030207C7C2030207C7C2030207C22
:103AF0007C2030207C7C2030207C7C2030207C7C12
:103B00002030207C7C2030207C7C2030207C7C205D
:103B100030207C7C2030207C7C2030207C7C20303D
:103B2000207C7C2030207C7C2030207C7C2030203D
:103B30007C7C2030207C7C2030207C7C2030207CD1
:103B40007C2030207C7C2030207C7C2030207C7CC1
:103B50002030207C7C2030207C7C2030207C7C200D
:103B600030207C7C2030207C7C2030207C7C2030ED
:103B7000207C7C2030207C7C2030207C7C203020ED
:103B80007C7C2030207C7C2030207C7C2030207C81
:103B90007C2030207C7C2030207C7C2030207C7C71
:103BA0002030207C7C2030207C7C2030207C7C20BD
:103BB00030207C7C2030207C7C2030207C7C20309D
:103BC000207C7C2030207C7C2030207C7C2030209D
:103BD0007C7C2030207C7C2030207C7C2030207C31
:103BE0007C2030207C7C2030207C7C2030207C7C21
:103BF0002030207C7C2030207C7C2030207C7C206D
:103C000030207C7C2030207C7C2030207C7C20304C
:103C1000207C7C2030207C7C2030207C7C2030204C
:103C20007C7C2030207C7C2030207C7C2030207CE0
:103C30007C2030207C7C2030207C7C2030207C7CD0
:103C40002030207C7C2030207C7C2030207C7C201C
:103C500030207C7C2030207C7C2030207C7C2030FC
:103C6000207C7C2030207C7C2030207C7C203020FC
:103C70007C7C2030207C7C2030207C7C2030207C90
:103C80007C2030207C7C2030207C7C2030207C7C80
:103C90002030207C7C2030207C7C2030207C7C20CC
:103CA00030207C7C2030207C7C2030207C7C2030AC
:103CB000207C7C2030207C7C2030207C7C203020AC
:103CC0007C7C2030207C7C2030207C7C2030207C40
:103CD0007C2030207C7C2030207C7C2030207C7C30
:103CE0002030207C7C2030207C7C2030207C7C207C
:103CF00030207C7C2030207C7C2030207C7C20305C
:103D0000207C7C2030207C7C2030207C7C2030205B
:103D10007C7C2030207C7C2030207C7C2030207CEF
:103D20007C2030207C7C2030207C7C2030207C7CDF
:103D30002030207C7C2030207C7C2030207C7C202B
:103D400030207C7C2030207C7C2030207C7C20300B
:103D5000207C7C2030207C7C2030207C7C2030200B
:103D60007C7C2030207C7C2030207C7C2030207C9F
:103D70007C2030207C7C2030207C7C2030207C7C8F
:103D80002030207C7C2030207C7C2030207C7C20DB
:103D900030207C7C2030207C7C2030207C7C2030BB
:103DA000207C7C2030207C7C2030207C7C203020BB
:103DB0007C7C2030207C7C2030207C7C2030207C4F
:103DC0007C2030207C7C2030207C7C2030207C7C3F
:103DD0002030207C7C2030207C7C2030207C7C208B
:103DE00030207C7C2030207C7C2030207C7C20306B
:103DF000207C7C2030207C7C2030207C7C2030206B
:103E00007C7C2030207C7C2030207C7C2030290071
:103E1000705F63622D3E7374617465203D3D204E7A
:103E20005246585F4452565F53544154455F504F79
:103E300057455245445F4F4E00212828705F63620A
:103E40002D3E68616E646C6572203D3D20282876A9
:103E50006F6964202A293029292026262028705FAE
:103E6000786665725F646573632D3E747970652052
:103E70003D3D204E5246585F5457494D5F58464588
:103E8000525F54585258292900212828705F6362D4
:103E90002D3E68616E646C6572203D3D2028287659
:103EA0006F6964202A293029292026262028705F5E
:103EB000786665725F646573632D3E747970652002
:103EC0003D3D204E5246585F5457494D5F58464538
:103ED000525F545854582929002128666C61677331
:103EE0002026202831554C203C3C20342929002113
:103EF00028666C6167732026202831554C203C3C95
:103F000020332929002128666C6167732026202828
:103F100031554C203C3C2032292900010000000092
:103F200000574553545F544F504449522F6D6F64AE
:103F3000756C65732F68616C2F6E6F726469632F87
:103F40006E7266782F647269766572732F7372630E
:103F50002F6E7266785F7764742E63007469636B8A
:103F600073203C3D20283078666666666666666625
:103F7000554C2900705F63622D3E616C6C6F635F0E
:103F8000696E64657820213D203000705F63686150
:103F90006E6E656C5F6964006D5F63625B705F6924
:103FA0006E7374616E63652D3E6472765F696E73C5
:103FB000745F6964785D2E7374617465203D3D2083
:103FC0004E5246585F4452565F53544154455F50D9
:103FD0004F57455245445F4F4E0052096AD530361F
:103FE000A538BF40A39E81F3D7FB7CE339829B2F8A
:103FF000FF87348E4344C4DEE9CB547B9432A6C29F
:10400000233DEE4C950B42FAC34E082EA16628D9EB
:1040100024B2765BA2496D8BD12572F8F66486686E
:104020009816D4A45CCC5D65B6926C704850FDEDDA
:10403000B9DA5E154657A78D9D8490D8AB008CBC2D
:10404000D30AF7E45805B8B34506D02C1E8FCA3FF3
:104050000F02C1AFBD0301138A6B3A9111414F6743
:10406000DCEA97F2CFCEF0B4E67396AC7422E7ADFB
:104070003585E2F937E81C75DF6E47F11A711D29A5
:10408000C5896FB7620EAA18BE1BFC563E4BC6D23E
:1040900079209ADBC0FE78CD5AF41FDDA83388075B
:1040A000C731B11210592780EC5F60517FA919B553
:1040B0004A0D2DE57A9F93C99CEFA0E03B4DAE2AB7
:1040C000F5B0C8EBBB3C83539961172B047EBA77DC
:1040D000D626E169146355210C7D637C777BF26BF6
:1040E0006FC53001672BFED7AB76CA82C97DFA59FE
:1040F00047F0ADD4A2AF9CA472C0B7FD9326363F63
:10410000F7CC34A5E5F171D8311504C723C318964F
:10411000059A071280E2EB27B27509832C1A1B6EF1
:104120005AA0523BD6B329E32F8453D100ED20FC93
:10413000B15B6ACBBE394A4C58CFD0EFAAFB434D96
:10414000338545F9027F503C9FA851A3408F929D33
:1041500038F5BCB6DA2110FFF3D2CD0C13EC5F9723
:104160004417C4A77E3D645D197360814FDC222A29
:10417000908846EEB814DE5E0BDBE0323A0A490660
:10418000245CC2D3AC629195E479E7C8376D8DD5D4
:104190004EA96C56F4EA657AAE08BA78252E1CA6AC
:1041A000B4C6E8DD741F4BBD8B8A703EB56648030C
:1041B000F60E613557B986C11D9EE1F8981169D98F
:1041C0008E949B1E87E9CE5528DF8CA1890DBFE612
:1041D000426841992D0FB054BB164145532D3235DD
:1041E000362D434243004145532D3139322D434250
:1041F00043004145532D3132382D43424300414560
:10420000532D3235362D454342004145532D31392A
:10421000322D454342004145532D3132382D45431F
:104220004200141400001C2030401C2000001C2000
:104230003040574553545F544F504449522F7A658C
:10424000706879722F6B65726E656C2F6465766924
:1042500063652E6300646576203C3D205F6465766F
:104260006963655F6C6973745F656E64005745537D
:10427000545F544F504449522F7A65706879722FB9
:104280006B65726E656C2F666174616C2E63007273
:104290006561736F6E20213D204B5F4552525F4B2D
:1042A00045524E454C5F50414E494300094174749C
:1042B000656D7074656420746F207265636F7665D8
:1042C000722066726F6D2061206B65726E656C2066
:1042D00070616E696320636F6E646974696F6E0AE2
:1042E00000574553545F544F504449522F7A6570DC
:1042F0006879722F6B65726E656C2F696E69742EAA
:1043000063007468726561645F64617461203C3D40
:10431000205F5F7374617469635F74687265616460
:104320005F646174615F6C6973745F656E64006D76
:1043300061696E00574553545F544F504449522FA2
:104340007A65706879722F6B65726E656C2F6B6819
:104350006561702E630021617263685F69735F69D4
:104360006E5F6973722829207C7C20282874696D0F
:10437000656F7574292E7469636B73203D3D202829
:1043800028286B5F74696D656F75745F74297B3065
:104390007D29292E7469636B73290068656170201B
:1043A0003C3D205F6B5F686561705F6C6973745F33
:1043B000656E6400574553545F544F504449522F23
:1043C0007A65706879722F6B65726E656C2F6D659A
:1043D0006D5F736C61622E6300736C6162203C3DA3
:1043E000205F6B5F6D656D5F736C61625F6C69739D
:1043F000745F656E640028736C61622D3E66726541
:10440000655F6C697374203D3D202828766F696470
:10441000202A29302920262620736C61622D3E69CE
:104420006E666F2E6E756D5F75736564203D3D2001
:10443000736C61622D3E696E666F2E6E756D5F6284
:104440006C6F636B7329207C7C20736C61625F707E
:1044500074725F69735F676F6F6428736C61622C3D
:1044600020736C61622D3E667265655F6C69737462
:10447000290009736C616220636F727275707469D0
:104480006F6E2064657465637465640A0009496E23
:1044900076616C6964206D656D6F727920706F69EB
:1044A0006E7465722070726F76696465640A005775
:1044B0004553545F544F504449522F7A6570687980
:1044C000722F6B65726E656C2F696E636C756465B7
:1044D0002F6B73636865642E680021617263685F87
:1044E0006972715F756E6C6F636B6564286B65795B
:1044F00029007468726561642D3E626173652E7077
:10450000656E6465645F6F6E00574553545F544F2A
:10451000504449522F7A65706879722F6B65726EBC
:10452000656C2F69646C652E63005F6B65726E65E8
:104530006C2E637075735B305D2E63757272656E81
:10454000742D3E626173652E7072696F203E3D204E
:104550003000574553545F544F504449522F7A65A9
:10456000706879722F6B65726E656C2F6D73675F03
:10457000712E63006D7367712D3E77726974655F8C
:10458000707472203E3D206D7367712D3E627566BA
:104590006665725F7374617274202626206D73677E
:1045A000712D3E77726974655F707472203C206D66
:1045B0007367712D3E6275666665725F656E640035
:1045C000574553545F544F504449522F7A65706891
:1045D00079722F6B65726E656C2F6D757465782EB0
:1045E000630021617263685F69735F696E5F6973FD
:1045F00072282900096D7574657865732063616E92
:104600006E6F74206265207573656420696E7369CE
:10461000646520495352730A006D757465782D3EA8
:104620006C6F636B5F636F756E74203E2030550056
:10463000574553545F544F504449522F7A65706820
:1046400079722F6B65726E656C2F73656D2E6300CA
:104650002828617263685F69735F696E5F6973724E
:104660002829203D3D203029207C7C202828746981
:104670006D656F7574292E7469636B73203D3D20E1
:104680002828286B5F74696D656F75745F74297B6A
:10469000307D29292E7469636B732929007379731E
:1046A000776F726B7100574553545F544F504449B4
:1046B000522F7A65706879722F6B65726E656C2FF8
:1046C000776F726B2E6300776F726B2D3E7175651D
:1046D000756520213D202828766F6964202A2930BD
:1046E0002900776F726B2D3E68616E646C65722075
:1046F000213D202828766F6964202A29302900214D
:10470000666C61675F746573742826776F726B2DB2
:104710003E666C6167732C204B5F574F524B5F4472
:10472000454C415941424C455F42495429007379F7
:104730006E6320213D202828766F6964202A293065
:10474000290021666C61675F746573742826717532
:104750006575652D3E666C6167732C204B5F574F06
:10476000524B5F51554555455F5354415254454452
:104770005F42495429007175657565007374616302
:104780006B0064776F726B20213D202828766F695B
:1047900064202A29302900574553545F544F504410
:1047A00049522F7A65706879722F6B65726E656CED
:1047B0002F7468726561642E63002828282870723F
:1047C000696F2929203D3D203135202626207A5F3A
:1047D00069735F69646C655F7468726561645F6565
:1047E0006E7472792828656E747279292929207C63
:1047F0007C202828283135202D203129203E3D20BD
:1048000028282D313629292920262620282870728B
:10481000696F2929203E3D2028282D31362929205D
:1048200026262028287072696F2929203C3D2028DF
:104830003135202D20312929290009696E76616CD6
:104840006964207072696F726974792028256429FF
:104850003B20616C6C6F7765642072616E67653AAE
:1048600020256420746F2025640A0009546872654D
:10487000616473206D6179206E6F742062652063BE
:1048800072656174656420696E20495352730A0031
:10489000574553545F544F504449522F7A657068BE
:1048A00079722F6B65726E656C2F73636865642E09
:1048B0006300217A5F69735F69646C655F74687215
:1048C0006561645F6F626A656374287468726561AC
:1048D000642900574553545F544F504449522F7A2E
:1048E00065706879722F6B65726E656C2F696E6387
:1048F0006C7564652F6B7468726561642E68005F07
:104900006B65726E656C2E637075735B305D2E63C4
:10491000757272656E7420213D202828766F696457
:10492000202A2930290073697A656F66285F7363CE
:104930006865645F7370696E6C6F636B29203D3DC1
:104940002030207C7C206C6F636B20213D20265F13
:1049500073636865645F7370696E6C6F636B005F2F
:104960006B65726E656C2E637075735B305D2E6364
:10497000757272656E742D3E626173652E73636825
:1049800065645F6C6F636B656420213D2031550069
:104990005F6B65726E656C2E637075735B305D2E38
:1049A00063757272656E742D3E626173652E7363FA
:1049B0006865645F6C6F636B656420213D203055D2
:1049C00000217465726D696E617465000961626FC2
:1049D00072746564205F63757272656E74206261C3
:1049E000636B2066726F6D20646561640A002165E7
:1049F0007373656E7469616C000961626F727465CE
:104A00006420657373656E7469616C207468726587
:104A100061642025700A00574553545F544F504439
:104A200049522F7A65706879722F6B65726E656C6A
:104A30002F74696D65736C6963696E672E630028F6
:104A40002874696D656F75742920262620282875BD
:104A5000696E747074725F74292028736C69636561
:104A60005F74696D656F7574732929203C3D20283A
:104A70002875696E747074725F7429202874696D6A
:104A8000656F7574292920262620282875696E747B
:104A90007074725F7429202874696D656F7574294C
:104AA00029203C20282875696E747074725F7429FF
:104AB00020282628736C6963655F74696D656F755E
:104AC0007473295B282873697A655F742920282804
:104AD00028696E74292073697A656F662863686136
:104AE000725B31202D2032202A202128215F5F6235
:104AF00075696C74696E5F74797065735F636F6DEF
:104B000070617469626C655F70285F5F747970654D
:104B10006F665F5F28736C6963655F74696D656F4D
:104B2000757473292C205F5F747970656F665F5FA1
:104B3000282628736C6963655F74696D656F757489
:104B400073295B305D2929295D29202D20312920F9
:104B50002B202873697A656F6628736C6963655FBB
:104B600074696D656F75747329202F2073697A6578
:104B70006F662828736C6963655F74696D656F750E
:104B80007473295B305D292929295D29292026266E
:104B90002028282875696E747074725F7429202823
:104BA00074696D656F75742929202D202828756911
:104BB0006E747074725F74292028736C6963655F0A
:104BC00074696D656F7574732929292025207369AF
:104BD0007A656F662828736C6963655F74696D65B3
:104BE0006F757473295B305D29203D3D20302900AD
:104BF000574553545F544F504449522F7A6570685B
:104C000079722F6B65726E656C2F74696D656F7547
:104C1000742E6300217379735F646E6F64655F69DE
:104C2000735F6C696E6B65642826746F2D3E6E6FC2
:104C300064652900574553545F544F504449522FDF
:104C40007A65706879722F6B65726E656C2F706F04
:104C50006C6C2E630009696E76616C696420657600
:104C6000656E742074797065202830782578290A5B
:104C70000A006576656E742D3E73656D20213D20BA
:104C80002828766F6964202A2930290009696E7600
:104C9000616C69642073656D6170686F72650A0A82
:104CA000006576656E742D3E717565756520213DD4
:104CB000202828766F6964202A2930290009696E26
:104CC00076616C69642071756575650A0A006576A0
:104CD000656E742D3E7369676E616C20213D2028DE
:104CE00028766F6964202A2930290009696E766167
:104CF0006C696420706F6C6C207369676E616C0AFC
:104D00000A006576656E742D3E6D73677120213DD6
:104D1000202828766F6964202A2930290009696EC5
:104D200076616C6964206D65737361676520717568
:104D30006575650A0A006576656E742D3E7069704A
:104D40006520213D202828766F6964202A29302992
:104D50000009696E76616C696420706970650A0A81
:104D60000009696E76616C6964206576656E7420F1
:104D7000747970650A0A00574553545F544F504484
:104D800049522F7A65706879722F6B65726E656C07
:104D90002F6D656D706F6F6C2E6300616C69676E4F
:104DA000203D3D2030207C7C20282875696E747061
:104DB00074725F74296D656D20262028616C6967A7
:104DC0006E202D20312929203D3D203000096D69BC
:104DD00073616C69676E6564206D656D6F727920B3
:104DE00061742025702028616C69676E203D202544
:104DF0007A75290A002A2A2A20426F6F74696E6721
:104E0000205A6570687972204F53206275696C640E
:104E10002076342E322E30202A2A2A0A00286E7557
:0C4E20006C6C29002A666C6F61742A001B
:104E2C000000000000000000000000000000000076
:104E3C000000000000000000000000000000000066
:104E4C000000000000000000000000000000000056
:104E5C000000000000000000000000000000000046
:104E6C000000000000000000000000000000000036
:104E7C000000000000000000000000000000000026
:104E8C000000000000000000000000000000000016
:104E9C000000000000000000000000000000000006
:104EAC0000000000000000000000000000000000F6
:104EBC0000000000000000000000000000000000E6
:104ECC0000000000000000000000000000000000D6
:104EDC0000000000000000000000000000000000C6
:104EEC0000000000000000008D70000000000000B9
:104EFC0000000000000000000000000000000000A6
:104F0C000000000000000000000000000000000095
:104F1C000000000000000000000000000000000085
:104F2C000000000000000000000000000000000075
:104F3C000000000000000000000000000000000065
:104F4C000000000000000000000000000000000055
:104F5C000000000000000000000000000000000045
:104F6C000000000000000000000000000000000035
:104F7C000000000000000000000000000000000025
:104F8C000000000000000000000000000000000015
:104F9C003CE90200000000001F00000000000000BF
:104FAC00FFFFFFFFFF1F0000FFFFFFFF01000000DE
:104FBC00358202004D82020000000000000000005B
:104FCC00000000000000000033820200000000001E
:104FDC00B606002000000200C706002000000800F2
:104FEC009D840200A8EE0200114E0000000000009B
:104FFC0000000000000000001D8F020000000000F7
:10500C00018F0200E4010020E401002000000000F8
:10501C00000000000E00000000000000056400000D
:10502C000000000000000000000000003D9A02009B
:10503C0000000000000000000000000051690000AA
:10504C0000000000000000000000000025820000AD
:10505C0000000000000000000000000009810000BA
:10506C00000000000000000000000000A58C000003
:10507C000000000000000000000000008D86000011
:10508C000000000000000000680200206802002000
:10509C0000000000000000000D9B000045A7000070
:1050AC005BAE02000000000000000000619F0000E9
:1050BC00CDAB0200FDAA0200D19900000000000057
:1050CC0000000000000000000000000000000000D4
:1050DC0000000000EDBF0000000000000000000018
:1050EC008BBC02000000000000000000000000006B
:1050FC0070140300000002007C14030000000A007E
:10510C008C140300000020000000000000000000D0
:10511C000000000000000000C3B502000000000009
:10512C00A014030000000200AC14030000000200F5
:10513C00B81403000000020018030020180300201C
:10514C0000000000000000000E0000002C030020F6
:10515C002C03002001CC0000000000000000000027
:10516C00D3C402000000000000000000000000009A
:10517C009C36002000000000D50301000000000058
:10518C00A436002000000000E1F300000000000045
:10519C00AC36002000000000759B010000000000F0
:1051AC00B436002000000000759B010000000000D8
:1051BC00BC360020000000004DF000000000000094
:1051CC00A03F002000000000DDA70100000000004F
:1051DC00B83F002000000000759B0100000000009B
:1051EC00C03F002000000000611C01000000000016
:1051FC003C4000200000000075260100000000006B
:10520C004440002000000000759B010000000000DD
:10521C004C400020000000000D28010000000000A0
:10522C005440002000000000A133010000000000E9
:10523C00184400200000000068440020000000001A
:10524C004846002000000000F84600200000000046
:10525C00E5B4010000000000E4490020000000005B
:10526C004998010000000000104A002000000000D6
:10527C00759B0100000000002C4E00200000000077
:10528C0011E1000000000000244E0020000000008E
:10529C0011E10000000000001C4E00200000000086
:1052AC0089DD000000000000144E0020000000000A
:1052BC0011E10000000000000C4E00200000000076
:1052CC0089DD000000000000044E002000000000FA
:1052DC0011E1000000000000CDCD01000000000035
:1052EC00000000000000000000000000900A030015
:1052FC0001000000D4040020D404002000000000B1
:10530C0001000000E4040020E4040020EC04002070
:10531C00EC0400200000000001000000FC04002050
:10532C00FC04002000000000000000000000000051
:10533C000000000000000000000000000000000061
:10534C0000000000000000009CE9020000000000CA
:10535C0000000000BB610020B361002000000000D1
:10536C000000000000000000000000000000000031
:10537C000000000000000000000000000000000021
:10538C000000000000000000000000000000000011
:10539C000000000000000000000000000000000001
:1053AC0000000000000000000000000000000000F1
:1053BC0000000000000000000000000000000000E1
:1053CC0000000000000000000000000008000000C9
:1053DC00FF000000000000000300000000000000BF
:1053EC00C7E60200655A0000815A000090020000D6
:1053FC00D0050020D005002004000101A0702194EC
:10540C003FE58F0D4F151B0000517F060200000079
:10541C000000000000000000000000000000000080
:10542C000000000000000000000000000000000070
:10543C000000000000000000000000000000000060
:10544C000000000000000000000000000000000050
:10545C000000000000000000000000000000000040
:10546C000000000000000000000000000000000030
:10547C000000000000000000000000000000000020
:10548C000000000000000000000000000000000010
:10549C000000000000000000000000000000000000
:1054AC0000000000000000000000000000000000F0
:1054BC0000000000000000000000000000000000E0
:1054CC0000000000000000000000000000000000D0
:1054DC000000000000000201A07021943FE58F0D38
:1054EC004F151B0200517F0201A07021943FE58FE4
:1054FC000D4F151B0100517F0201A07021943FE557
:0A550C008F0D4F151B0000517F01A9
:105516000000000000000000000000000000000085
:0A552600000000000000000000007B
:105534000000000000000000256E020000000000D2
:1055440000000000000000002007002020070020C9
:1055540087C70200000000000000000000000000F7
:0855640000000000000000003F
:10556C004007002040070020000000007845012083
:10557C0000000000010000003000000000000000EE
:10558C00600700206007002000000000F8DD00200C
:10559C000000000008000000000A000000000000ED
:1055AC0080070020800700200000000040BD002084
:1055BC000000000001000000B80000000000000026
:1055CC00A0070020A007002000000000A845012033
:1055DC0000000000030000001C00000000000000A0
:1055EC0000000000F8BD00200020000000000000BA
:0855FC000000000000000000A7
:10560400D8070020D8070020000000000000000098
:105614000E000000EC070020EC0700200000000052
:10562400000000000E000000000800200008002018
:0C56340000000000000000000E0000005C
:10564000140800201408002000000000FFFFFFFFE6
:085650002408002024080020BA
:1056580000000000000000000000000038080020E2
:0C56680038080020400800204008002006
:1056740000000000000000000000000054080020AA
:10568400540800205C0800205C0800200000000092
:10569400030003001000000000000000E8EF020017
:1056A4008041012000000000000000000000000014
:1056B4008808002088080020900800209008002016
:1056C400000000000300030010000000C59D00005E
:1056D40010F102000045012000000000000000005D
:1056E40000000000BC080020BC080020C408002002
:1056F400C4080020000000000300030000000000B4
:105704000000000010EF0200D43B01200000000064
:105714000000000000000000F0080020F008002055
:10572400F8080020F8080020000000000100010033
:1057340010000000E1840000D8EF0200583E012070
:105744000000000000000000000000002409002008
:10575400240900202C0900202C090020000000004E
:10576400030003000000000000000000C8EF020076
:10577400103E0120000000000000000000000000B6
:105784005809002058090020600900206009002001
:10579400000000000C000C00040000006D66000016
:1057A40000EF0200F83901200000000000000000B2
:1057B400000000008C0900208C09002094090020BE
:1057C4009409002000000000010001000000000016
:0C57D4000000000020EF0200203D01203A
:0457E00015E015E0DB
:040000030000531195
:00000001FF
